generation number, individual number,fitness, string representation of candidate 
0, 0, [853.166666666667, 54786.2564458678, 43736.4846080899, 24.087818867946], [1, 2, 3, 4, 5, 6, 7, 3, 3, 3, 3, 3, 3, 3, 3, 3, 3, 3, 3, 3, 3, 3, 3, 3, 3, 3, 3, 3, 3, 3, 3, 3, 3, 3, 3, 3, 3, 3, 3, 3, 3, 3, 3, 3, 3, 3, 3, 3, 3, 3, 3, 3, 3, 3, 3, 3, 3, 3, 3, 3, 3, 3, 3, 3, 3, 3, 3, 3, 3, 3, 3, 3, 3, 3, 3, 3, 3, 3, 3, 3, 3, 3, 3, 3, 3, 3, 3, 3, 3, 3, 3, 3, 3, 3, 3, 3, 3, 3, 3, 3, 3, 3, 3, 3, 3, 3, 3, 3, 3, 3, 6, 3, 3, 3, 3, 3, 3, 6, 6, 3, 3, 3, 3, 3, 3, 3, 6, 7, 3, 3, 3, 3, 6, 3, 3, 3, 3, 6, 7, 6, 3, 3, 3, 6, 6, 3, 3, 3, 3, 7, 3, 7, 3, 3, 3, 3, 3, 3, 6, 3, 3, 3, 3, 3, 3, 7, 7, 3, 3, 3, 3, 3, 3, 7, 6, 3, 3, 3, 3, 3, 3, 3, 3, 7, 3, 3, 3, 3, 3, 3, 3, 3, 3, 3, 3, 3, 3, 3, 3, 6, 6, 3, 3, 3, 3, 3, 3, 3, 3, 7, 6, 3, 3, 3, 3, 3, 3, 3, 3, 7, 3, 3, 3, 3, 3, 3, 3, 3, 3, 3, 3, 3, 3, 3, 3, 3, 3, 3, 3, 7, 3, 3, 3, 3, 3, 3, 3, 3, 3, 3, 3, 3, 3, 3, 3, 3, 3, 3, 3, 3, 3, 3, 3, 3, 3, 3, 3, 3, 3, 3, 3, 3, 3, 3, 3, 3, 7, 3, 3, 3, 3, 3, 3, 3, 3, 6, 3, 3, 3, 3, 3, 3, 3, 3, 3, 3, 3, 3, 3, 3, 3, 3, 3, 6, 3, 3, 3, 3, 3, 3, 3, 3, 3, 6, 3, 3, 3, 3, 3, 3, 3, 3, 3, 6, 3, 3, 3, 3, 3, 3, 3, 3, 3, 3, 3, 7, 3, 3, 3, 3, 3, 3, 3, 3, 3, 3, 3, 3, 3, 3, 3, 3, 3, 3, 3, 3, 3, 3, 3, 3, 3, 3, 3, 3, 3, 3, 3, 3, 6, 3, 3, 3, 3, 3, 3, 3, 3, 3, 3, 3, 3, 3, 6, 3, 3, 3, 3, 3, 3, 3, 3, 3, 3, 3, 6, 3, 3, 3, 3, 3, 3, 3, 3, 3, 3, 3, 6, 3, 3, 3, 3, 3, 3, 3, 3, 3, 3, 3, 3, 7, 3, 3, 7, 3, 3, 3, 3, 3, 3, 3, 3, 3, 3, 3, 3, 3, 7, 3, 3, 3, 3, 3, 3, 3, 3, 3, 3, 3, 3, 3, 3, 3, 3, 3, 3, 3, 3, 3, 3, 3, 3, 3, 3, 3, 7, 3, 3, 3, 3, 3, 3, 3, 3, 3, 3, 3, 3, 3, 3, 3, 3, 3, 3, 3, 3, 3, 3, 3, 3, 3, 3, 3, 3, 3, 3, 7, 3, 3, 3, 3, 3, 3, 3, 3, 3, 3, 7, 3, 3, 3, 6, 3, 3, 3, 3, 3, 3, 7, 3, 3, 3, 6, 3, 3, 3, 3, 3, 3, 3, 3, 3, 6, 3, 3, 3, 3, 3, 3, 3, 6, 6, 3, 3, 3, 3, 3, 3, 3, 3, 3, 6, 3, 3, 6, 3, 3, 3, 3, 3, 3, 3, 6, 6, 3, 3, 3, 3, 3, 3, 3, 3, 3, 7, 6, 6, 3, 6, 3, 3, 3, 7, 3, 3, 3, 6, 6, 6, 3, 3, 3, 3, 7, 3, 7, 3, 6, 3, 3, 3, 6, 7, 7, 7, 6, 3, 3, 6, 6, 3, 3, 7, 7, 7, 7, 7, 7, 6, 6, 3, 3, 3, 3, 6, 7, 7, 3, 7, 7, 7, 3, 6, 6, 3, 3, 6, 3, 3, 3, 7, 3, 3, 7, 7, 3, 3, 6, 6, 6, 6, 3, 3, 3, 7, 7, 6, 7, 3, 3, 3, 6, 6, 3, 3, 3, 7, 3, 6, 3, 3, 3, 3, 3, 3, 6, 6, 6, 7, 3, 7, 7, 7, 3, 3, 3, 6, 6, 6, 3, 7, 3, 3, 3, 3, 3, 3, 3, 3, 6, 6, 6, 7, 3, 3, 3, 3, 3, 3, 3, 3, 6, 6, 6, 7, 3, 3, 3, 3, 3, 3, 3, 3, 3, 6, 6, 3, 3, 3, 3, 6, 3, 3, 3, 3, 3, 3, 3, 3, 3, 3, 3, 3, 3, 3, 3, 3, 3, 3, 3, 3, 3, 3, 3, 3, 3, 3, 3, 3, 7, 3, 3, 3, 3, 3, 3, 3, 7, 7, 3, 3, 3, 3, 3, 3, 3, 3, 7, 7, 3, 3, 6, 3, 3, 3, 3, 3, 3, 3, 3, 3, 3, 7, 3, 3, 3, 3, 3, 7, 7, 3, 3, 3, 3, 3, 3, 3, 3, 3, 3, 7, 3, 3, 3, 3, 3, 3, 3, 3, 3, 3, 3, 3, 3, 3, 3, 3, 3, 3, 3, 3, 3, 3, 3, 3, 3, 3, 3, 3, 3, 3, 3, 3, 6, 6, 3, 3, 3, 3, 3, 3, 3, 3, 3, 6, 6, 3, 3, 3, 3, 3, 3, 3, 3, 6, 3, 3, 3, 3, 3, 3, 3, 3, 3, 3, 3, 6, 3, 3, 3, 3, 3, 3, 3, 3, 3, 6, 6, 3, 3, 3, 3, 3, 3, 3, 3, 3, 6, 6, 3, 3, 3, 3, 3, 3, 3, 3, 6, 3, 3, 3, 3, 3, 3, 7, 3, 3, 6, 3, 3, 3, 3, 3, 3, 3, 3, 3, 3, 3, 3, 3, 3, 3, 3, 3, 3, 6, 3, 3, 3, 3, 3, 3, 3, 3, 3, 3, 3, 3, 6, 3, 3, 3, 7, 3, 3, 6, 3, 3, 3, 3, 3, 3, 3, 3, 6, 6, 3, 6, 6, 3, 3, 3, 3, 3, 3, 6, 6, 6, 6, 6, 3, 3, 3, 3, 3, 6, 6, 6, 6, 6, 6, 3, 3, 3, 3, 3, 6, 6, 6, 6, 6, 6, 6, 3, 3, 3, 6, 6, 7, 6, 6, 6, 6, 3, 3, 3, 3, 6, 6, 3, 6, 6, 6, 6, 6, 6, 3, 3, 6, 6, 6, 3, 3, 3, 3, 6, 6, 3, 3, 3, 3, 3, 6, 3, 3, 6, 6, 3, 3, 3, 3, 3, 6, 6, 3, 3, 3, 6, 3, 3, 3, 3, 3, 6, 3, 3, 3, 6, 3, 3, 3, 3, 3, 6, 6, 6, 3, 7, 3, 6, 6, 3, 3, 3, 3, 3, 6, 3, 3, 3, 6, 6, 6, 3, 3, 3, 3, 6, 6, 6, 3, 3, 6, 6, 6, 3, 3, 3, 3, 6, 6, 3, 3, 3, 6, 6, 3, 3, 3, 3, 3, 3, 6, 6, 3, 3, 6, 6, 3, 3, 3, 3, 3, 3, 6, 6, 7, 6, 6, 6, 3, 3, 3, 3, 3, 6, 6, 7, 3, 6, 6, 3, 3, 3, 3, 7, 3, 6, 6, 3, 6, 6, 6, 3, 7, 3, 3, 6, 6, 6, 3, 6, 3, 3, 3, 3, 3, 6, 6, 6, 6, 3, 3, 3, 3, 3, 3, 7, 3, 6, 6, 6, 6, 3, 3, 3, 3, 3, 3, 3, 6, 6, 6, 6, 3, 3, 3, 3, 3, 3, 7, 3, 6, 6, 6, 3, 3, 3, 3, 3, 7, 3, 7, 6, 6, 3, 3, 3, 3, 3, 3, 7, 6, 3, 3, 3, 7, 3, 3, 3, 3, 3, 3]
0, 1, [4265.31666666667, 35523.2977648181, 42481.6854810276, 31.6175945832726], [6, 4, 5, 2, 3, 7, 7, 5, 1, 1, 2, 1, 3, 5, 6, 1, 4, 4, 3, 6, 6, 6, 6, 7, 5, 1, 7, 3, 7, 2, 4, 5, 3, 3, 7, 3, 6, 3, 6, 7, 2, 3, 2, 2, 4, 5, 3, 1, 4, 4, 2, 2, 1, 5, 7, 4, 5, 7, 6, 5, 5, 2, 4, 1, 2, 1, 2, 2, 6, 1, 6, 2, 1, 6, 3, 1, 6, 4, 3, 5, 4, 5, 1, 1, 3, 2, 3, 1, 3, 3, 1, 6, 2, 2, 3, 1, 4, 7, 1, 4, 2, 2, 6, 7, 3, 3, 1, 3, 7, 7, 6, 3, 6, 4, 6, 1, 1, 6, 7, 2, 5, 7, 6, 7, 4, 1, 7, 7, 6, 4, 5, 5, 6, 2, 2, 4, 1, 6, 7, 7, 1, 6, 1, 7, 7, 6, 6, 6, 1, 7, 5, 7, 7, 1, 5, 6, 4, 3, 7, 5, 2, 6, 4, 2, 5, 7, 7, 1, 7, 6, 5, 3, 4, 7, 7, 7, 4, 1, 2, 7, 3, 5, 5, 7, 5, 2, 5, 5, 5, 2, 7, 6, 6, 6, 3, 7, 6, 1, 7, 7, 6, 5, 3, 4, 3, 6, 1, 5, 3, 7, 6, 2, 3, 1, 3, 3, 7, 3, 1, 7, 6, 3, 4, 1, 7, 3, 2, 3, 1, 6, 7, 2, 6, 7, 1, 3, 7, 6, 2, 7, 2, 6, 7, 7, 7, 5, 7, 1, 5, 1, 3, 5, 4, 3, 3, 3, 2, 2, 5, 2, 3, 1, 3, 2, 6, 3, 4, 1, 2, 2, 4, 2, 4, 6, 6, 4, 7, 4, 6, 7, 5, 6, 7, 1, 4, 6, 5, 6, 2, 5, 7, 1, 2, 5, 6, 7, 5, 1, 2, 7, 5, 3, 4, 6, 3, 3, 5, 5, 3, 3, 5, 4, 7, 7, 1, 7, 2, 1, 4, 1, 1, 4, 3, 6, 7, 5, 6, 1, 4, 7, 4, 6, 5, 4, 6, 7, 1, 3, 6, 5, 5, 7, 7, 5, 1, 2, 7, 5, 2, 5, 1, 1, 4, 3, 1, 7, 2, 4, 4, 6, 2, 2, 1, 6, 4, 2, 2, 3, 6, 3, 2, 7, 1, 2, 6, 7, 7, 1, 3, 2, 5, 1, 6, 6, 4, 4, 5, 1, 3, 1, 3, 3, 5, 7, 6, 1, 7, 7, 6, 3, 3, 4, 7, 3, 7, 6, 7, 2, 2, 4, 2, 1, 7, 6, 1, 2, 6, 3, 6, 7, 2, 6, 7, 5, 1, 3, 1, 4, 3, 5, 7, 5, 7, 2, 1, 7, 7, 4, 1, 6, 6, 1, 4, 7, 5, 7, 2, 3, 7, 5, 6, 7, 7, 2, 3, 1, 5, 4, 3, 2, 2, 3, 4, 1, 7, 3, 5, 6, 7, 6, 1, 6, 7, 2, 7, 7, 5, 1, 7, 2, 3, 4, 6, 1, 4, 5, 5, 4, 4, 1, 7, 5, 1, 4, 2, 7, 5, 4, 3, 2, 7, 1, 7, 3, 4, 1, 7, 1, 5, 1, 7, 3, 6, 2, 2, 2, 1, 7, 6, 6, 7, 6, 7, 2, 4, 1, 3, 7, 5, 3, 4, 6, 5, 1, 5, 5, 3, 4, 1, 6, 6, 5, 2, 2, 7, 4, 3, 7, 3, 2, 6, 3, 3, 6, 1, 1, 5, 1, 7, 6, 6, 6, 7, 6, 7, 5, 1, 5, 6, 3, 4, 6, 7, 7, 6, 3, 7, 2, 7, 4, 7, 2, 1, 3, 7, 6, 6, 2, 4, 1, 5, 7, 2, 7, 2, 6, 4, 7, 5, 6, 7, 7, 7, 7, 3, 6, 6, 7, 3, 1, 7, 7, 7, 7, 7, 7, 6, 6, 2, 6, 6, 1, 7, 7, 7, 2, 7, 7, 7, 1, 6, 7, 6, 4, 7, 5, 4, 7, 7, 5, 1, 7, 7, 1, 2, 7, 7, 7, 7, 5, 3, 7, 7, 7, 7, 7, 6, 2, 7, 7, 6, 3, 1, 7, 7, 2, 7, 5, 6, 3, 5, 2, 6, 7, 6, 6, 7, 5, 7, 7, 7, 1, 2, 5, 6, 7, 6, 3, 7, 1, 5, 4, 7, 2, 7, 4, 7, 7, 6, 7, 7, 4, 5, 7, 5, 3, 3, 4, 3, 6, 6, 7, 7, 7, 2, 1, 3, 1, 2, 6, 2, 2, 6, 7, 3, 1, 1, 3, 6, 7, 1, 5, 6, 5, 3, 4, 2, 7, 2, 5, 3, 4, 3, 4, 1, 2, 7, 7, 1, 6, 4, 3, 3, 6, 2, 7, 3, 7, 1, 4, 3, 6, 2, 7, 6, 7, 7, 7, 7, 5, 3, 4, 5, 5, 5, 7, 7, 2, 6, 7, 3, 5, 3, 4, 1, 2, 1, 2, 4, 3, 7, 5, 1, 4, 4, 4, 7, 7, 3, 2, 7, 2, 2, 4, 7, 4, 2, 6, 7, 3, 2, 7, 4, 2, 5, 6, 7, 4, 7, 7, 7, 3, 7, 4, 4, 4, 5, 6, 6, 5, 4, 5, 1, 7, 1, 4, 5, 6, 6, 2, 6, 7, 7, 4, 5, 6, 2, 7, 3, 4, 1, 6, 6, 6, 1, 7, 4, 2, 3, 3, 3, 7, 6, 2, 3, 5, 4, 4, 1, 4, 2, 5, 1, 6, 7, 1, 1, 7, 5, 4, 7, 4, 6, 5, 7, 6, 4, 2, 2, 5, 1, 6, 6, 2, 6, 6, 6, 1, 2, 2, 1, 5, 7, 2, 5, 7, 1, 7, 4, 5, 3, 4, 7, 2, 4, 6, 4, 1, 4, 1, 2, 1, 5, 4, 4, 6, 2, 7, 3, 7, 3, 5, 7, 4, 6, 1, 3, 4, 6, 5, 1, 7, 2, 6, 1, 4, 7, 6, 1, 6, 7, 7, 1, 6, 6, 6, 6, 6, 3, 6, 7, 3, 5, 7, 6, 7, 6, 6, 5, 7, 1, 5, 4, 3, 6, 7, 6, 7, 6, 7, 7, 6, 4, 2, 6, 6, 6, 6, 7, 6, 7, 3, 5, 7, 5, 7, 6, 6, 7, 6, 6, 7, 7, 1, 2, 7, 6, 7, 6, 7, 7, 6, 4, 6, 3, 5, 7, 7, 7, 6, 7, 6, 7, 6, 6, 1, 3, 6, 6, 6, 2, 4, 2, 3, 7, 6, 6, 3, 1, 1, 2, 7, 7, 5, 6, 6, 3, 7, 4, 3, 3, 6, 6, 6, 1, 5, 7, 5, 2, 3, 6, 1, 7, 1, 1, 7, 6, 4, 3, 5, 7, 3, 6, 7, 7, 5, 7, 4, 6, 7, 2, 6, 2, 2, 2, 6, 2, 1, 6, 6, 6, 7, 6, 7, 6, 7, 6, 7, 6, 2, 6, 6, 6, 6, 3, 3, 2, 1, 6, 7, 1, 6, 6, 7, 7, 6, 1, 5, 3, 1, 5, 7, 7, 7, 7, 6, 7, 3, 7, 1, 4, 2, 6, 6, 7, 7, 7, 7, 6, 6, 6, 2, 7, 7, 7, 6, 7, 7, 6, 6, 2, 5, 2, 2, 7, 5, 6, 7, 4, 6, 6, 7, 3, 7, 4, 4, 6, 6, 6, 1, 7, 4, 3, 3, 1, 1, 6, 7, 7, 6, 4, 2, 6, 4, 3, 2, 7, 6, 6, 6, 7, 6, 6, 4, 7, 3, 6, 1, 7, 7, 6, 6, 6, 4, 2, 1, 1, 2, 4, 7, 5, 7, 6, 7, 3, 1, 5, 2, 1, 7, 3, 7, 6, 7, 2, 4, 2, 6, 4, 6, 7, 6, 5, 4, 5, 7, 5, 6, 7, 5, 4, 5]
0, 2, [4345.9, 34583.3926466449, 42335.9552300276, 32.1263036677494], [1, 3, 5, 2, 6, 7, 7, 7, 4, 1, 4, 7, 2, 1, 6, 5, 4, 2, 5, 2, 7, 4, 5, 2, 3, 3, 2, 3, 7, 1, 2, 2, 3, 1, 3, 6, 1, 6, 4, 3, 6, 7, 5, 2, 7, 5, 2, 6, 6, 2, 1, 5, 2, 4, 1, 2, 7, 3, 3, 1, 3, 7, 1, 7, 2, 6, 6, 5, 5, 3, 4, 1, 1, 2, 2, 4, 6, 4, 3, 4, 1, 1, 7, 7, 5, 6, 4, 6, 7, 2, 6, 3, 7, 7, 1, 4, 5, 6, 1, 3, 5, 7, 3, 1, 3, 7, 4, 2, 6, 3, 7, 7, 5, 2, 2, 5, 2, 7, 6, 5, 7, 3, 2, 4, 7, 3, 6, 7, 7, 3, 5, 3, 7, 4, 3, 4, 1, 6, 7, 7, 7, 7, 6, 6, 7, 4, 5, 4, 1, 7, 3, 7, 5, 7, 4, 5, 1, 3, 7, 5, 4, 4, 3, 3, 1, 7, 7, 3, 2, 1, 5, 1, 7, 7, 7, 7, 5, 4, 7, 7, 4, 5, 3, 7, 5, 4, 2, 7, 4, 5, 7, 5, 4, 7, 1, 3, 7, 2, 5, 7, 7, 7, 6, 3, 4, 7, 2, 6, 6, 7, 7, 2, 5, 2, 1, 4, 7, 6, 7, 7, 3, 3, 3, 1, 6, 1, 7, 7, 6, 1, 2, 6, 3, 2, 6, 3, 2, 7, 6, 7, 2, 6, 6, 6, 5, 4, 3, 2, 7, 2, 6, 1, 2, 3, 6, 5, 7, 6, 6, 5, 1, 2, 1, 1, 4, 5, 2, 2, 7, 5, 1, 2, 6, 5, 5, 5, 7, 7, 6, 6, 2, 7, 6, 5, 3, 7, 6, 2, 6, 1, 7, 5, 2, 7, 1, 2, 5, 6, 2, 5, 5, 7, 6, 6, 4, 2, 5, 2, 5, 2, 3, 2, 7, 7, 5, 1, 2, 3, 4, 4, 5, 5, 7, 6, 1, 7, 3, 7, 7, 5, 6, 1, 1, 3, 5, 7, 2, 4, 2, 6, 4, 4, 1, 7, 4, 7, 7, 3, 7, 6, 6, 4, 6, 3, 7, 4, 2, 3, 2, 6, 3, 2, 4, 5, 4, 2, 7, 5, 7, 1, 4, 6, 2, 2, 6, 7, 6, 2, 5, 4, 1, 5, 7, 3, 5, 4, 4, 6, 1, 2, 2, 2, 5, 7, 7, 7, 2, 1, 1, 6, 7, 7, 7, 2, 6, 4, 6, 1, 4, 3, 7, 3, 6, 6, 3, 4, 1, 1, 6, 7, 7, 6, 7, 4, 6, 7, 1, 3, 1, 6, 2, 4, 3, 1, 6, 4, 7, 1, 6, 3, 5, 6, 5, 2, 5, 1, 1, 7, 5, 1, 3, 7, 2, 5, 1, 7, 1, 4, 5, 7, 5, 7, 5, 6, 7, 6, 4, 2, 4, 4, 5, 7, 3, 6, 7, 4, 1, 2, 3, 5, 6, 4, 4, 6, 2, 2, 4, 7, 3, 6, 3, 7, 1, 4, 3, 7, 3, 3, 2, 6, 6, 5, 7, 3, 1, 2, 7, 1, 7, 1, 6, 1, 4, 6, 5, 6, 1, 7, 7, 4, 6, 6, 1, 7, 1, 7, 2, 7, 2, 4, 5, 6, 5, 7, 3, 4, 5, 7, 1, 7, 6, 6, 3, 6, 6, 7, 4, 4, 2, 6, 7, 3, 5, 7, 4, 4, 1, 3, 5, 4, 1, 7, 6, 5, 4, 4, 7, 4, 5, 7, 2, 4, 7, 6, 6, 1, 7, 7, 2, 5, 7, 4, 7, 1, 6, 6, 7, 2, 3, 4, 1, 7, 4, 7, 7, 7, 6, 7, 5, 7, 7, 7, 7, 6, 4, 5, 6, 7, 2, 3, 7, 7, 7, 7, 7, 7, 7, 7, 5, 1, 4, 7, 6, 7, 7, 7, 7, 7, 7, 4, 6, 6, 3, 5, 7, 4, 3, 1, 7, 7, 4, 7, 7, 1, 5, 7, 6, 7, 6, 4, 6, 1, 7, 7, 6, 7, 2, 4, 7, 6, 6, 4, 3, 2, 7, 6, 7, 2, 6, 6, 3, 3, 2, 6, 6, 6, 7, 6, 7, 7, 7, 2, 6, 4, 6, 7, 6, 1, 7, 5, 3, 3, 6, 6, 1, 2, 1, 6, 7, 6, 7, 3, 7, 3, 5, 5, 1, 4, 6, 7, 7, 6, 7, 3, 1, 3, 7, 2, 2, 1, 3, 5, 7, 6, 2, 6, 4, 2, 7, 4, 4, 4, 6, 4, 3, 4, 5, 7, 3, 4, 4, 4, 3, 2, 4, 4, 2, 3, 3, 1, 1, 7, 6, 1, 7, 4, 6, 7, 3, 3, 7, 6, 2, 4, 5, 7, 7, 6, 1, 6, 7, 2, 3, 7, 4, 7, 7, 1, 7, 6, 5, 3, 1, 4, 7, 1, 1, 1, 4, 3, 7, 2, 7, 5, 6, 4, 7, 7, 2, 1, 3, 2, 2, 4, 5, 4, 2, 5, 7, 3, 7, 5, 1, 1, 5, 5, 5, 6, 2, 6, 7, 7, 2, 5, 4, 5, 1, 7, 3, 3, 2, 3, 2, 7, 6, 1, 6, 5, 6, 7, 3, 7, 6, 1, 1, 1, 7, 1, 7, 3, 1, 1, 6, 6, 5, 3, 5, 4, 7, 3, 2, 2, 6, 1, 7, 7, 1, 5, 2, 4, 2, 7, 7, 2, 6, 1, 6, 4, 6, 1, 4, 2, 5, 4, 6, 6, 6, 1, 6, 3, 5, 5, 1, 1, 3, 7, 6, 7, 7, 3, 6, 2, 4, 6, 4, 6, 3, 1, 3, 7, 6, 2, 7, 2, 3, 7, 3, 4, 2, 7, 7, 5, 5, 2, 1, 4, 5, 6, 5, 1, 7, 3, 7, 5, 6, 1, 2, 7, 6, 7, 2, 7, 3, 3, 1, 3, 7, 6, 2, 2, 1, 7, 4, 5, 7, 4, 7, 7, 7, 6, 5, 7, 5, 7, 7, 1, 6, 6, 6, 3, 5, 2, 6, 1, 6, 7, 6, 7, 7, 3, 1, 7, 3, 2, 7, 6, 6, 7, 7, 6, 4, 3, 5, 7, 7, 7, 6, 6, 7, 6, 7, 6, 7, 3, 3, 6, 7, 7, 7, 7, 7, 6, 5, 3, 4, 4, 6, 6, 1, 7, 7, 7, 7, 6, 7, 4, 3, 6, 6, 7, 6, 1, 1, 1, 7, 7, 5, 7, 4, 5, 1, 6, 5, 6, 6, 6, 4, 5, 2, 3, 2, 7, 7, 3, 6, 1, 7, 1, 6, 6, 6, 4, 6, 2, 1, 6, 7, 6, 1, 2, 2, 3, 6, 7, 6, 7, 7, 2, 6, 7, 4, 7, 6, 1, 6, 7, 6, 7, 2, 7, 7, 6, 1, 7, 2, 2, 6, 6, 7, 2, 3, 7, 6, 7, 2, 6, 6, 5, 6, 6, 1, 7, 3, 6, 6, 3, 1, 3, 3, 1, 5, 6, 6, 7, 1, 7, 6, 4, 4, 1, 6, 7, 1, 7, 7, 7, 6, 6, 7, 1, 1, 3, 3, 1, 7, 7, 7, 1, 6, 6, 2, 4, 4, 2, 7, 5, 6, 6, 4, 7, 6, 7, 7, 7, 5, 2, 7, 7, 7, 1, 6, 3, 1, 3, 7, 7, 6, 6, 7, 6, 3, 1, 4, 5, 7, 6, 7, 3, 7, 6, 6, 6, 7, 6, 7, 5, 4, 7, 2, 6, 6, 7, 7, 5, 1, 4, 1, 4, 6, 7, 7, 7, 6, 6, 4, 1, 6, 1, 7, 7, 1, 7, 7, 6, 4, 3, 6, 1, 5, 4, 7, 6, 6, 1, 2, 7, 1, 6, 4, 3, 6, 6]
0, 3, [4201.18333333333, 35422.293503536, 42389.9070528018, 31.7619901485721], [2, 4, 1, 1, 2, 7, 7, 3, 1, 2, 7, 4, 3, 2, 3, 3, 1, 3, 7, 2, 3, 2, 1, 6, 3, 1, 4, 6, 2, 3, 2, 5, 2, 2, 6, 1, 5, 6, 2, 6, 2, 1, 2, 5, 1, 2, 5, 1, 1, 4, 3, 3, 1, 4, 4, 5, 6, 4, 2, 3, 4, 3, 6, 2, 5, 5, 6, 3, 3, 7, 2, 4, 3, 7, 7, 4, 6, 7, 2, 7, 7, 2, 6, 6, 6, 5, 7, 3, 4, 6, 5, 6, 1, 7, 4, 5, 4, 3, 7, 1, 7, 4, 2, 5, 7, 5, 5, 6, 7, 6, 6, 2, 3, 1, 4, 1, 3, 7, 6, 3, 2, 6, 5, 3, 2, 7, 7, 7, 4, 5, 1, 4, 7, 4, 5, 4, 2, 6, 7, 7, 4, 6, 6, 7, 6, 6, 1, 4, 6, 7, 6, 7, 3, 3, 6, 5, 3, 5, 7, 1, 1, 2, 7, 7, 4, 7, 7, 5, 4, 7, 2, 6, 5, 7, 6, 3, 1, 5, 3, 3, 6, 7, 7, 7, 6, 7, 1, 1, 6, 4, 5, 3, 6, 5, 1, 6, 7, 3, 6, 6, 6, 3, 6, 1, 5, 4, 3, 2, 7, 7, 7, 3, 4, 6, 3, 4, 4, 4, 5, 7, 4, 4, 5, 4, 3, 7, 5, 6, 5, 5, 1, 3, 1, 5, 3, 2, 5, 6, 2, 7, 5, 5, 6, 4, 5, 7, 5, 7, 3, 7, 4, 6, 1, 2, 5, 3, 4, 2, 7, 2, 1, 2, 1, 6, 3, 5, 4, 2, 3, 2, 5, 1, 3, 7, 6, 1, 7, 1, 5, 6, 7, 7, 5, 7, 2, 6, 7, 3, 5, 3, 6, 3, 2, 6, 1, 4, 1, 6, 3, 6, 2, 7, 4, 6, 2, 4, 6, 1, 1, 1, 7, 2, 5, 6, 2, 2, 4, 1, 1, 1, 7, 2, 4, 6, 5, 7, 3, 6, 4, 2, 3, 2, 7, 4, 1, 7, 2, 3, 3, 3, 3, 4, 3, 1, 6, 3, 1, 4, 4, 3, 2, 2, 4, 7, 1, 4, 3, 5, 3, 7, 5, 3, 3, 4, 5, 6, 6, 4, 7, 3, 3, 6, 3, 2, 1, 5, 7, 2, 4, 4, 7, 3, 7, 5, 2, 7, 6, 1, 4, 5, 6, 5, 6, 4, 6, 1, 3, 5, 1, 6, 3, 3, 5, 3, 5, 7, 6, 7, 2, 6, 4, 4, 4, 2, 5, 2, 1, 2, 1, 7, 3, 6, 7, 7, 3, 6, 3, 3, 3, 6, 4, 1, 7, 6, 2, 7, 7, 4, 4, 2, 7, 1, 1, 7, 2, 3, 4, 4, 2, 4, 3, 2, 4, 3, 5, 5, 7, 4, 7, 7, 3, 1, 6, 4, 7, 6, 3, 4, 4, 3, 1, 3, 4, 4, 4, 3, 6, 2, 5, 3, 1, 7, 2, 2, 7, 4, 4, 6, 3, 4, 6, 6, 3, 1, 6, 7, 1, 4, 3, 3, 6, 1, 3, 3, 3, 2, 7, 7, 7, 1, 6, 4, 3, 2, 2, 6, 3, 7, 6, 3, 7, 7, 5, 6, 2, 7, 6, 3, 2, 2, 6, 6, 1, 2, 3, 2, 6, 5, 1, 7, 7, 6, 4, 5, 2, 4, 6, 1, 1, 6, 7, 5, 1, 7, 6, 1, 5, 7, 1, 5, 2, 6, 7, 6, 2, 4, 7, 6, 2, 2, 6, 1, 7, 7, 7, 2, 6, 7, 3, 3, 7, 1, 7, 6, 7, 7, 7, 4, 5, 1, 1, 7, 4, 7, 1, 6, 4, 2, 7, 6, 7, 7, 7, 7, 2, 5, 7, 6, 7, 1, 7, 7, 7, 7, 7, 7, 7, 6, 3, 3, 3, 4, 6, 7, 7, 1, 7, 7, 7, 6, 6, 7, 7, 5, 7, 5, 1, 3, 7, 6, 5, 7, 7, 5, 5, 7, 6, 6, 6, 6, 7, 3, 7, 7, 6, 7, 4, 1, 4, 6, 6, 7, 3, 2, 7, 1, 6, 3, 7, 6, 4, 6, 3, 6, 7, 6, 7, 5, 7, 7, 7, 7, 7, 6, 7, 7, 7, 4, 7, 2, 7, 6, 7, 2, 1, 5, 6, 6, 6, 6, 7, 6, 7, 3, 4, 1, 1, 2, 7, 6, 6, 6, 7, 5, 6, 7, 4, 7, 5, 7, 4, 3, 6, 6, 6, 4, 1, 3, 6, 5, 6, 1, 3, 6, 5, 1, 3, 5, 6, 5, 5, 7, 6, 4, 1, 4, 4, 2, 5, 1, 4, 6, 2, 5, 7, 3, 4, 7, 6, 3, 4, 3, 5, 4, 5, 7, 7, 4, 7, 3, 5, 4, 4, 7, 1, 7, 7, 5, 1, 6, 5, 4, 4, 2, 6, 1, 3, 3, 1, 1, 7, 3, 1, 5, 3, 7, 7, 7, 2, 1, 1, 4, 1, 3, 6, 7, 7, 4, 7, 4, 2, 1, 4, 5, 6, 3, 3, 7, 5, 7, 1, 1, 5, 7, 2, 6, 5, 2, 4, 6, 3, 1, 2, 4, 3, 6, 3, 4, 1, 1, 7, 6, 7, 1, 2, 5, 5, 1, 6, 4, 7, 6, 7, 6, 7, 6, 3, 2, 2, 6, 3, 3, 7, 6, 6, 1, 2, 7, 2, 4, 3, 2, 7, 5, 6, 4, 1, 3, 5, 1, 7, 2, 3, 7, 6, 7, 6, 7, 5, 6, 3, 6, 4, 4, 6, 6, 6, 1, 7, 2, 7, 5, 2, 5, 6, 6, 6, 6, 1, 5, 1, 6, 7, 6, 7, 6, 1, 4, 5, 1, 7, 2, 3, 2, 5, 5, 5, 3, 7, 2, 2, 6, 2, 7, 6, 5, 5, 1, 1, 6, 1, 4, 5, 6, 7, 5, 4, 6, 4, 7, 1, 7, 6, 7, 7, 4, 1, 7, 3, 3, 3, 7, 2, 7, 6, 6, 7, 6, 7, 5, 6, 4, 7, 3, 7, 7, 6, 7, 7, 7, 7, 7, 5, 2, 7, 6, 7, 7, 6, 7, 4, 5, 3, 4, 7, 7, 7, 6, 7, 6, 6, 7, 2, 5, 3, 6, 6, 7, 7, 7, 7, 6, 4, 4, 1, 5, 7, 7, 7, 6, 6, 6, 6, 7, 7, 1, 7, 7, 7, 6, 3, 6, 7, 4, 6, 7, 5, 4, 6, 2, 2, 7, 6, 3, 6, 6, 1, 3, 7, 6, 6, 7, 6, 7, 4, 4, 6, 5, 7, 3, 7, 7, 6, 7, 1, 1, 6, 5, 6, 6, 4, 4, 7, 6, 7, 2, 7, 7, 6, 7, 1, 6, 5, 1, 4, 6, 3, 3, 7, 6, 6, 7, 7, 6, 7, 4, 6, 6, 6, 4, 2, 6, 6, 7, 7, 3, 2, 5, 6, 6, 3, 1, 4, 7, 7, 1, 3, 6, 6, 5, 7, 7, 6, 1, 4, 6, 6, 1, 3, 6, 1, 1, 2, 6, 7, 7, 7, 6, 7, 1, 6, 1, 4, 3, 6, 7, 7, 4, 7, 7, 4, 7, 3, 1, 7, 3, 6, 6, 4, 6, 6, 6, 4, 7, 7, 3, 7, 7, 7, 4, 7, 7, 1, 4, 7, 2, 6, 7, 6, 6, 7, 6, 3, 5, 3, 6, 7, 2, 7, 6, 6, 6, 4, 7, 7, 6, 1, 7, 1, 6, 7, 6, 7, 7, 7, 1, 6, 3, 5, 7, 1, 6, 6, 6, 3, 7, 5, 5, 7, 7, 7, 7, 7, 7, 5, 1, 2, 6, 3, 2, 7, 6, 7, 4, 2, 7, 5, 6, 5, 5, 7, 1]
0, 4, [4306.63333333333, 34998.608096388, 42328.8685107172, 31.9884174453374], [3, 5, 3, 4, 5, 6, 7, 5, 1, 7, 5, 7, 3, 4, 7, 6, 2, 1, 1, 4, 3, 4, 1, 2, 1, 1, 6, 1, 7, 5, 1, 4, 5, 5, 7, 2, 1, 7, 7, 5, 3, 1, 6, 6, 1, 4, 7, 4, 2, 1, 3, 4, 7, 1, 7, 5, 4, 5, 3, 2, 6, 6, 2, 2, 6, 1, 5, 4, 2, 3, 3, 6, 4, 7, 4, 6, 3, 7, 6, 5, 1, 7, 4, 7, 2, 3, 5, 5, 7, 5, 7, 6, 6, 1, 2, 4, 2, 1, 5, 1, 5, 2, 7, 7, 4, 5, 1, 7, 7, 1, 7, 1, 7, 1, 3, 2, 6, 7, 7, 3, 2, 5, 5, 1, 6, 4, 6, 7, 6, 7, 2, 5, 7, 5, 3, 6, 3, 7, 7, 6, 3, 5, 6, 6, 6, 1, 5, 4, 5, 7, 7, 7, 4, 1, 5, 5, 1, 1, 7, 7, 1, 3, 1, 3, 2, 7, 7, 4, 4, 5, 4, 7, 3, 7, 6, 6, 6, 3, 5, 2, 5, 5, 3, 7, 7, 6, 7, 6, 3, 6, 6, 7, 6, 4, 3, 5, 5, 6, 7, 6, 7, 1, 3, 4, 4, 7, 1, 2, 4, 7, 7, 7, 5, 2, 2, 5, 1, 6, 1, 7, 2, 6, 7, 7, 7, 6, 7, 4, 1, 6, 5, 3, 3, 5, 7, 7, 7, 1, 3, 7, 1, 3, 6, 1, 6, 6, 3, 6, 5, 6, 7, 7, 7, 1, 2, 7, 4, 4, 4, 5, 7, 3, 4, 7, 3, 1, 4, 7, 3, 4, 2, 4, 5, 5, 1, 2, 7, 3, 4, 5, 5, 1, 7, 5, 6, 7, 2, 2, 6, 7, 1, 1, 7, 1, 7, 2, 5, 5, 4, 5, 4, 4, 3, 7, 6, 5, 3, 4, 2, 1, 1, 3, 4, 6, 3, 4, 6, 2, 6, 2, 4, 7, 2, 7, 2, 2, 3, 5, 5, 1, 4, 4, 6, 6, 7, 7, 6, 5, 1, 4, 1, 2, 6, 1, 2, 2, 7, 1, 7, 7, 5, 7, 3, 6, 6, 2, 3, 6, 2, 7, 3, 5, 7, 7, 2, 5, 2, 7, 7, 3, 5, 3, 4, 6, 4, 1, 1, 3, 4, 5, 2, 5, 7, 1, 3, 1, 6, 2, 3, 7, 5, 6, 4, 3, 6, 4, 2, 3, 4, 4, 1, 6, 2, 6, 4, 2, 7, 1, 3, 2, 2, 7, 3, 6, 6, 6, 4, 3, 7, 7, 7, 3, 7, 2, 7, 3, 7, 4, 1, 6, 6, 1, 6, 4, 5, 4, 7, 1, 6, 2, 5, 6, 3, 6, 3, 4, 7, 5, 4, 1, 6, 7, 2, 7, 6, 6, 4, 4, 4, 5, 6, 5, 7, 4, 7, 5, 4, 5, 2, 4, 2, 2, 3, 7, 1, 6, 7, 1, 3, 3, 1, 2, 2, 7, 2, 4, 5, 4, 1, 6, 3, 5, 6, 6, 7, 7, 2, 7, 5, 4, 1, 5, 3, 2, 1, 3, 7, 7, 7, 1, 7, 6, 4, 3, 7, 2, 3, 7, 4, 3, 6, 7, 1, 6, 3, 6, 2, 7, 4, 5, 7, 6, 4, 5, 6, 5, 1, 1, 5, 7, 6, 3, 6, 2, 2, 5, 7, 1, 7, 3, 6, 5, 5, 7, 5, 1, 4, 3, 5, 1, 7, 6, 6, 3, 3, 5, 5, 7, 7, 3, 5, 6, 7, 7, 6, 2, 7, 1, 7, 3, 7, 7, 4, 7, 6, 6, 7, 6, 1, 5, 5, 7, 1, 7, 6, 6, 6, 4, 1, 7, 7, 7, 7, 6, 2, 4, 7, 6, 6, 1, 7, 7, 7, 7, 7, 7, 7, 6, 5, 1, 5, 2, 6, 7, 7, 7, 7, 7, 7, 1, 6, 6, 6, 6, 6, 1, 1, 1, 7, 7, 1, 7, 7, 6, 2, 6, 7, 6, 6, 5, 5, 3, 7, 7, 7, 7, 6, 7, 5, 6, 6, 5, 5, 1, 7, 5, 6, 7, 7, 6, 5, 2, 3, 7, 6, 6, 7, 7, 7, 7, 7, 6, 4, 2, 7, 6, 7, 3, 7, 3, 7, 3, 5, 3, 4, 5, 1, 7, 6, 6, 7, 2, 1, 4, 6, 1, 4, 3, 7, 7, 6, 7, 7, 6, 1, 3, 2, 7, 6, 7, 3, 7, 7, 6, 4, 5, 4, 1, 6, 3, 2, 1, 7, 7, 3, 5, 7, 3, 1, 7, 3, 1, 3, 1, 6, 1, 3, 6, 2, 5, 5, 4, 2, 1, 6, 4, 7, 7, 1, 6, 7, 5, 3, 7, 1, 7, 7, 6, 6, 6, 6, 1, 1, 5, 5, 7, 7, 7, 3, 7, 5, 2, 1, 5, 5, 1, 7, 5, 1, 5, 7, 2, 7, 6, 2, 4, 7, 7, 4, 1, 6, 3, 1, 7, 4, 6, 1, 2, 7, 3, 6, 4, 2, 3, 7, 2, 6, 2, 3, 1, 5, 1, 6, 3, 5, 6, 6, 6, 6, 6, 4, 6, 2, 2, 4, 6, 4, 2, 5, 1, 3, 7, 6, 6, 4, 6, 4, 7, 6, 3, 3, 6, 6, 7, 6, 1, 4, 6, 4, 6, 2, 6, 6, 6, 4, 4, 1, 7, 4, 6, 2, 1, 1, 5, 7, 5, 2, 7, 3, 7, 5, 3, 6, 5, 7, 6, 3, 6, 7, 6, 3, 1, 3, 4, 2, 7, 6, 3, 7, 2, 2, 6, 2, 4, 6, 7, 1, 5, 6, 5, 5, 2, 7, 3, 7, 7, 2, 3, 3, 1, 3, 5, 6, 2, 6, 2, 1, 6, 4, 3, 7, 5, 6, 4, 6, 3, 3, 7, 3, 5, 6, 5, 3, 4, 2, 7, 4, 6, 3, 4, 3, 7, 5, 1, 6, 6, 7, 3, 5, 5, 4, 4, 2, 7, 7, 2, 7, 6, 7, 1, 4, 6, 2, 5, 7, 7, 7, 7, 7, 5, 1, 2, 6, 3, 7, 6, 6, 7, 7, 7, 5, 6, 7, 1, 2, 7, 7, 6, 6, 7, 7, 6, 4, 6, 3, 7, 6, 7, 7, 7, 7, 7, 1, 5, 3, 5, 6, 7, 4, 7, 6, 7, 6, 7, 6, 2, 5, 7, 7, 7, 5, 2, 7, 4, 6, 6, 7, 1, 3, 1, 2, 6, 1, 1, 6, 6, 2, 5, 7, 7, 5, 7, 6, 4, 2, 4, 6, 4, 7, 7, 1, 2, 6, 1, 5, 2, 6, 6, 2, 4, 1, 1, 6, 6, 7, 4, 7, 4, 6, 7, 3, 7, 1, 3, 6, 7, 1, 1, 1, 7, 6, 6, 5, 6, 5, 3, 7, 6, 6, 5, 6, 6, 7, 7, 5, 3, 2, 5, 6, 7, 7, 2, 7, 7, 6, 7, 2, 4, 6, 3, 2, 7, 7, 7, 5, 6, 6, 6, 2, 7, 3, 1, 7, 6, 6, 7, 7, 7, 7, 3, 2, 3, 2, 6, 6, 6, 7, 2, 7, 7, 3, 4, 5, 7, 7, 4, 6, 6, 5, 6, 6, 7, 1, 7, 1, 1, 6, 7, 6, 2, 7, 5, 1, 2, 3, 7, 7, 6, 6, 7, 2, 1, 1, 3, 1, 5, 7, 5, 6, 7, 6, 6, 3, 6, 7, 7, 4, 1, 5, 7, 6, 7, 6, 1, 7, 4, 3, 7, 2, 7, 3, 6, 6, 6, 4, 1, 2, 7, 2, 7, 1, 7, 6, 7, 6, 5, 5, 3, 6, 3, 7, 6, 4, 6, 7, 7, 1, 2, 5, 2, 7, 3]
1, 0, [853.166666666667, 54786.2564458678, 43736.4846080899, 24.087818867946], [1, 2, 3, 4, 5, 6, 7, 3, 3, 3, 3, 3, 3, 3, 3, 3, 3, 3, 3, 3, 3, 3, 3, 3, 3, 3, 3, 3, 3, 3, 3, 3, 3, 3, 3, 3, 3, 3, 3, 3, 3, 3, 3, 3, 3, 3, 3, 3, 3, 3, 3, 3, 3, 3, 3, 3, 3, 3, 3, 3, 3, 3, 3, 3, 3, 3, 3, 3, 3, 3, 3, 3, 3, 3, 3, 3, 3, 3, 3, 3, 3, 3, 3, 3, 3, 3, 3, 3, 3, 3, 3, 3, 3, 3, 3, 3, 3, 3, 3, 3, 3, 3, 3, 3, 3, 3, 3, 3, 3, 3, 6, 3, 3, 3, 3, 3, 3, 6, 6, 3, 3, 3, 3, 3, 3, 3, 6, 7, 3, 3, 3, 3, 6, 3, 3, 3, 3, 6, 7, 6, 3, 3, 3, 6, 6, 3, 3, 3, 3, 7, 3, 7, 3, 3, 3, 3, 3, 3, 6, 3, 3, 3, 3, 3, 3, 7, 7, 3, 3, 3, 3, 3, 3, 7, 6, 3, 3, 3, 3, 3, 3, 3, 3, 7, 3, 3, 3, 3, 3, 3, 3, 3, 3, 3, 3, 3, 3, 3, 3, 6, 6, 3, 3, 3, 3, 3, 3, 3, 3, 7, 6, 3, 3, 3, 3, 3, 3, 3, 3, 7, 3, 3, 3, 3, 3, 3, 3, 3, 3, 3, 3, 3, 3, 3, 3, 3, 3, 3, 3, 7, 3, 3, 3, 3, 3, 3, 3, 3, 3, 3, 3, 3, 3, 3, 3, 3, 3, 3, 3, 3, 3, 3, 3, 3, 3, 3, 3, 3, 3, 3, 3, 3, 3, 3, 3, 3, 7, 3, 3, 3, 3, 3, 3, 3, 3, 6, 3, 3, 3, 3, 3, 3, 3, 3, 3, 3, 3, 3, 3, 3, 3, 3, 3, 6, 3, 3, 3, 3, 3, 3, 3, 3, 3, 6, 3, 3, 3, 3, 3, 3, 3, 3, 3, 6, 3, 3, 3, 3, 3, 3, 3, 3, 3, 3, 3, 7, 3, 3, 3, 3, 3, 3, 3, 3, 3, 3, 3, 3, 3, 3, 3, 3, 3, 3, 3, 3, 3, 3, 3, 3, 3, 3, 3, 3, 3, 3, 3, 3, 6, 3, 3, 3, 3, 3, 3, 3, 3, 3, 3, 3, 3, 3, 6, 3, 3, 3, 3, 3, 3, 3, 3, 3, 3, 3, 6, 3, 3, 3, 3, 3, 3, 3, 3, 3, 3, 3, 6, 3, 3, 3, 3, 3, 3, 3, 3, 3, 3, 3, 3, 7, 3, 3, 7, 3, 3, 3, 3, 3, 3, 3, 3, 3, 3, 3, 3, 3, 7, 3, 3, 3, 3, 3, 3, 3, 3, 3, 3, 3, 3, 3, 3, 3, 3, 3, 3, 3, 3, 3, 3, 3, 3, 3, 3, 3, 7, 3, 3, 3, 3, 3, 3, 3, 3, 3, 3, 3, 3, 3, 3, 3, 3, 3, 3, 3, 3, 3, 3, 3, 3, 3, 3, 3, 3, 3, 3, 7, 3, 3, 3, 3, 3, 3, 3, 3, 3, 3, 7, 3, 3, 3, 6, 3, 3, 3, 3, 3, 3, 7, 3, 3, 3, 6, 3, 3, 3, 3, 3, 3, 3, 3, 3, 6, 3, 3, 3, 3, 3, 3, 3, 6, 6, 3, 3, 3, 3, 3, 3, 3, 3, 3, 6, 3, 3, 6, 3, 3, 3, 3, 3, 3, 3, 6, 6, 3, 3, 3, 3, 3, 3, 3, 3, 3, 7, 6, 6, 3, 6, 3, 3, 3, 7, 3, 3, 3, 6, 6, 6, 3, 3, 3, 3, 7, 3, 7, 3, 6, 3, 3, 3, 6, 7, 7, 7, 6, 3, 3, 6, 6, 3, 3, 7, 7, 7, 7, 7, 7, 6, 6, 3, 3, 3, 3, 6, 7, 7, 3, 7, 7, 7, 3, 6, 6, 3, 3, 6, 3, 3, 3, 7, 3, 3, 7, 7, 3, 3, 6, 6, 6, 6, 3, 3, 3, 7, 7, 6, 7, 3, 3, 3, 6, 6, 3, 3, 3, 7, 3, 6, 3, 3, 3, 3, 3, 3, 6, 6, 6, 7, 3, 7, 7, 7, 3, 3, 3, 6, 6, 6, 3, 7, 3, 3, 3, 3, 3, 3, 3, 3, 6, 6, 6, 7, 3, 3, 3, 3, 3, 3, 3, 3, 6, 6, 6, 7, 3, 3, 3, 3, 3, 3, 3, 3, 3, 6, 6, 3, 3, 3, 3, 6, 3, 3, 3, 3, 3, 3, 3, 3, 3, 3, 3, 3, 3, 3, 3, 3, 3, 3, 3, 3, 3, 3, 3, 3, 3, 3, 3, 3, 7, 3, 3, 3, 3, 3, 3, 3, 7, 7, 3, 3, 3, 3, 3, 3, 3, 3, 7, 7, 3, 3, 6, 3, 3, 3, 3, 3, 3, 3, 3, 3, 3, 7, 3, 3, 3, 3, 3, 7, 7, 3, 3, 3, 3, 3, 3, 3, 3, 3, 3, 7, 3, 3, 3, 3, 3, 3, 3, 3, 3, 3, 3, 3, 3, 3, 3, 3, 3, 3, 3, 3, 3, 3, 3, 3, 3, 3, 3, 3, 3, 3, 3, 3, 6, 6, 3, 3, 3, 3, 3, 3, 3, 3, 3, 6, 6, 3, 3, 3, 3, 3, 3, 3, 3, 6, 3, 3, 3, 3, 3, 3, 3, 3, 3, 3, 3, 6, 3, 3, 3, 3, 3, 3, 3, 3, 3, 6, 6, 3, 3, 3, 3, 3, 3, 3, 3, 3, 6, 6, 3, 3, 3, 3, 3, 3, 3, 3, 6, 3, 3, 3, 3, 3, 3, 7, 3, 3, 6, 3, 3, 3, 3, 3, 3, 3, 3, 3, 3, 3, 3, 3, 3, 3, 3, 3, 3, 6, 3, 3, 3, 3, 3, 3, 3, 3, 3, 3, 3, 3, 6, 3, 3, 3, 7, 3, 3, 6, 3, 3, 3, 3, 3, 3, 3, 3, 6, 6, 3, 6, 6, 3, 3, 3, 3, 3, 3, 6, 6, 6, 6, 6, 3, 3, 3, 3, 3, 6, 6, 6, 6, 6, 6, 3, 3, 3, 3, 3, 6, 6, 6, 6, 6, 6, 6, 3, 3, 3, 6, 6, 7, 6, 6, 6, 6, 3, 3, 3, 3, 6, 6, 3, 6, 6, 6, 6, 6, 6, 3, 3, 6, 6, 6, 3, 3, 3, 3, 6, 6, 3, 3, 3, 3, 3, 6, 3, 3, 6, 6, 3, 3, 3, 3, 3, 6, 6, 3, 3, 3, 6, 3, 3, 3, 3, 3, 6, 3, 3, 3, 6, 3, 3, 3, 3, 3, 6, 6, 6, 3, 7, 3, 6, 6, 3, 3, 3, 3, 3, 6, 3, 3, 3, 6, 6, 6, 3, 3, 3, 3, 6, 6, 6, 3, 3, 6, 6, 6, 3, 3, 3, 3, 6, 6, 3, 3, 3, 6, 6, 3, 3, 3, 3, 3, 3, 6, 6, 3, 3, 6, 6, 3, 3, 3, 3, 3, 3, 6, 6, 7, 6, 6, 6, 3, 3, 3, 3, 3, 6, 6, 7, 3, 6, 6, 3, 3, 3, 3, 7, 3, 6, 6, 3, 6, 6, 6, 3, 7, 3, 3, 6, 6, 6, 3, 6, 3, 3, 3, 3, 3, 6, 6, 6, 6, 3, 3, 3, 3, 3, 3, 7, 3, 6, 6, 6, 6, 3, 3, 3, 3, 3, 3, 3, 6, 6, 6, 6, 3, 3, 3, 3, 3, 3, 7, 3, 6, 6, 6, 3, 3, 3, 3, 3, 7, 3, 7, 6, 6, 3, 3, 3, 3, 3, 3, 7, 6, 3, 3, 3, 7, 3, 3, 3, 3, 3, 3]
1, 1, [4345.9, 34583.3926466449, 42335.9552300276, 32.1263036677494], [1, 3, 5, 2, 6, 7, 7, 7, 4, 1, 4, 7, 2, 1, 6, 5, 4, 2, 5, 2, 7, 4, 5, 2, 3, 3, 2, 3, 7, 1, 2, 2, 3, 1, 3, 6, 1, 6, 4, 3, 6, 7, 5, 2, 7, 5, 2, 6, 6, 2, 1, 5, 2, 4, 1, 2, 7, 3, 3, 1, 3, 7, 1, 7, 2, 6, 6, 5, 5, 3, 4, 1, 1, 2, 2, 4, 6, 4, 3, 4, 1, 1, 7, 7, 5, 6, 4, 6, 7, 2, 6, 3, 7, 7, 1, 4, 5, 6, 1, 3, 5, 7, 3, 1, 3, 7, 4, 2, 6, 3, 7, 7, 5, 2, 2, 5, 2, 7, 6, 5, 7, 3, 2, 4, 7, 3, 6, 7, 7, 3, 5, 3, 7, 4, 3, 4, 1, 6, 7, 7, 7, 7, 6, 6, 7, 4, 5, 4, 1, 7, 3, 7, 5, 7, 4, 5, 1, 3, 7, 5, 4, 4, 3, 3, 1, 7, 7, 3, 2, 1, 5, 1, 7, 7, 7, 7, 5, 4, 7, 7, 4, 5, 3, 7, 5, 4, 2, 7, 4, 5, 7, 5, 4, 7, 1, 3, 7, 2, 5, 7, 7, 7, 6, 3, 4, 7, 2, 6, 6, 7, 7, 2, 5, 2, 1, 4, 7, 6, 7, 7, 3, 3, 3, 1, 6, 1, 7, 7, 6, 1, 2, 6, 3, 2, 6, 3, 2, 7, 6, 7, 2, 6, 6, 6, 5, 4, 3, 2, 7, 2, 6, 1, 2, 3, 6, 5, 7, 6, 6, 5, 1, 2, 1, 1, 4, 5, 2, 2, 7, 5, 1, 2, 6, 5, 5, 5, 7, 7, 6, 6, 2, 7, 6, 5, 3, 7, 6, 2, 6, 1, 7, 5, 2, 7, 1, 2, 5, 6, 2, 5, 5, 7, 6, 6, 4, 2, 5, 2, 5, 2, 3, 2, 7, 7, 5, 1, 2, 3, 4, 4, 5, 5, 7, 6, 1, 7, 3, 7, 7, 5, 6, 1, 1, 3, 5, 7, 2, 4, 2, 6, 4, 4, 1, 7, 4, 7, 7, 3, 7, 6, 6, 4, 6, 3, 7, 4, 2, 3, 2, 6, 3, 2, 4, 5, 4, 2, 7, 5, 7, 1, 4, 6, 2, 2, 6, 7, 6, 2, 5, 4, 1, 5, 7, 3, 5, 4, 4, 6, 1, 2, 2, 2, 5, 7, 7, 7, 2, 1, 1, 6, 7, 7, 7, 2, 6, 4, 6, 1, 4, 3, 7, 3, 6, 6, 3, 4, 1, 1, 6, 7, 7, 6, 7, 4, 6, 7, 1, 3, 1, 6, 2, 4, 3, 1, 6, 4, 7, 1, 6, 3, 5, 6, 5, 2, 5, 1, 1, 7, 5, 1, 3, 7, 2, 5, 1, 7, 1, 4, 5, 7, 5, 7, 5, 6, 7, 6, 4, 2, 4, 4, 5, 7, 3, 6, 7, 4, 1, 2, 3, 5, 6, 4, 4, 6, 2, 2, 4, 7, 3, 6, 3, 7, 1, 4, 3, 7, 3, 3, 2, 6, 6, 5, 7, 3, 1, 2, 7, 1, 7, 1, 6, 1, 4, 6, 5, 6, 1, 7, 7, 4, 6, 6, 1, 7, 1, 7, 2, 7, 2, 4, 5, 6, 5, 7, 3, 4, 5, 7, 1, 7, 6, 6, 3, 6, 6, 7, 4, 4, 2, 6, 7, 3, 5, 7, 4, 4, 1, 3, 5, 4, 1, 7, 6, 5, 4, 4, 7, 4, 5, 7, 2, 4, 7, 6, 6, 1, 7, 7, 2, 5, 7, 4, 7, 1, 6, 6, 7, 2, 3, 4, 1, 7, 4, 7, 7, 7, 6, 7, 5, 7, 7, 7, 7, 6, 4, 5, 6, 7, 2, 3, 7, 7, 7, 7, 7, 7, 7, 7, 5, 1, 4, 7, 6, 7, 7, 7, 7, 7, 7, 4, 6, 6, 3, 5, 7, 4, 3, 1, 7, 7, 4, 7, 7, 1, 5, 7, 6, 7, 6, 4, 6, 1, 7, 7, 6, 7, 2, 4, 7, 6, 6, 4, 3, 2, 7, 6, 7, 2, 6, 6, 3, 3, 2, 6, 6, 6, 7, 6, 7, 7, 7, 2, 6, 4, 6, 7, 6, 1, 7, 5, 3, 3, 6, 6, 1, 2, 1, 6, 7, 6, 7, 3, 7, 3, 5, 5, 1, 4, 6, 7, 7, 6, 7, 3, 1, 3, 7, 2, 2, 1, 3, 5, 7, 6, 2, 6, 4, 2, 7, 4, 4, 4, 6, 4, 3, 4, 5, 7, 3, 4, 4, 4, 3, 2, 4, 4, 2, 3, 3, 1, 1, 7, 6, 1, 7, 4, 6, 7, 3, 3, 7, 6, 2, 4, 5, 7, 7, 6, 1, 6, 7, 2, 3, 7, 4, 7, 7, 1, 7, 6, 5, 3, 1, 4, 7, 1, 1, 1, 4, 3, 7, 2, 7, 5, 6, 4, 7, 7, 2, 1, 3, 2, 2, 4, 5, 4, 2, 5, 7, 3, 7, 5, 1, 1, 5, 5, 5, 6, 2, 6, 7, 7, 2, 5, 4, 5, 1, 7, 3, 3, 2, 3, 2, 7, 6, 1, 6, 5, 6, 7, 3, 7, 6, 1, 1, 1, 7, 1, 7, 3, 1, 1, 6, 6, 5, 3, 5, 4, 7, 3, 2, 2, 6, 1, 7, 7, 1, 5, 2, 4, 2, 7, 7, 2, 6, 1, 6, 4, 6, 1, 4, 2, 5, 4, 6, 6, 6, 1, 6, 3, 5, 5, 1, 1, 3, 7, 6, 7, 7, 3, 6, 2, 4, 6, 4, 6, 3, 1, 3, 7, 6, 2, 7, 2, 3, 7, 3, 4, 2, 7, 7, 5, 5, 2, 1, 4, 5, 6, 5, 1, 7, 3, 7, 5, 6, 1, 2, 7, 6, 7, 2, 7, 3, 3, 1, 3, 7, 6, 2, 2, 1, 7, 4, 5, 7, 4, 7, 7, 7, 6, 5, 7, 5, 7, 7, 1, 6, 6, 6, 3, 5, 2, 6, 1, 6, 7, 6, 7, 7, 3, 1, 7, 3, 2, 7, 6, 6, 7, 7, 6, 4, 3, 5, 7, 7, 7, 6, 6, 7, 6, 7, 6, 7, 3, 3, 6, 7, 7, 7, 7, 7, 6, 5, 3, 4, 4, 6, 6, 1, 7, 7, 7, 7, 6, 7, 4, 3, 6, 6, 7, 6, 1, 1, 1, 7, 7, 5, 7, 4, 5, 1, 6, 5, 6, 6, 6, 4, 5, 2, 3, 2, 7, 7, 3, 6, 1, 7, 1, 6, 6, 6, 4, 6, 2, 1, 6, 7, 6, 1, 2, 2, 3, 6, 7, 6, 7, 7, 2, 6, 7, 4, 7, 6, 1, 6, 7, 6, 7, 2, 7, 7, 6, 1, 7, 2, 2, 6, 6, 7, 2, 3, 7, 6, 7, 2, 6, 6, 5, 6, 6, 1, 7, 3, 6, 6, 3, 1, 3, 3, 1, 5, 6, 6, 7, 1, 7, 6, 4, 4, 1, 6, 7, 1, 7, 7, 7, 6, 6, 7, 1, 1, 3, 3, 1, 7, 7, 7, 1, 6, 6, 2, 4, 4, 2, 7, 5, 6, 6, 4, 7, 6, 7, 7, 7, 5, 2, 7, 7, 7, 1, 6, 3, 1, 3, 7, 7, 6, 6, 7, 6, 3, 1, 4, 5, 7, 6, 7, 3, 7, 6, 6, 6, 7, 6, 7, 5, 4, 7, 2, 6, 6, 7, 7, 5, 1, 4, 1, 4, 6, 7, 7, 7, 6, 6, 4, 1, 6, 1, 7, 7, 1, 7, 7, 6, 4, 3, 6, 1, 5, 4, 7, 6, 6, 1, 2, 7, 1, 6, 4, 3, 6, 6]
1, 2, [4381.58333333333, 34879.5381203544, 42339.0256486243, 32.0484794047513], [3, 5, 3, 4, 5, 6, 7, 5, 1, 7, 5, 7, 3, 4, 7, 6, 2, 1, 1, 4, 3, 4, 1, 2, 1, 1, 6, 1, 7, 5, 1, 4, 5, 5, 7, 2, 1, 7, 7, 5, 3, 1, 6, 6, 1, 4, 7, 4, 2, 1, 3, 4, 7, 1, 7, 5, 4, 5, 3, 2, 6, 6, 2, 2, 6, 1, 5, 4, 2, 3, 3, 6, 4, 7, 4, 6, 3, 7, 6, 5, 1, 7, 4, 7, 2, 3, 5, 5, 7, 5, 7, 6, 6, 1, 2, 4, 2, 1, 5, 1, 5, 2, 7, 7, 4, 2, 1, 7, 7, 1, 7, 1, 7, 1, 3, 2, 6, 7, 7, 3, 2, 5, 5, 1, 6, 4, 6, 7, 6, 7, 2, 5, 7, 5, 3, 6, 3, 7, 7, 6, 3, 5, 6, 6, 6, 1, 5, 4, 5, 7, 7, 7, 4, 1, 5, 5, 1, 1, 7, 7, 1, 3, 1, 3, 2, 7, 7, 4, 4, 5, 4, 7, 3, 7, 6, 6, 6, 3, 5, 2, 5, 5, 3, 7, 7, 6, 7, 6, 3, 6, 6, 7, 6, 4, 3, 5, 5, 6, 7, 6, 7, 1, 3, 4, 4, 7, 1, 2, 4, 7, 7, 7, 5, 2, 2, 5, 1, 6, 1, 7, 2, 6, 7, 7, 7, 6, 7, 4, 1, 6, 5, 3, 3, 5, 7, 7, 7, 1, 3, 7, 1, 3, 6, 1, 6, 6, 3, 6, 5, 6, 7, 7, 7, 1, 2, 7, 4, 4, 4, 5, 7, 3, 4, 7, 3, 1, 4, 7, 3, 4, 2, 4, 5, 5, 1, 2, 7, 3, 4, 5, 5, 1, 7, 5, 6, 7, 2, 2, 6, 7, 1, 1, 7, 1, 7, 2, 5, 5, 4, 5, 4, 4, 3, 7, 6, 5, 3, 4, 2, 1, 1, 3, 4, 6, 3, 4, 6, 2, 6, 2, 4, 7, 2, 7, 2, 2, 3, 5, 5, 1, 4, 4, 6, 6, 7, 7, 6, 5, 1, 4, 1, 2, 6, 1, 2, 2, 7, 1, 7, 7, 5, 7, 3, 6, 6, 2, 3, 6, 2, 7, 3, 5, 7, 7, 2, 5, 2, 7, 7, 3, 5, 3, 4, 6, 4, 1, 1, 3, 4, 5, 2, 5, 7, 1, 3, 1, 6, 2, 3, 7, 5, 6, 4, 3, 6, 4, 2, 3, 4, 4, 1, 6, 2, 3, 4, 2, 7, 1, 3, 2, 2, 7, 3, 6, 6, 6, 4, 3, 7, 7, 7, 3, 7, 2, 7, 3, 7, 4, 1, 6, 6, 1, 6, 4, 5, 4, 7, 1, 6, 2, 5, 6, 3, 6, 3, 4, 7, 5, 4, 1, 6, 7, 2, 7, 6, 6, 4, 4, 4, 5, 6, 5, 7, 4, 7, 5, 4, 5, 2, 4, 2, 2, 3, 7, 7, 4, 1, 2, 3, 5, 6, 4, 4, 6, 2, 2, 4, 7, 3, 6, 3, 7, 1, 4, 3, 7, 3, 3, 2, 6, 6, 5, 7, 3, 1, 2, 7, 1, 7, 1, 6, 1, 4, 6, 5, 6, 1, 7, 7, 4, 6, 6, 1, 7, 1, 7, 2, 7, 2, 4, 5, 6, 5, 7, 3, 4, 5, 7, 1, 7, 6, 6, 3, 6, 6, 7, 4, 4, 2, 6, 7, 3, 5, 7, 4, 4, 1, 3, 5, 4, 1, 7, 6, 5, 4, 4, 7, 4, 5, 7, 2, 4, 7, 6, 6, 1, 7, 7, 2, 5, 7, 4, 7, 1, 6, 6, 7, 2, 3, 4, 1, 7, 4, 7, 7, 7, 6, 7, 5, 7, 7, 7, 7, 6, 4, 5, 6, 7, 2, 3, 7, 7, 7, 7, 7, 7, 7, 7, 5, 1, 4, 7, 6, 7, 7, 7, 7, 7, 7, 4, 6, 6, 3, 5, 7, 4, 3, 1, 7, 7, 4, 7, 7, 1, 5, 7, 6, 7, 6, 4, 6, 1, 7, 7, 6, 7, 2, 4, 7, 6, 6, 4, 3, 2, 7, 6, 7, 2, 6, 6, 3, 3, 2, 6, 6, 6, 7, 6, 7, 7, 7, 2, 6, 4, 6, 7, 6, 1, 7, 5, 3, 3, 6, 6, 1, 2, 1, 6, 7, 6, 7, 3, 7, 3, 5, 5, 1, 4, 6, 7, 7, 6, 7, 3, 1, 3, 7, 2, 2, 1, 6, 5, 7, 6, 2, 6, 4, 2, 7, 4, 4, 4, 6, 4, 3, 4, 5, 7, 3, 4, 4, 4, 3, 2, 4, 4, 2, 3, 3, 1, 1, 7, 6, 1, 7, 4, 6, 7, 3, 3, 7, 6, 2, 4, 5, 7, 7, 6, 1, 6, 7, 2, 3, 7, 4, 7, 7, 1, 7, 6, 5, 3, 1, 4, 7, 1, 1, 1, 4, 3, 7, 2, 7, 5, 6, 4, 7, 7, 2, 1, 3, 2, 2, 4, 5, 4, 2, 5, 7, 3, 7, 5, 1, 1, 5, 5, 5, 6, 2, 6, 7, 7, 2, 5, 4, 5, 1, 7, 3, 3, 2, 3, 2, 7, 6, 1, 6, 5, 6, 7, 3, 7, 6, 1, 1, 1, 7, 1, 7, 3, 1, 1, 6, 6, 5, 3, 5, 4, 7, 3, 2, 2, 6, 1, 7, 7, 1, 5, 2, 4, 2, 7, 7, 2, 6, 1, 6, 4, 6, 1, 4, 2, 5, 4, 6, 6, 6, 1, 6, 3, 5, 5, 1, 1, 3, 7, 6, 7, 7, 3, 6, 2, 4, 6, 4, 6, 3, 1, 3, 7, 6, 2, 7, 2, 3, 7, 3, 4, 2, 7, 7, 5, 5, 2, 3, 4, 5, 6, 5, 1, 7, 3, 7, 5, 6, 1, 2, 7, 6, 7, 2, 7, 3, 3, 1, 3, 7, 6, 2, 2, 1, 7, 4, 5, 7, 4, 7, 7, 7, 6, 5, 7, 5, 7, 7, 1, 6, 6, 6, 3, 5, 2, 6, 1, 6, 7, 6, 7, 7, 3, 1, 7, 3, 2, 7, 6, 6, 7, 7, 6, 4, 3, 5, 7, 7, 7, 6, 6, 7, 6, 7, 6, 7, 3, 3, 6, 7, 7, 7, 7, 7, 6, 5, 3, 4, 4, 6, 6, 1, 7, 7, 7, 7, 6, 7, 4, 3, 6, 6, 7, 6, 1, 1, 1, 7, 7, 5, 7, 5, 5, 1, 6, 5, 6, 6, 6, 4, 5, 2, 3, 2, 7, 7, 3, 6, 1, 7, 1, 6, 6, 6, 4, 6, 2, 1, 6, 7, 6, 1, 2, 2, 3, 6, 7, 6, 7, 7, 2, 6, 7, 4, 7, 6, 1, 6, 7, 6, 7, 2, 7, 7, 6, 1, 7, 2, 2, 6, 6, 7, 2, 3, 7, 6, 7, 2, 6, 6, 5, 6, 6, 1, 7, 3, 6, 6, 3, 1, 3, 3, 1, 5, 6, 6, 7, 1, 7, 6, 4, 4, 1, 6, 7, 6, 7, 7, 7, 6, 6, 7, 1, 1, 3, 3, 1, 7, 7, 7, 1, 6, 6, 2, 4, 4, 2, 7, 5, 6, 6, 4, 7, 6, 7, 7, 7, 5, 2, 7, 7, 7, 1, 6, 3, 1, 3, 7, 7, 6, 6, 7, 6, 3, 1, 4, 5, 7, 6, 7, 3, 7, 6, 6, 6, 7, 6, 7, 5, 4, 7, 2, 6, 6, 7, 7, 5, 1, 4, 1, 4, 6, 7, 7, 7, 6, 6, 4, 1, 6, 1, 7, 7, 1, 7, 7, 6, 4, 3, 6, 1, 5, 4, 7, 6, 6, 1, 2, 7, 1, 6, 4, 3, 6, 6]
1, 3, [4282.53333333333, 34605.0752482077, 42323.8001969581, 32.0703700588906], [1, 3, 5, 2, 6, 7, 7, 7, 4, 1, 4, 7, 2, 1, 6, 5, 4, 2, 5, 2, 7, 4, 5, 2, 3, 3, 2, 3, 7, 1, 2, 2, 3, 1, 3, 6, 1, 6, 4, 3, 6, 7, 5, 2, 7, 5, 2, 6, 6, 2, 1, 5, 2, 4, 1, 2, 7, 3, 3, 1, 3, 7, 1, 7, 2, 6, 6, 5, 5, 3, 4, 1, 1, 2, 2, 4, 6, 4, 3, 4, 1, 1, 7, 7, 5, 6, 4, 6, 7, 2, 6, 3, 7, 7, 1, 5, 5, 6, 1, 3, 5, 7, 3, 1, 3, 7, 4, 2, 6, 3, 7, 7, 5, 2, 2, 5, 2, 7, 6, 5, 7, 3, 2, 4, 7, 7, 6, 7, 7, 3, 5, 3, 7, 4, 3, 4, 3, 6, 7, 7, 7, 7, 6, 6, 7, 4, 5, 4, 1, 7, 3, 7, 5, 7, 4, 5, 1, 3, 7, 5, 4, 4, 3, 3, 1, 7, 7, 3, 2, 1, 5, 1, 7, 7, 7, 7, 5, 4, 7, 7, 4, 5, 3, 7, 5, 4, 2, 7, 4, 6, 7, 5, 4, 7, 1, 3, 7, 2, 5, 7, 7, 7, 6, 3, 4, 7, 2, 6, 6, 7, 7, 2, 5, 2, 1, 4, 7, 6, 7, 7, 3, 3, 3, 1, 6, 1, 7, 7, 6, 1, 2, 6, 3, 2, 6, 3, 2, 7, 6, 7, 2, 6, 6, 6, 5, 4, 3, 2, 7, 2, 6, 1, 2, 3, 6, 5, 7, 6, 6, 1, 1, 2, 1, 1, 4, 5, 2, 2, 7, 5, 1, 2, 6, 5, 5, 5, 7, 7, 6, 6, 2, 7, 6, 5, 3, 7, 6, 2, 6, 1, 7, 5, 2, 7, 1, 2, 5, 6, 2, 5, 5, 7, 6, 6, 4, 2, 5, 2, 5, 2, 3, 2, 7, 7, 5, 1, 2, 3, 4, 4, 5, 5, 7, 6, 1, 7, 3, 7, 7, 5, 6, 1, 1, 3, 5, 7, 2, 4, 2, 6, 4, 4, 1, 7, 4, 7, 7, 3, 7, 6, 6, 4, 6, 3, 7, 4, 2, 3, 2, 6, 3, 2, 4, 5, 4, 2, 7, 5, 7, 1, 4, 6, 2, 2, 6, 7, 6, 2, 5, 4, 1, 5, 7, 3, 5, 4, 4, 6, 1, 2, 2, 2, 5, 7, 7, 7, 2, 1, 1, 6, 7, 7, 7, 2, 6, 4, 6, 1, 7, 3, 7, 3, 6, 6, 3, 4, 1, 1, 6, 7, 7, 6, 7, 4, 6, 7, 1, 3, 1, 6, 2, 4, 3, 1, 6, 4, 7, 1, 6, 3, 5, 6, 5, 2, 5, 1, 1, 7, 5, 1, 3, 7, 2, 5, 1, 7, 1, 4, 5, 7, 5, 7, 5, 6, 7, 6, 4, 2, 4, 4, 5, 7, 3, 6, 1, 6, 7, 1, 3, 3, 1, 2, 2, 7, 2, 4, 5, 4, 1, 6, 3, 5, 6, 6, 7, 7, 2, 7, 5, 4, 1, 5, 3, 2, 1, 3, 7, 7, 7, 1, 7, 6, 4, 3, 7, 2, 3, 7, 4, 3, 6, 7, 1, 6, 3, 6, 2, 7, 4, 5, 7, 6, 4, 5, 6, 5, 1, 1, 5, 7, 6, 3, 6, 2, 2, 5, 7, 1, 7, 3, 6, 5, 5, 7, 5, 1, 4, 3, 5, 1, 7, 6, 6, 3, 3, 5, 5, 7, 7, 3, 5, 6, 7, 7, 6, 2, 7, 1, 7, 3, 7, 7, 4, 7, 6, 6, 7, 6, 1, 5, 5, 7, 1, 7, 6, 6, 6, 4, 1, 7, 7, 7, 7, 6, 2, 4, 7, 6, 6, 1, 7, 7, 7, 7, 7, 7, 7, 6, 5, 1, 5, 2, 6, 7, 7, 7, 7, 7, 7, 1, 6, 6, 6, 6, 6, 1, 1, 1, 7, 7, 1, 7, 7, 6, 2, 6, 7, 6, 6, 5, 5, 3, 7, 7, 7, 7, 6, 7, 5, 6, 6, 5, 5, 1, 7, 5, 6, 7, 7, 6, 5, 2, 3, 7, 6, 6, 7, 7, 7, 7, 7, 6, 4, 2, 7, 6, 7, 3, 7, 3, 7, 3, 5, 3, 4, 5, 1, 7, 6, 6, 7, 2, 1, 4, 6, 1, 4, 3, 7, 7, 6, 7, 7, 6, 1, 3, 2, 7, 6, 7, 3, 7, 7, 6, 4, 5, 4, 1, 6, 3, 2, 1, 7, 7, 3, 5, 7, 3, 1, 7, 3, 1, 3, 1, 6, 1, 3, 6, 2, 5, 5, 4, 2, 1, 6, 4, 7, 7, 1, 6, 7, 5, 3, 7, 1, 7, 7, 6, 6, 6, 6, 1, 1, 5, 5, 7, 7, 7, 3, 7, 5, 2, 1, 5, 5, 1, 7, 5, 1, 5, 7, 2, 7, 6, 2, 4, 7, 7, 4, 1, 6, 3, 1, 7, 4, 6, 1, 2, 7, 5, 6, 4, 2, 3, 7, 2, 6, 2, 3, 1, 5, 1, 6, 3, 5, 6, 6, 6, 6, 6, 4, 6, 2, 2, 4, 6, 4, 2, 5, 1, 3, 7, 6, 6, 4, 6, 4, 7, 6, 3, 3, 6, 6, 7, 6, 1, 4, 6, 4, 6, 2, 6, 6, 6, 4, 4, 1, 7, 4, 6, 2, 1, 1, 5, 7, 5, 2, 7, 3, 7, 5, 3, 6, 5, 7, 6, 3, 6, 7, 6, 3, 1, 3, 4, 2, 7, 6, 3, 7, 2, 2, 6, 2, 4, 6, 7, 1, 5, 6, 5, 5, 2, 7, 3, 7, 7, 2, 3, 3, 1, 3, 5, 6, 2, 6, 2, 1, 6, 4, 3, 2, 5, 6, 4, 6, 3, 3, 7, 3, 5, 6, 5, 3, 4, 2, 7, 4, 6, 3, 4, 3, 7, 5, 1, 6, 6, 7, 3, 5, 5, 4, 4, 2, 7, 7, 2, 7, 6, 7, 1, 4, 6, 2, 5, 7, 7, 7, 7, 7, 5, 1, 2, 6, 3, 7, 6, 6, 7, 7, 7, 5, 6, 7, 1, 2, 7, 7, 6, 6, 7, 7, 6, 4, 6, 3, 7, 6, 7, 7, 7, 7, 7, 1, 5, 3, 5, 6, 7, 4, 7, 6, 7, 6, 7, 6, 2, 5, 7, 7, 7, 5, 2, 7, 4, 6, 6, 7, 1, 3, 1, 2, 6, 1, 1, 6, 6, 2, 5, 7, 7, 5, 7, 6, 4, 2, 4, 6, 4, 7, 7, 1, 2, 6, 1, 5, 2, 6, 6, 2, 4, 1, 1, 6, 6, 7, 4, 7, 4, 6, 7, 3, 4, 1, 3, 6, 7, 1, 1, 1, 7, 6, 6, 5, 6, 5, 3, 7, 6, 6, 5, 6, 6, 7, 7, 5, 3, 2, 5, 6, 7, 7, 2, 7, 7, 6, 7, 2, 4, 6, 3, 2, 7, 7, 7, 5, 6, 6, 6, 2, 7, 3, 1, 7, 6, 6, 7, 7, 7, 7, 3, 2, 3, 2, 6, 6, 6, 7, 2, 7, 7, 3, 4, 5, 7, 7, 4, 6, 6, 5, 6, 6, 7, 1, 7, 1, 1, 6, 7, 6, 2, 7, 5, 1, 2, 3, 7, 7, 6, 6, 7, 2, 1, 1, 3, 1, 5, 7, 5, 6, 7, 6, 6, 3, 6, 7, 7, 4, 1, 5, 7, 6, 7, 6, 1, 7, 4, 3, 7, 2, 7, 3, 6, 6, 6, 4, 1, 2, 7, 2, 7, 1, 7, 6, 7, 6, 5, 5, 3, 6, 3, 7, 6, 4, 6, 7, 7, 1, 2, 5, 2, 7, 3]
1, 4, [1987.7, 46899.2970290671, 43367.7116767577, 27.2746653390111], [6, 4, 5, 2, 3, 7, 7, 5, 1, 1, 2, 6, 3, 5, 6, 1, 4, 4, 3, 6, 6, 6, 6, 7, 5, 1, 7, 3, 7, 2, 4, 5, 3, 3, 7, 3, 6, 3, 6, 7, 2, 3, 2, 2, 4, 5, 3, 1, 4, 4, 2, 2, 1, 5, 7, 4, 5, 7, 6, 5, 5, 2, 4, 1, 2, 1, 2, 2, 6, 1, 6, 2, 1, 6, 3, 1, 6, 4, 3, 5, 4, 5, 1, 1, 3, 2, 3, 1, 3, 3, 1, 6, 2, 2, 3, 1, 4, 7, 1, 4, 2, 2, 6, 7, 3, 3, 1, 3, 7, 7, 6, 3, 6, 4, 6, 1, 1, 6, 7, 2, 5, 7, 6, 7, 4, 1, 7, 7, 6, 4, 5, 5, 6, 2, 2, 4, 1, 6, 7, 7, 1, 6, 6, 7, 7, 6, 6, 6, 1, 7, 5, 7, 7, 1, 5, 6, 4, 3, 7, 5, 2, 6, 4, 2, 5, 7, 7, 1, 7, 6, 5, 3, 4, 7, 7, 7, 4, 1, 2, 7, 3, 5, 5, 7, 5, 2, 5, 5, 5, 2, 7, 6, 6, 6, 3, 7, 6, 1, 7, 7, 6, 5, 3, 4, 3, 6, 1, 5, 3, 7, 6, 2, 3, 1, 3, 3, 7, 3, 1, 7, 6, 3, 4, 1, 7, 3, 2, 3, 1, 6, 7, 2, 6, 7, 1, 3, 7, 6, 2, 7, 2, 6, 7, 7, 7, 5, 7, 1, 5, 1, 3, 5, 4, 3, 3, 3, 2, 2, 5, 2, 3, 1, 3, 2, 6, 3, 4, 1, 2, 2, 4, 2, 4, 6, 6, 4, 7, 4, 6, 7, 5, 6, 7, 1, 4, 6, 5, 6, 2, 5, 7, 1, 2, 5, 6, 7, 5, 1, 2, 7, 5, 3, 4, 6, 3, 3, 5, 5, 3, 3, 5, 4, 7, 7, 1, 7, 2, 1, 4, 1, 1, 4, 3, 6, 7, 4, 6, 1, 4, 7, 4, 6, 5, 4, 6, 7, 1, 3, 6, 5, 5, 7, 7, 5, 1, 1, 7, 5, 2, 5, 1, 1, 4, 3, 1, 7, 2, 4, 4, 6, 2, 2, 1, 6, 4, 2, 2, 3, 6, 3, 2, 7, 1, 2, 6, 7, 7, 1, 3, 2, 5, 1, 6, 6, 4, 4, 5, 1, 3, 1, 3, 3, 5, 7, 6, 1, 5, 7, 6, 3, 3, 4, 7, 3, 7, 6, 7, 2, 2, 4, 2, 1, 7, 3, 3, 3, 3, 3, 3, 7, 3, 3, 7, 3, 3, 3, 3, 3, 3, 3, 3, 3, 3, 3, 3, 3, 7, 3, 3, 3, 3, 3, 3, 3, 3, 3, 3, 3, 3, 1, 3, 3, 3, 3, 3, 3, 3, 3, 3, 3, 3, 3, 3, 3, 7, 3, 3, 3, 3, 3, 3, 3, 3, 3, 3, 3, 3, 3, 3, 3, 3, 3, 3, 3, 3, 3, 3, 3, 3, 3, 3, 3, 3, 3, 3, 7, 3, 3, 3, 3, 3, 3, 3, 3, 3, 3, 7, 3, 3, 3, 6, 3, 3, 3, 3, 3, 3, 7, 3, 3, 3, 6, 3, 3, 3, 3, 3, 3, 3, 3, 2, 6, 3, 3, 3, 3, 3, 3, 3, 6, 6, 3, 3, 3, 3, 3, 3, 3, 3, 3, 6, 3, 3, 6, 3, 3, 3, 3, 3, 3, 3, 6, 6, 3, 3, 7, 3, 3, 3, 3, 3, 3, 7, 6, 6, 3, 6, 3, 3, 3, 7, 3, 3, 3, 6, 6, 6, 3, 3, 3, 3, 7, 3, 7, 3, 6, 3, 3, 3, 6, 7, 7, 7, 6, 3, 3, 6, 6, 3, 3, 7, 7, 7, 7, 7, 7, 6, 6, 3, 3, 3, 3, 6, 7, 7, 3, 7, 7, 7, 3, 6, 6, 3, 3, 6, 3, 3, 3, 7, 3, 3, 7, 7, 3, 3, 6, 6, 6, 6, 3, 3, 3, 7, 7, 6, 7, 3, 3, 3, 6, 6, 3, 3, 3, 7, 3, 6, 3, 3, 3, 3, 3, 3, 6, 6, 6, 7, 3, 7, 7, 7, 3, 3, 3, 6, 6, 6, 3, 7, 3, 3, 3, 3, 3, 3, 3, 3, 6, 6, 6, 7, 3, 3, 3, 3, 3, 3, 3, 3, 6, 6, 6, 7, 3, 3, 3, 3, 3, 3, 3, 3, 3, 6, 6, 3, 3, 3, 3, 6, 3, 3, 3, 3, 3, 3, 3, 3, 3, 3, 3, 3, 3, 3, 3, 3, 3, 3, 3, 3, 3, 3, 3, 3, 3, 3, 3, 3, 7, 3, 3, 3, 3, 3, 3, 3, 7, 7, 3, 3, 3, 3, 3, 3, 3, 3, 7, 7, 3, 3, 6, 3, 3, 3, 3, 1, 3, 3, 5, 3, 3, 7, 3, 3, 3, 3, 3, 7, 7, 3, 3, 3, 3, 3, 3, 3, 3, 3, 3, 7, 3, 3, 3, 3, 3, 3, 3, 3, 3, 3, 3, 3, 3, 3, 3, 3, 3, 3, 3, 3, 3, 3, 3, 3, 3, 3, 3, 3, 3, 3, 3, 3, 6, 6, 3, 3, 3, 3, 3, 3, 3, 3, 3, 6, 6, 3, 3, 3, 3, 3, 3, 3, 3, 6, 3, 3, 3, 3, 3, 3, 3, 3, 3, 3, 3, 6, 3, 3, 3, 3, 3, 3, 3, 3, 3, 6, 6, 3, 3, 3, 3, 3, 3, 3, 3, 3, 6, 6, 3, 7, 3, 3, 3, 3, 3, 3, 6, 3, 3, 3, 3, 3, 3, 7, 3, 3, 6, 3, 3, 3, 3, 3, 3, 3, 3, 3, 3, 3, 3, 3, 3, 3, 3, 3, 3, 6, 3, 3, 3, 3, 3, 3, 3, 3, 3, 3, 3, 3, 6, 3, 3, 3, 7, 3, 3, 6, 3, 3, 3, 3, 3, 3, 3, 3, 6, 6, 3, 6, 6, 3, 3, 3, 3, 3, 3, 6, 6, 6, 6, 6, 3, 3, 3, 3, 3, 6, 6, 6, 6, 6, 6, 3, 3, 3, 3, 3, 6, 6, 6, 6, 6, 6, 6, 3, 3, 3, 6, 6, 7, 6, 6, 6, 6, 3, 3, 3, 3, 6, 6, 3, 6, 6, 6, 6, 6, 6, 3, 3, 6, 6, 6, 3, 3, 3, 3, 6, 6, 3, 3, 3, 3, 3, 6, 3, 3, 6, 6, 7, 3, 3, 3, 3, 6, 7, 3, 3, 3, 6, 3, 3, 3, 3, 3, 6, 3, 3, 3, 6, 3, 3, 3, 3, 3, 6, 6, 6, 3, 7, 3, 6, 6, 3, 3, 3, 3, 3, 6, 3, 3, 3, 6, 6, 6, 3, 3, 3, 3, 6, 6, 6, 3, 3, 6, 6, 6, 3, 3, 3, 3, 6, 6, 3, 3, 3, 6, 6, 3, 3, 4, 3, 3, 3, 6, 6, 3, 3, 6, 6, 3, 3, 3, 3, 3, 3, 6, 6, 7, 6, 6, 6, 3, 3, 3, 3, 3, 6, 6, 7, 3, 6, 6, 3, 3, 3, 3, 7, 3, 6, 6, 3, 6, 6, 6, 3, 7, 3, 3, 6, 6, 6, 3, 6, 3, 3, 3, 3, 3, 6, 6, 6, 6, 3, 3, 3, 3, 3, 3, 7, 3, 6, 6, 6, 6, 3, 3, 3, 3, 3, 3, 3, 6, 6, 6, 6, 3, 3, 3, 3, 3, 3, 7, 3, 6, 6, 6, 3, 3, 3, 3, 3, 7, 3, 7, 6, 6, 3, 3, 3, 3, 3, 3, 7, 6, 3, 3, 3, 7, 3, 3, 3, 3, 3, 3]
2, 0, [853.166666666667, 54786.2564458678, 43736.4846080899, 24.087818867946], [1, 2, 3, 4, 5, 6, 7, 3, 3, 3, 3, 3, 3, 3, 3, 3, 3, 3, 3, 3, 3, 3, 3, 3, 3, 3, 3, 3, 3, 3, 3, 3, 3, 3, 3, 3, 3, 3, 3, 3, 3, 3, 3, 3, 3, 3, 3, 3, 3, 3, 3, 3, 3, 3, 3, 3, 3, 3, 3, 3, 3, 3, 3, 3, 3, 3, 3, 3, 3, 3, 3, 3, 3, 3, 3, 3, 3, 3, 3, 3, 3, 3, 3, 3, 3, 3, 3, 3, 3, 3, 3, 3, 3, 3, 3, 3, 3, 3, 3, 3, 3, 3, 3, 3, 3, 3, 3, 3, 3, 3, 6, 3, 3, 3, 3, 3, 3, 6, 6, 3, 3, 3, 3, 3, 3, 3, 6, 7, 3, 3, 3, 3, 6, 3, 3, 3, 3, 6, 7, 6, 3, 3, 3, 6, 6, 3, 3, 3, 3, 7, 3, 7, 3, 3, 3, 3, 3, 3, 6, 3, 3, 3, 3, 3, 3, 7, 7, 3, 3, 3, 3, 3, 3, 7, 6, 3, 3, 3, 3, 3, 3, 3, 3, 7, 3, 3, 3, 3, 3, 3, 3, 3, 3, 3, 3, 3, 3, 3, 3, 6, 6, 3, 3, 3, 3, 3, 3, 3, 3, 7, 6, 3, 3, 3, 3, 3, 3, 3, 3, 7, 3, 3, 3, 3, 3, 3, 3, 3, 3, 3, 3, 3, 3, 3, 3, 3, 3, 3, 3, 7, 3, 3, 3, 3, 3, 3, 3, 3, 3, 3, 3, 3, 3, 3, 3, 3, 3, 3, 3, 3, 3, 3, 3, 3, 3, 3, 3, 3, 3, 3, 3, 3, 3, 3, 3, 3, 7, 3, 3, 3, 3, 3, 3, 3, 3, 6, 3, 3, 3, 3, 3, 3, 3, 3, 3, 3, 3, 3, 3, 3, 3, 3, 3, 6, 3, 3, 3, 3, 3, 3, 3, 3, 3, 6, 3, 3, 3, 3, 3, 3, 3, 3, 3, 6, 3, 3, 3, 3, 3, 3, 3, 3, 3, 3, 3, 7, 3, 3, 3, 3, 3, 3, 3, 3, 3, 3, 3, 3, 3, 3, 3, 3, 3, 3, 3, 3, 3, 3, 3, 3, 3, 3, 3, 3, 3, 3, 3, 3, 6, 3, 3, 3, 3, 3, 3, 3, 3, 3, 3, 3, 3, 3, 6, 3, 3, 3, 3, 3, 3, 3, 3, 3, 3, 3, 6, 3, 3, 3, 3, 3, 3, 3, 3, 3, 3, 3, 6, 3, 3, 3, 3, 3, 3, 3, 3, 3, 3, 3, 3, 7, 3, 3, 7, 3, 3, 3, 3, 3, 3, 3, 3, 3, 3, 3, 3, 3, 7, 3, 3, 3, 3, 3, 3, 3, 3, 3, 3, 3, 3, 3, 3, 3, 3, 3, 3, 3, 3, 3, 3, 3, 3, 3, 3, 3, 7, 3, 3, 3, 3, 3, 3, 3, 3, 3, 3, 3, 3, 3, 3, 3, 3, 3, 3, 3, 3, 3, 3, 3, 3, 3, 3, 3, 3, 3, 3, 7, 3, 3, 3, 3, 3, 3, 3, 3, 3, 3, 7, 3, 3, 3, 6, 3, 3, 3, 3, 3, 3, 7, 3, 3, 3, 6, 3, 3, 3, 3, 3, 3, 3, 3, 3, 6, 3, 3, 3, 3, 3, 3, 3, 6, 6, 3, 3, 3, 3, 3, 3, 3, 3, 3, 6, 3, 3, 6, 3, 3, 3, 3, 3, 3, 3, 6, 6, 3, 3, 3, 3, 3, 3, 3, 3, 3, 7, 6, 6, 3, 6, 3, 3, 3, 7, 3, 3, 3, 6, 6, 6, 3, 3, 3, 3, 7, 3, 7, 3, 6, 3, 3, 3, 6, 7, 7, 7, 6, 3, 3, 6, 6, 3, 3, 7, 7, 7, 7, 7, 7, 6, 6, 3, 3, 3, 3, 6, 7, 7, 3, 7, 7, 7, 3, 6, 6, 3, 3, 6, 3, 3, 3, 7, 3, 3, 7, 7, 3, 3, 6, 6, 6, 6, 3, 3, 3, 7, 7, 6, 7, 3, 3, 3, 6, 6, 3, 3, 3, 7, 3, 6, 3, 3, 3, 3, 3, 3, 6, 6, 6, 7, 3, 7, 7, 7, 3, 3, 3, 6, 6, 6, 3, 7, 3, 3, 3, 3, 3, 3, 3, 3, 6, 6, 6, 7, 3, 3, 3, 3, 3, 3, 3, 3, 6, 6, 6, 7, 3, 3, 3, 3, 3, 3, 3, 3, 3, 6, 6, 3, 3, 3, 3, 6, 3, 3, 3, 3, 3, 3, 3, 3, 3, 3, 3, 3, 3, 3, 3, 3, 3, 3, 3, 3, 3, 3, 3, 3, 3, 3, 3, 3, 7, 3, 3, 3, 3, 3, 3, 3, 7, 7, 3, 3, 3, 3, 3, 3, 3, 3, 7, 7, 3, 3, 6, 3, 3, 3, 3, 3, 3, 3, 3, 3, 3, 7, 3, 3, 3, 3, 3, 7, 7, 3, 3, 3, 3, 3, 3, 3, 3, 3, 3, 7, 3, 3, 3, 3, 3, 3, 3, 3, 3, 3, 3, 3, 3, 3, 3, 3, 3, 3, 3, 3, 3, 3, 3, 3, 3, 3, 3, 3, 3, 3, 3, 3, 6, 6, 3, 3, 3, 3, 3, 3, 3, 3, 3, 6, 6, 3, 3, 3, 3, 3, 3, 3, 3, 6, 3, 3, 3, 3, 3, 3, 3, 3, 3, 3, 3, 6, 3, 3, 3, 3, 3, 3, 3, 3, 3, 6, 6, 3, 3, 3, 3, 3, 3, 3, 3, 3, 6, 6, 3, 3, 3, 3, 3, 3, 3, 3, 6, 3, 3, 3, 3, 3, 3, 7, 3, 3, 6, 3, 3, 3, 3, 3, 3, 3, 3, 3, 3, 3, 3, 3, 3, 3, 3, 3, 3, 6, 3, 3, 3, 3, 3, 3, 3, 3, 3, 3, 3, 3, 6, 3, 3, 3, 7, 3, 3, 6, 3, 3, 3, 3, 3, 3, 3, 3, 6, 6, 3, 6, 6, 3, 3, 3, 3, 3, 3, 6, 6, 6, 6, 6, 3, 3, 3, 3, 3, 6, 6, 6, 6, 6, 6, 3, 3, 3, 3, 3, 6, 6, 6, 6, 6, 6, 6, 3, 3, 3, 6, 6, 7, 6, 6, 6, 6, 3, 3, 3, 3, 6, 6, 3, 6, 6, 6, 6, 6, 6, 3, 3, 6, 6, 6, 3, 3, 3, 3, 6, 6, 3, 3, 3, 3, 3, 6, 3, 3, 6, 6, 3, 3, 3, 3, 3, 6, 6, 3, 3, 3, 6, 3, 3, 3, 3, 3, 6, 3, 3, 3, 6, 3, 3, 3, 3, 3, 6, 6, 6, 3, 7, 3, 6, 6, 3, 3, 3, 3, 3, 6, 3, 3, 3, 6, 6, 6, 3, 3, 3, 3, 6, 6, 6, 3, 3, 6, 6, 6, 3, 3, 3, 3, 6, 6, 3, 3, 3, 6, 6, 3, 3, 3, 3, 3, 3, 6, 6, 3, 3, 6, 6, 3, 3, 3, 3, 3, 3, 6, 6, 7, 6, 6, 6, 3, 3, 3, 3, 3, 6, 6, 7, 3, 6, 6, 3, 3, 3, 3, 7, 3, 6, 6, 3, 6, 6, 6, 3, 7, 3, 3, 6, 6, 6, 3, 6, 3, 3, 3, 3, 3, 6, 6, 6, 6, 3, 3, 3, 3, 3, 3, 7, 3, 6, 6, 6, 6, 3, 3, 3, 3, 3, 3, 3, 6, 6, 6, 6, 3, 3, 3, 3, 3, 3, 7, 3, 6, 6, 6, 3, 3, 3, 3, 3, 7, 3, 7, 6, 6, 3, 3, 3, 3, 3, 3, 7, 6, 3, 3, 3, 7, 3, 3, 3, 3, 3, 3]
2, 1, [4345.9, 34583.3926466449, 42335.9552300276, 32.1263036677494], [1, 3, 5, 2, 6, 7, 7, 7, 4, 1, 4, 7, 2, 1, 6, 5, 4, 2, 5, 2, 7, 4, 5, 2, 3, 3, 2, 3, 7, 1, 2, 2, 3, 1, 3, 6, 1, 6, 4, 3, 6, 7, 5, 2, 7, 5, 2, 6, 6, 2, 1, 5, 2, 4, 1, 2, 7, 3, 3, 1, 3, 7, 1, 7, 2, 6, 6, 5, 5, 3, 4, 1, 1, 2, 2, 4, 6, 4, 3, 4, 1, 1, 7, 7, 5, 6, 4, 6, 7, 2, 6, 3, 7, 7, 1, 4, 5, 6, 1, 3, 5, 7, 3, 1, 3, 7, 4, 2, 6, 3, 7, 7, 5, 2, 2, 5, 2, 7, 6, 5, 7, 3, 2, 4, 7, 3, 6, 7, 7, 3, 5, 3, 7, 4, 3, 4, 1, 6, 7, 7, 7, 7, 6, 6, 7, 4, 5, 4, 1, 7, 3, 7, 5, 7, 4, 5, 1, 3, 7, 5, 4, 4, 3, 3, 1, 7, 7, 3, 2, 1, 5, 1, 7, 7, 7, 7, 5, 4, 7, 7, 4, 5, 3, 7, 5, 4, 2, 7, 4, 5, 7, 5, 4, 7, 1, 3, 7, 2, 5, 7, 7, 7, 6, 3, 4, 7, 2, 6, 6, 7, 7, 2, 5, 2, 1, 4, 7, 6, 7, 7, 3, 3, 3, 1, 6, 1, 7, 7, 6, 1, 2, 6, 3, 2, 6, 3, 2, 7, 6, 7, 2, 6, 6, 6, 5, 4, 3, 2, 7, 2, 6, 1, 2, 3, 6, 5, 7, 6, 6, 5, 1, 2, 1, 1, 4, 5, 2, 2, 7, 5, 1, 2, 6, 5, 5, 5, 7, 7, 6, 6, 2, 7, 6, 5, 3, 7, 6, 2, 6, 1, 7, 5, 2, 7, 1, 2, 5, 6, 2, 5, 5, 7, 6, 6, 4, 2, 5, 2, 5, 2, 3, 2, 7, 7, 5, 1, 2, 3, 4, 4, 5, 5, 7, 6, 1, 7, 3, 7, 7, 5, 6, 1, 1, 3, 5, 7, 2, 4, 2, 6, 4, 4, 1, 7, 4, 7, 7, 3, 7, 6, 6, 4, 6, 3, 7, 4, 2, 3, 2, 6, 3, 2, 4, 5, 4, 2, 7, 5, 7, 1, 4, 6, 2, 2, 6, 7, 6, 2, 5, 4, 1, 5, 7, 3, 5, 4, 4, 6, 1, 2, 2, 2, 5, 7, 7, 7, 2, 1, 1, 6, 7, 7, 7, 2, 6, 4, 6, 1, 4, 3, 7, 3, 6, 6, 3, 4, 1, 1, 6, 7, 7, 6, 7, 4, 6, 7, 1, 3, 1, 6, 2, 4, 3, 1, 6, 4, 7, 1, 6, 3, 5, 6, 5, 2, 5, 1, 1, 7, 5, 1, 3, 7, 2, 5, 1, 7, 1, 4, 5, 7, 5, 7, 5, 6, 7, 6, 4, 2, 4, 4, 5, 7, 3, 6, 7, 4, 1, 2, 3, 5, 6, 4, 4, 6, 2, 2, 4, 7, 3, 6, 3, 7, 1, 4, 3, 7, 3, 3, 2, 6, 6, 5, 7, 3, 1, 2, 7, 1, 7, 1, 6, 1, 4, 6, 5, 6, 1, 7, 7, 4, 6, 6, 1, 7, 1, 7, 2, 7, 2, 4, 5, 6, 5, 7, 3, 4, 5, 7, 1, 7, 6, 6, 3, 6, 6, 7, 4, 4, 2, 6, 7, 3, 5, 7, 4, 4, 1, 3, 5, 4, 1, 7, 6, 5, 4, 4, 7, 4, 5, 7, 2, 4, 7, 6, 6, 1, 7, 7, 2, 5, 7, 4, 7, 1, 6, 6, 7, 2, 3, 4, 1, 7, 4, 7, 7, 7, 6, 7, 5, 7, 7, 7, 7, 6, 4, 5, 6, 7, 2, 3, 7, 7, 7, 7, 7, 7, 7, 7, 5, 1, 4, 7, 6, 7, 7, 7, 7, 7, 7, 4, 6, 6, 3, 5, 7, 4, 3, 1, 7, 7, 4, 7, 7, 1, 5, 7, 6, 7, 6, 4, 6, 1, 7, 7, 6, 7, 2, 4, 7, 6, 6, 4, 3, 2, 7, 6, 7, 2, 6, 6, 3, 3, 2, 6, 6, 6, 7, 6, 7, 7, 7, 2, 6, 4, 6, 7, 6, 1, 7, 5, 3, 3, 6, 6, 1, 2, 1, 6, 7, 6, 7, 3, 7, 3, 5, 5, 1, 4, 6, 7, 7, 6, 7, 3, 1, 3, 7, 2, 2, 1, 3, 5, 7, 6, 2, 6, 4, 2, 7, 4, 4, 4, 6, 4, 3, 4, 5, 7, 3, 4, 4, 4, 3, 2, 4, 4, 2, 3, 3, 1, 1, 7, 6, 1, 7, 4, 6, 7, 3, 3, 7, 6, 2, 4, 5, 7, 7, 6, 1, 6, 7, 2, 3, 7, 4, 7, 7, 1, 7, 6, 5, 3, 1, 4, 7, 1, 1, 1, 4, 3, 7, 2, 7, 5, 6, 4, 7, 7, 2, 1, 3, 2, 2, 4, 5, 4, 2, 5, 7, 3, 7, 5, 1, 1, 5, 5, 5, 6, 2, 6, 7, 7, 2, 5, 4, 5, 1, 7, 3, 3, 2, 3, 2, 7, 6, 1, 6, 5, 6, 7, 3, 7, 6, 1, 1, 1, 7, 1, 7, 3, 1, 1, 6, 6, 5, 3, 5, 4, 7, 3, 2, 2, 6, 1, 7, 7, 1, 5, 2, 4, 2, 7, 7, 2, 6, 1, 6, 4, 6, 1, 4, 2, 5, 4, 6, 6, 6, 1, 6, 3, 5, 5, 1, 1, 3, 7, 6, 7, 7, 3, 6, 2, 4, 6, 4, 6, 3, 1, 3, 7, 6, 2, 7, 2, 3, 7, 3, 4, 2, 7, 7, 5, 5, 2, 1, 4, 5, 6, 5, 1, 7, 3, 7, 5, 6, 1, 2, 7, 6, 7, 2, 7, 3, 3, 1, 3, 7, 6, 2, 2, 1, 7, 4, 5, 7, 4, 7, 7, 7, 6, 5, 7, 5, 7, 7, 1, 6, 6, 6, 3, 5, 2, 6, 1, 6, 7, 6, 7, 7, 3, 1, 7, 3, 2, 7, 6, 6, 7, 7, 6, 4, 3, 5, 7, 7, 7, 6, 6, 7, 6, 7, 6, 7, 3, 3, 6, 7, 7, 7, 7, 7, 6, 5, 3, 4, 4, 6, 6, 1, 7, 7, 7, 7, 6, 7, 4, 3, 6, 6, 7, 6, 1, 1, 1, 7, 7, 5, 7, 4, 5, 1, 6, 5, 6, 6, 6, 4, 5, 2, 3, 2, 7, 7, 3, 6, 1, 7, 1, 6, 6, 6, 4, 6, 2, 1, 6, 7, 6, 1, 2, 2, 3, 6, 7, 6, 7, 7, 2, 6, 7, 4, 7, 6, 1, 6, 7, 6, 7, 2, 7, 7, 6, 1, 7, 2, 2, 6, 6, 7, 2, 3, 7, 6, 7, 2, 6, 6, 5, 6, 6, 1, 7, 3, 6, 6, 3, 1, 3, 3, 1, 5, 6, 6, 7, 1, 7, 6, 4, 4, 1, 6, 7, 1, 7, 7, 7, 6, 6, 7, 1, 1, 3, 3, 1, 7, 7, 7, 1, 6, 6, 2, 4, 4, 2, 7, 5, 6, 6, 4, 7, 6, 7, 7, 7, 5, 2, 7, 7, 7, 1, 6, 3, 1, 3, 7, 7, 6, 6, 7, 6, 3, 1, 4, 5, 7, 6, 7, 3, 7, 6, 6, 6, 7, 6, 7, 5, 4, 7, 2, 6, 6, 7, 7, 5, 1, 4, 1, 4, 6, 7, 7, 7, 6, 6, 4, 1, 6, 1, 7, 7, 1, 7, 7, 6, 4, 3, 6, 1, 5, 4, 7, 6, 6, 1, 2, 7, 1, 6, 4, 3, 6, 6]
2, 2, [4395.86666666667, 34657.3268309768, 42339.5261015064, 32.0874859126463], [3, 5, 3, 4, 5, 6, 7, 5, 1, 7, 5, 7, 3, 4, 7, 6, 2, 1, 1, 4, 3, 4, 1, 2, 1, 1, 6, 1, 7, 5, 1, 4, 5, 5, 7, 2, 1, 7, 7, 5, 3, 1, 6, 6, 1, 4, 7, 4, 2, 1, 3, 4, 7, 1, 7, 5, 4, 5, 3, 2, 6, 6, 2, 2, 6, 1, 5, 4, 2, 3, 3, 6, 4, 7, 4, 6, 3, 7, 6, 5, 1, 7, 4, 7, 2, 3, 5, 5, 7, 5, 7, 6, 6, 1, 2, 4, 2, 1, 5, 1, 5, 2, 7, 7, 4, 2, 1, 1, 7, 1, 7, 1, 7, 1, 3, 2, 6, 7, 7, 3, 2, 5, 5, 1, 6, 4, 6, 7, 6, 7, 2, 5, 7, 5, 3, 6, 3, 7, 7, 6, 3, 5, 6, 6, 6, 1, 5, 6, 5, 7, 7, 7, 4, 1, 5, 5, 1, 1, 7, 7, 1, 3, 1, 3, 2, 7, 7, 4, 4, 5, 4, 7, 3, 7, 6, 6, 6, 3, 5, 2, 5, 5, 3, 7, 7, 6, 7, 6, 3, 6, 6, 7, 6, 4, 3, 5, 5, 6, 7, 6, 7, 1, 3, 4, 4, 7, 1, 2, 4, 7, 7, 7, 5, 2, 2, 5, 1, 6, 1, 7, 2, 1, 7, 7, 7, 6, 7, 4, 1, 6, 5, 3, 3, 5, 7, 7, 7, 1, 3, 7, 1, 3, 6, 1, 6, 6, 3, 6, 5, 6, 7, 7, 7, 1, 2, 7, 4, 4, 4, 5, 7, 3, 4, 7, 3, 1, 4, 7, 3, 4, 2, 4, 5, 5, 1, 2, 7, 3, 4, 5, 5, 1, 7, 5, 6, 7, 2, 2, 6, 7, 1, 1, 7, 1, 7, 2, 5, 5, 4, 5, 4, 4, 3, 7, 6, 5, 3, 4, 2, 1, 1, 3, 4, 6, 3, 4, 6, 2, 6, 2, 4, 7, 2, 7, 2, 2, 3, 5, 5, 1, 4, 4, 6, 6, 7, 7, 6, 5, 1, 4, 1, 2, 6, 1, 2, 2, 7, 1, 7, 7, 5, 7, 3, 6, 6, 2, 3, 6, 2, 7, 3, 5, 7, 7, 2, 5, 2, 7, 7, 3, 5, 3, 4, 6, 4, 1, 1, 3, 4, 5, 2, 5, 7, 1, 3, 1, 6, 2, 3, 7, 5, 6, 4, 3, 6, 4, 2, 3, 4, 4, 1, 6, 2, 3, 4, 2, 7, 1, 3, 2, 2, 7, 3, 6, 6, 6, 4, 3, 7, 7, 7, 3, 7, 2, 7, 3, 7, 4, 1, 6, 6, 1, 6, 4, 5, 4, 7, 1, 6, 2, 5, 6, 3, 6, 3, 4, 7, 5, 4, 1, 6, 7, 2, 7, 6, 6, 4, 4, 4, 5, 6, 5, 7, 4, 7, 5, 4, 5, 2, 4, 2, 2, 3, 7, 7, 4, 1, 2, 3, 5, 6, 4, 4, 6, 2, 2, 4, 7, 3, 6, 3, 7, 1, 4, 3, 7, 3, 3, 2, 6, 6, 5, 7, 3, 1, 2, 7, 1, 7, 1, 6, 1, 4, 6, 5, 6, 1, 7, 7, 4, 6, 6, 1, 7, 1, 7, 2, 7, 2, 4, 5, 6, 5, 7, 3, 4, 5, 7, 1, 7, 6, 6, 3, 6, 6, 7, 4, 4, 2, 6, 7, 3, 5, 7, 4, 4, 1, 3, 5, 4, 1, 7, 6, 5, 4, 4, 7, 4, 5, 7, 2, 4, 7, 6, 6, 1, 7, 7, 2, 5, 7, 4, 7, 1, 6, 6, 7, 2, 3, 4, 1, 7, 4, 7, 7, 7, 6, 7, 5, 7, 7, 7, 7, 6, 4, 5, 6, 7, 2, 3, 7, 7, 7, 7, 7, 7, 7, 7, 5, 1, 4, 7, 6, 7, 7, 7, 7, 7, 7, 4, 6, 6, 3, 5, 7, 4, 3, 1, 7, 7, 4, 7, 7, 1, 5, 7, 6, 7, 6, 4, 6, 1, 7, 7, 6, 7, 2, 4, 7, 6, 6, 4, 3, 2, 7, 6, 7, 2, 6, 6, 3, 3, 2, 6, 6, 6, 7, 6, 7, 7, 7, 2, 6, 4, 6, 7, 6, 1, 7, 5, 3, 3, 6, 6, 1, 2, 1, 6, 7, 6, 7, 7, 7, 3, 5, 5, 1, 4, 6, 7, 7, 6, 7, 3, 1, 3, 7, 2, 2, 1, 6, 5, 7, 6, 2, 6, 4, 2, 7, 4, 4, 4, 6, 4, 3, 4, 5, 7, 3, 4, 4, 4, 3, 2, 4, 4, 2, 3, 3, 1, 1, 7, 6, 1, 7, 4, 6, 7, 3, 3, 7, 6, 2, 4, 5, 7, 7, 6, 1, 6, 7, 2, 3, 7, 4, 7, 7, 1, 7, 6, 5, 3, 1, 4, 7, 1, 1, 1, 4, 3, 7, 2, 7, 5, 6, 4, 7, 7, 2, 1, 3, 2, 2, 4, 5, 4, 2, 5, 7, 3, 7, 5, 1, 1, 5, 5, 5, 6, 2, 6, 7, 7, 2, 5, 4, 5, 1, 7, 3, 3, 2, 3, 2, 7, 6, 1, 6, 5, 6, 7, 3, 7, 6, 1, 1, 1, 7, 1, 7, 3, 1, 1, 6, 6, 5, 3, 5, 4, 7, 3, 2, 2, 6, 1, 7, 7, 1, 5, 2, 4, 2, 7, 7, 2, 6, 1, 6, 4, 6, 1, 4, 2, 5, 4, 6, 6, 6, 1, 6, 3, 5, 5, 1, 1, 3, 7, 6, 7, 7, 3, 6, 2, 4, 6, 4, 6, 3, 1, 3, 7, 6, 2, 7, 2, 3, 7, 3, 4, 2, 7, 7, 5, 5, 2, 3, 4, 5, 6, 5, 1, 7, 3, 7, 5, 7, 1, 2, 7, 6, 7, 2, 7, 2, 3, 1, 3, 7, 6, 2, 2, 1, 7, 4, 5, 7, 4, 7, 7, 7, 6, 5, 7, 5, 7, 7, 1, 6, 6, 6, 3, 5, 2, 6, 1, 6, 7, 6, 7, 7, 3, 1, 7, 3, 2, 7, 6, 6, 7, 7, 6, 4, 3, 5, 7, 7, 7, 6, 6, 7, 6, 7, 6, 7, 3, 3, 6, 7, 7, 7, 7, 7, 6, 5, 3, 4, 4, 6, 6, 1, 7, 7, 7, 7, 6, 7, 4, 3, 6, 6, 7, 6, 1, 1, 1, 7, 7, 5, 7, 5, 5, 1, 6, 5, 6, 6, 6, 4, 5, 2, 3, 2, 7, 7, 3, 6, 1, 7, 1, 6, 6, 6, 4, 6, 2, 1, 6, 7, 6, 1, 2, 2, 3, 6, 7, 6, 7, 7, 2, 6, 7, 4, 7, 6, 1, 6, 7, 6, 7, 2, 7, 7, 6, 1, 7, 2, 2, 6, 6, 7, 2, 3, 7, 6, 7, 2, 6, 6, 5, 6, 6, 1, 7, 3, 6, 6, 3, 1, 3, 3, 1, 1, 6, 6, 7, 1, 7, 6, 4, 4, 1, 6, 7, 6, 7, 7, 7, 6, 6, 7, 1, 1, 3, 3, 1, 7, 7, 7, 1, 6, 6, 2, 4, 4, 2, 7, 5, 6, 6, 4, 7, 6, 7, 7, 7, 5, 2, 7, 7, 7, 1, 6, 3, 1, 3, 7, 7, 6, 6, 7, 6, 3, 1, 4, 5, 7, 6, 7, 3, 7, 6, 6, 6, 7, 6, 7, 5, 4, 7, 2, 6, 6, 7, 7, 5, 1, 4, 1, 4, 6, 7, 7, 7, 6, 6, 4, 1, 6, 1, 7, 7, 1, 7, 7, 6, 4, 3, 6, 1, 7, 4, 7, 6, 6, 1, 2, 7, 1, 6, 4, 3, 6, 6]
2, 3, [2650.88333333333, 42747.6917851575, 42999.2145247474, 29.2171386917237], [1, 3, 5, 2, 6, 7, 7, 7, 4, 1, 4, 7, 2, 1, 6, 5, 4, 2, 5, 2, 7, 4, 5, 2, 3, 3, 2, 3, 7, 1, 2, 2, 3, 1, 3, 6, 1, 6, 4, 3, 6, 7, 5, 2, 7, 5, 2, 6, 6, 2, 1, 5, 2, 4, 1, 2, 7, 3, 3, 1, 3, 7, 1, 2, 2, 6, 6, 5, 5, 3, 4, 1, 1, 2, 2, 4, 6, 4, 3, 4, 1, 1, 7, 7, 5, 6, 4, 6, 7, 2, 6, 3, 7, 7, 1, 4, 5, 6, 1, 3, 5, 7, 3, 1, 3, 7, 4, 2, 6, 3, 7, 7, 5, 2, 2, 5, 2, 7, 6, 5, 7, 3, 2, 4, 1, 3, 6, 7, 7, 3, 5, 3, 7, 4, 3, 4, 1, 6, 7, 7, 7, 7, 6, 6, 7, 4, 5, 4, 1, 7, 3, 7, 5, 7, 4, 5, 1, 3, 7, 5, 4, 4, 3, 3, 1, 7, 7, 3, 2, 1, 5, 1, 7, 7, 7, 7, 5, 4, 7, 7, 4, 5, 3, 7, 5, 4, 2, 7, 4, 5, 7, 5, 4, 7, 1, 3, 7, 2, 5, 7, 7, 7, 6, 3, 4, 7, 2, 6, 6, 7, 7, 2, 5, 2, 1, 4, 7, 6, 7, 7, 3, 3, 3, 1, 6, 1, 7, 7, 6, 1, 2, 6, 3, 2, 6, 3, 2, 7, 6, 7, 2, 6, 6, 6, 5, 4, 3, 2, 7, 2, 6, 1, 2, 3, 6, 5, 7, 6, 6, 5, 1, 2, 1, 1, 4, 5, 2, 2, 7, 5, 1, 2, 6, 5, 5, 5, 7, 7, 6, 6, 2, 7, 6, 5, 3, 7, 6, 2, 6, 1, 7, 5, 2, 7, 1, 2, 5, 6, 2, 5, 5, 7, 6, 6, 4, 2, 5, 2, 5, 2, 3, 2, 3, 7, 5, 1, 2, 3, 4, 4, 5, 4, 7, 6, 1, 7, 3, 7, 7, 5, 6, 1, 1, 3, 5, 7, 2, 4, 2, 6, 4, 4, 1, 7, 4, 7, 7, 3, 7, 6, 6, 4, 6, 3, 7, 4, 2, 3, 2, 6, 3, 2, 4, 5, 4, 2, 7, 5, 7, 1, 4, 6, 2, 2, 6, 7, 6, 2, 5, 4, 1, 5, 6, 3, 5, 4, 4, 6, 1, 2, 2, 2, 5, 7, 7, 7, 2, 1, 1, 6, 7, 7, 7, 2, 6, 4, 6, 1, 4, 3, 7, 3, 6, 6, 3, 4, 1, 1, 6, 7, 7, 6, 7, 4, 6, 7, 1, 3, 1, 6, 2, 4, 3, 1, 6, 4, 7, 1, 6, 3, 5, 6, 5, 2, 5, 1, 1, 7, 5, 1, 3, 7, 2, 5, 1, 7, 1, 4, 5, 7, 5, 7, 5, 6, 7, 6, 4, 2, 7, 4, 5, 1, 3, 6, 7, 4, 1, 2, 3, 5, 6, 4, 4, 6, 2, 2, 4, 7, 3, 6, 3, 7, 1, 4, 3, 7, 3, 3, 2, 6, 6, 5, 7, 3, 1, 2, 7, 1, 7, 1, 6, 1, 4, 6, 5, 6, 1, 7, 7, 4, 6, 6, 1, 7, 1, 2, 2, 7, 2, 4, 5, 6, 5, 7, 3, 4, 5, 7, 1, 7, 6, 6, 3, 6, 6, 7, 4, 4, 2, 6, 7, 3, 5, 7, 4, 4, 1, 3, 5, 4, 1, 7, 6, 5, 4, 4, 7, 4, 5, 7, 2, 4, 7, 6, 6, 1, 7, 7, 2, 5, 7, 4, 7, 1, 6, 6, 7, 2, 3, 4, 1, 7, 4, 7, 7, 7, 6, 7, 5, 7, 7, 7, 7, 6, 4, 5, 6, 7, 2, 3, 7, 7, 7, 7, 7, 7, 7, 7, 5, 1, 4, 7, 6, 7, 7, 7, 7, 7, 7, 4, 6, 6, 3, 5, 7, 4, 3, 1, 7, 7, 4, 7, 7, 1, 5, 7, 6, 7, 6, 4, 6, 1, 7, 7, 6, 7, 2, 4, 7, 6, 6, 4, 3, 2, 7, 6, 7, 2, 6, 6, 3, 3, 2, 6, 6, 6, 7, 6, 7, 7, 7, 2, 6, 4, 6, 7, 6, 1, 7, 5, 3, 3, 6, 6, 1, 2, 1, 6, 7, 6, 7, 3, 7, 3, 5, 5, 1, 4, 6, 7, 7, 6, 7, 3, 3, 3, 3, 3, 3, 3, 3, 3, 6, 6, 3, 3, 3, 3, 6, 3, 3, 3, 3, 3, 3, 3, 3, 3, 3, 3, 3, 3, 3, 3, 3, 3, 3, 3, 3, 3, 3, 3, 3, 3, 3, 3, 3, 7, 3, 3, 3, 3, 3, 3, 3, 7, 7, 3, 3, 3, 3, 3, 3, 3, 3, 7, 7, 3, 3, 6, 3, 3, 3, 3, 3, 3, 3, 3, 3, 3, 7, 3, 3, 3, 3, 3, 7, 7, 3, 3, 3, 3, 3, 3, 3, 3, 3, 3, 7, 3, 3, 3, 3, 3, 3, 3, 3, 3, 3, 3, 3, 3, 3, 3, 3, 3, 3, 3, 3, 3, 3, 3, 3, 3, 3, 3, 3, 3, 3, 3, 3, 6, 6, 3, 3, 3, 3, 3, 3, 3, 3, 3, 6, 6, 3, 3, 3, 3, 3, 3, 3, 3, 6, 3, 3, 3, 3, 3, 3, 3, 3, 3, 3, 3, 6, 3, 3, 3, 3, 3, 3, 3, 3, 3, 6, 6, 3, 3, 3, 3, 3, 3, 3, 3, 3, 6, 6, 3, 3, 3, 3, 3, 3, 3, 3, 6, 3, 3, 3, 3, 3, 3, 7, 3, 3, 6, 3, 3, 3, 3, 3, 3, 3, 3, 3, 3, 3, 3, 3, 3, 3, 3, 3, 3, 6, 3, 3, 5, 3, 3, 3, 3, 3, 3, 3, 3, 3, 6, 3, 3, 3, 7, 3, 3, 6, 3, 3, 3, 3, 3, 3, 3, 3, 6, 6, 3, 6, 6, 3, 3, 3, 3, 3, 3, 6, 6, 6, 6, 6, 3, 3, 3, 3, 3, 6, 6, 6, 6, 6, 6, 3, 3, 3, 3, 3, 6, 6, 6, 6, 6, 6, 6, 3, 3, 3, 6, 6, 7, 6, 6, 6, 6, 3, 3, 3, 3, 6, 6, 3, 6, 6, 6, 6, 6, 6, 3, 3, 6, 6, 6, 3, 3, 3, 3, 6, 6, 3, 3, 3, 3, 3, 6, 3, 3, 6, 6, 3, 3, 3, 3, 3, 6, 6, 3, 3, 3, 6, 3, 3, 3, 3, 3, 6, 3, 3, 3, 6, 3, 3, 3, 3, 3, 6, 6, 6, 3, 7, 3, 6, 6, 3, 3, 3, 3, 3, 6, 3, 3, 3, 6, 6, 6, 3, 3, 3, 3, 6, 6, 6, 3, 3, 6, 6, 6, 3, 3, 3, 3, 6, 6, 3, 3, 3, 6, 6, 3, 6, 3, 3, 3, 3, 6, 6, 3, 3, 6, 6, 3, 3, 3, 3, 3, 3, 6, 6, 7, 6, 6, 6, 3, 3, 3, 3, 3, 6, 6, 7, 3, 6, 6, 3, 3, 3, 3, 7, 3, 6, 6, 3, 6, 6, 6, 3, 7, 3, 3, 6, 6, 6, 3, 6, 3, 3, 3, 3, 3, 6, 6, 6, 6, 3, 3, 3, 3, 3, 3, 7, 3, 6, 6, 6, 6, 3, 3, 3, 3, 3, 3, 3, 6, 6, 6, 6, 3, 3, 3, 3, 3, 3, 7, 3, 6, 6, 6, 3, 3, 3, 3, 3, 7, 3, 7, 6, 6, 3, 3, 3, 3, 3, 3, 7, 6, 3, 3, 3, 7, 3, 3, 3, 3, 3, 3]
2, 4, [1987.7, 46899.2970290671, 43367.7116767577, 27.2746653390111], [6, 4, 5, 2, 3, 7, 7, 5, 1, 1, 2, 6, 3, 5, 6, 1, 4, 4, 3, 6, 6, 6, 6, 7, 5, 1, 7, 3, 7, 2, 4, 5, 3, 3, 7, 3, 6, 3, 6, 7, 2, 3, 2, 2, 4, 5, 3, 1, 4, 4, 2, 2, 1, 5, 7, 4, 5, 7, 6, 5, 5, 2, 4, 1, 2, 1, 2, 2, 6, 1, 6, 2, 1, 6, 3, 1, 6, 4, 3, 5, 4, 5, 1, 1, 3, 2, 3, 1, 3, 3, 1, 6, 2, 2, 3, 1, 4, 7, 1, 4, 2, 2, 6, 7, 3, 3, 1, 3, 7, 7, 6, 3, 6, 4, 6, 1, 1, 6, 7, 2, 5, 7, 6, 7, 4, 1, 7, 7, 6, 4, 5, 5, 6, 2, 2, 4, 1, 6, 7, 7, 1, 6, 6, 7, 7, 6, 6, 6, 1, 7, 5, 7, 7, 1, 5, 6, 4, 3, 7, 5, 2, 6, 4, 2, 5, 7, 7, 1, 7, 6, 5, 3, 4, 7, 7, 7, 4, 1, 2, 7, 3, 5, 5, 7, 5, 2, 5, 5, 5, 2, 7, 6, 6, 6, 3, 7, 6, 1, 7, 7, 6, 5, 3, 4, 3, 6, 1, 5, 3, 7, 6, 2, 3, 1, 3, 3, 7, 3, 1, 7, 6, 3, 4, 1, 7, 3, 2, 3, 1, 6, 7, 2, 6, 7, 1, 3, 7, 6, 2, 7, 2, 6, 7, 7, 7, 5, 7, 1, 5, 1, 3, 5, 4, 3, 3, 3, 2, 2, 5, 2, 3, 1, 3, 2, 6, 3, 4, 1, 2, 2, 4, 2, 4, 6, 6, 4, 7, 4, 6, 7, 5, 6, 7, 1, 4, 6, 5, 6, 2, 5, 7, 1, 2, 5, 6, 7, 5, 1, 2, 7, 5, 3, 4, 6, 3, 3, 5, 5, 3, 3, 5, 4, 7, 7, 1, 7, 2, 1, 4, 1, 1, 4, 3, 6, 7, 4, 6, 1, 4, 7, 4, 6, 5, 4, 6, 7, 1, 3, 6, 5, 5, 7, 7, 5, 1, 1, 7, 5, 2, 5, 1, 1, 4, 3, 1, 7, 2, 4, 4, 6, 2, 2, 1, 6, 4, 2, 2, 3, 6, 3, 2, 7, 1, 2, 6, 7, 7, 1, 3, 2, 5, 1, 6, 6, 4, 4, 5, 1, 3, 1, 3, 3, 5, 7, 6, 1, 5, 7, 6, 3, 3, 4, 7, 3, 7, 6, 7, 2, 2, 4, 2, 1, 7, 3, 3, 3, 3, 3, 3, 7, 3, 3, 7, 3, 3, 3, 3, 3, 3, 3, 3, 3, 3, 3, 3, 3, 7, 3, 3, 3, 3, 3, 3, 3, 3, 3, 3, 3, 3, 1, 3, 3, 3, 3, 3, 3, 3, 3, 3, 3, 3, 3, 3, 3, 7, 3, 3, 3, 3, 3, 3, 3, 3, 3, 3, 3, 3, 3, 3, 3, 3, 3, 3, 3, 3, 3, 3, 3, 3, 3, 3, 3, 3, 3, 3, 7, 3, 3, 3, 3, 3, 3, 3, 3, 3, 3, 7, 3, 3, 3, 6, 3, 3, 3, 3, 3, 3, 7, 3, 3, 3, 6, 3, 3, 3, 3, 3, 3, 3, 3, 2, 6, 3, 3, 3, 3, 3, 3, 3, 6, 6, 3, 3, 3, 3, 3, 3, 3, 3, 3, 6, 3, 3, 6, 3, 3, 3, 3, 3, 3, 3, 6, 6, 3, 3, 7, 3, 3, 3, 3, 3, 3, 7, 6, 6, 3, 6, 3, 3, 3, 7, 3, 3, 3, 6, 6, 6, 3, 3, 3, 3, 7, 3, 7, 3, 6, 3, 3, 3, 6, 7, 7, 7, 6, 3, 3, 6, 6, 3, 3, 7, 7, 7, 7, 7, 7, 6, 6, 3, 3, 3, 3, 6, 7, 7, 3, 7, 7, 7, 3, 6, 6, 3, 3, 6, 3, 3, 3, 7, 3, 3, 7, 7, 3, 3, 6, 6, 6, 6, 3, 3, 3, 7, 7, 6, 7, 3, 3, 3, 6, 6, 3, 3, 3, 7, 3, 6, 3, 3, 3, 3, 3, 3, 6, 6, 6, 7, 3, 7, 7, 7, 3, 3, 3, 6, 6, 6, 3, 7, 3, 3, 3, 3, 3, 3, 3, 3, 6, 6, 6, 7, 3, 3, 3, 3, 3, 3, 3, 3, 6, 6, 6, 7, 3, 3, 3, 3, 3, 3, 3, 3, 3, 6, 6, 3, 3, 3, 3, 6, 3, 3, 3, 3, 3, 3, 3, 3, 3, 3, 3, 3, 3, 3, 3, 3, 3, 3, 3, 3, 3, 3, 3, 3, 3, 3, 3, 3, 7, 3, 3, 3, 3, 3, 3, 3, 7, 7, 3, 3, 3, 3, 3, 3, 3, 3, 7, 7, 3, 3, 6, 3, 3, 3, 3, 1, 3, 3, 5, 3, 3, 7, 3, 3, 3, 3, 3, 7, 7, 3, 3, 3, 3, 3, 3, 3, 3, 3, 3, 7, 3, 3, 3, 3, 3, 3, 3, 3, 3, 3, 3, 3, 3, 3, 3, 3, 3, 3, 3, 3, 3, 3, 3, 3, 3, 3, 3, 3, 3, 3, 3, 3, 6, 6, 3, 3, 3, 3, 3, 3, 3, 3, 3, 6, 6, 3, 3, 3, 3, 3, 3, 3, 3, 6, 3, 3, 3, 3, 3, 3, 3, 3, 3, 3, 3, 6, 3, 3, 3, 3, 3, 3, 3, 3, 3, 6, 6, 3, 3, 3, 3, 3, 3, 3, 3, 3, 6, 6, 3, 7, 3, 3, 3, 3, 3, 3, 6, 3, 3, 3, 3, 3, 3, 7, 3, 3, 6, 3, 3, 3, 3, 3, 3, 3, 3, 3, 3, 3, 3, 3, 3, 3, 3, 3, 3, 6, 3, 3, 3, 3, 3, 3, 3, 3, 3, 3, 3, 3, 6, 3, 3, 3, 7, 3, 3, 6, 3, 3, 3, 3, 3, 3, 3, 3, 6, 6, 3, 6, 6, 3, 3, 3, 3, 3, 3, 6, 6, 6, 6, 6, 3, 3, 3, 3, 3, 6, 6, 6, 6, 6, 6, 3, 3, 3, 3, 3, 6, 6, 6, 6, 6, 6, 6, 3, 3, 3, 6, 6, 7, 6, 6, 6, 6, 3, 3, 3, 3, 6, 6, 3, 6, 6, 6, 6, 6, 6, 3, 3, 6, 6, 6, 3, 3, 3, 3, 6, 6, 3, 3, 3, 3, 3, 6, 3, 3, 6, 6, 7, 3, 3, 3, 3, 6, 7, 3, 3, 3, 6, 3, 3, 3, 3, 3, 6, 3, 3, 3, 6, 3, 3, 3, 3, 3, 6, 6, 6, 3, 7, 3, 6, 6, 3, 3, 3, 3, 3, 6, 3, 3, 3, 6, 6, 6, 3, 3, 3, 3, 6, 6, 6, 3, 3, 6, 6, 6, 3, 3, 3, 3, 6, 6, 3, 3, 3, 6, 6, 3, 3, 4, 3, 3, 3, 6, 6, 3, 3, 6, 6, 3, 3, 3, 3, 3, 3, 6, 6, 7, 6, 6, 6, 3, 3, 3, 3, 3, 6, 6, 7, 3, 6, 6, 3, 3, 3, 3, 7, 3, 6, 6, 3, 6, 6, 6, 3, 7, 3, 3, 6, 6, 6, 3, 6, 3, 3, 3, 3, 3, 6, 6, 6, 6, 3, 3, 3, 3, 3, 3, 7, 3, 6, 6, 6, 6, 3, 3, 3, 3, 3, 3, 3, 6, 6, 6, 6, 3, 3, 3, 3, 3, 3, 7, 3, 6, 6, 6, 3, 3, 3, 3, 3, 7, 3, 7, 6, 6, 3, 3, 3, 3, 3, 3, 7, 6, 3, 3, 3, 7, 3, 3, 3, 3, 3, 3]
3, 0, [853.166666666667, 54786.2564458678, 43736.4846080899, 24.087818867946], [1, 2, 3, 4, 5, 6, 7, 3, 3, 3, 3, 3, 3, 3, 3, 3, 3, 3, 3, 3, 3, 3, 3, 3, 3, 3, 3, 3, 3, 3, 3, 3, 3, 3, 3, 3, 3, 3, 3, 3, 3, 3, 3, 3, 3, 3, 3, 3, 3, 3, 3, 3, 3, 3, 3, 3, 3, 3, 3, 3, 3, 3, 3, 3, 3, 3, 3, 3, 3, 3, 3, 3, 3, 3, 3, 3, 3, 3, 3, 3, 3, 3, 3, 3, 3, 3, 3, 3, 3, 3, 3, 3, 3, 3, 3, 3, 3, 3, 3, 3, 3, 3, 3, 3, 3, 3, 3, 3, 3, 3, 6, 3, 3, 3, 3, 3, 3, 6, 6, 3, 3, 3, 3, 3, 3, 3, 6, 7, 3, 3, 3, 3, 6, 3, 3, 3, 3, 6, 7, 6, 3, 3, 3, 6, 6, 3, 3, 3, 3, 7, 3, 7, 3, 3, 3, 3, 3, 3, 6, 3, 3, 3, 3, 3, 3, 7, 7, 3, 3, 3, 3, 3, 3, 7, 6, 3, 3, 3, 3, 3, 3, 3, 3, 7, 3, 3, 3, 3, 3, 3, 3, 3, 3, 3, 3, 3, 3, 3, 3, 6, 6, 3, 3, 3, 3, 3, 3, 3, 3, 7, 6, 3, 3, 3, 3, 3, 3, 3, 3, 7, 3, 3, 3, 3, 3, 3, 3, 3, 3, 3, 3, 3, 3, 3, 3, 3, 3, 3, 3, 7, 3, 3, 3, 3, 3, 3, 3, 3, 3, 3, 3, 3, 3, 3, 3, 3, 3, 3, 3, 3, 3, 3, 3, 3, 3, 3, 3, 3, 3, 3, 3, 3, 3, 3, 3, 3, 7, 3, 3, 3, 3, 3, 3, 3, 3, 6, 3, 3, 3, 3, 3, 3, 3, 3, 3, 3, 3, 3, 3, 3, 3, 3, 3, 6, 3, 3, 3, 3, 3, 3, 3, 3, 3, 6, 3, 3, 3, 3, 3, 3, 3, 3, 3, 6, 3, 3, 3, 3, 3, 3, 3, 3, 3, 3, 3, 7, 3, 3, 3, 3, 3, 3, 3, 3, 3, 3, 3, 3, 3, 3, 3, 3, 3, 3, 3, 3, 3, 3, 3, 3, 3, 3, 3, 3, 3, 3, 3, 3, 6, 3, 3, 3, 3, 3, 3, 3, 3, 3, 3, 3, 3, 3, 6, 3, 3, 3, 3, 3, 3, 3, 3, 3, 3, 3, 6, 3, 3, 3, 3, 3, 3, 3, 3, 3, 3, 3, 6, 3, 3, 3, 3, 3, 3, 3, 3, 3, 3, 3, 3, 7, 3, 3, 7, 3, 3, 3, 3, 3, 3, 3, 3, 3, 3, 3, 3, 3, 7, 3, 3, 3, 3, 3, 3, 3, 3, 3, 3, 3, 3, 3, 3, 3, 3, 3, 3, 3, 3, 3, 3, 3, 3, 3, 3, 3, 7, 3, 3, 3, 3, 3, 3, 3, 3, 3, 3, 3, 3, 3, 3, 3, 3, 3, 3, 3, 3, 3, 3, 3, 3, 3, 3, 3, 3, 3, 3, 7, 3, 3, 3, 3, 3, 3, 3, 3, 3, 3, 7, 3, 3, 3, 6, 3, 3, 3, 3, 3, 3, 7, 3, 3, 3, 6, 3, 3, 3, 3, 3, 3, 3, 3, 3, 6, 3, 3, 3, 3, 3, 3, 3, 6, 6, 3, 3, 3, 3, 3, 3, 3, 3, 3, 6, 3, 3, 6, 3, 3, 3, 3, 3, 3, 3, 6, 6, 3, 3, 3, 3, 3, 3, 3, 3, 3, 7, 6, 6, 3, 6, 3, 3, 3, 7, 3, 3, 3, 6, 6, 6, 3, 3, 3, 3, 7, 3, 7, 3, 6, 3, 3, 3, 6, 7, 7, 7, 6, 3, 3, 6, 6, 3, 3, 7, 7, 7, 7, 7, 7, 6, 6, 3, 3, 3, 3, 6, 7, 7, 3, 7, 7, 7, 3, 6, 6, 3, 3, 6, 3, 3, 3, 7, 3, 3, 7, 7, 3, 3, 6, 6, 6, 6, 3, 3, 3, 7, 7, 6, 7, 3, 3, 3, 6, 6, 3, 3, 3, 7, 3, 6, 3, 3, 3, 3, 3, 3, 6, 6, 6, 7, 3, 7, 7, 7, 3, 3, 3, 6, 6, 6, 3, 7, 3, 3, 3, 3, 3, 3, 3, 3, 6, 6, 6, 7, 3, 3, 3, 3, 3, 3, 3, 3, 6, 6, 6, 7, 3, 3, 3, 3, 3, 3, 3, 3, 3, 6, 6, 3, 3, 3, 3, 6, 3, 3, 3, 3, 3, 3, 3, 3, 3, 3, 3, 3, 3, 3, 3, 3, 3, 3, 3, 3, 3, 3, 3, 3, 3, 3, 3, 3, 7, 3, 3, 3, 3, 3, 3, 3, 7, 7, 3, 3, 3, 3, 3, 3, 3, 3, 7, 7, 3, 3, 6, 3, 3, 3, 3, 3, 3, 3, 3, 3, 3, 7, 3, 3, 3, 3, 3, 7, 7, 3, 3, 3, 3, 3, 3, 3, 3, 3, 3, 7, 3, 3, 3, 3, 3, 3, 3, 3, 3, 3, 3, 3, 3, 3, 3, 3, 3, 3, 3, 3, 3, 3, 3, 3, 3, 3, 3, 3, 3, 3, 3, 3, 6, 6, 3, 3, 3, 3, 3, 3, 3, 3, 3, 6, 6, 3, 3, 3, 3, 3, 3, 3, 3, 6, 3, 3, 3, 3, 3, 3, 3, 3, 3, 3, 3, 6, 3, 3, 3, 3, 3, 3, 3, 3, 3, 6, 6, 3, 3, 3, 3, 3, 3, 3, 3, 3, 6, 6, 3, 3, 3, 3, 3, 3, 3, 3, 6, 3, 3, 3, 3, 3, 3, 7, 3, 3, 6, 3, 3, 3, 3, 3, 3, 3, 3, 3, 3, 3, 3, 3, 3, 3, 3, 3, 3, 6, 3, 3, 3, 3, 3, 3, 3, 3, 3, 3, 3, 3, 6, 3, 3, 3, 7, 3, 3, 6, 3, 3, 3, 3, 3, 3, 3, 3, 6, 6, 3, 6, 6, 3, 3, 3, 3, 3, 3, 6, 6, 6, 6, 6, 3, 3, 3, 3, 3, 6, 6, 6, 6, 6, 6, 3, 3, 3, 3, 3, 6, 6, 6, 6, 6, 6, 6, 3, 3, 3, 6, 6, 7, 6, 6, 6, 6, 3, 3, 3, 3, 6, 6, 3, 6, 6, 6, 6, 6, 6, 3, 3, 6, 6, 6, 3, 3, 3, 3, 6, 6, 3, 3, 3, 3, 3, 6, 3, 3, 6, 6, 3, 3, 3, 3, 3, 6, 6, 3, 3, 3, 6, 3, 3, 3, 3, 3, 6, 3, 3, 3, 6, 3, 3, 3, 3, 3, 6, 6, 6, 3, 7, 3, 6, 6, 3, 3, 3, 3, 3, 6, 3, 3, 3, 6, 6, 6, 3, 3, 3, 3, 6, 6, 6, 3, 3, 6, 6, 6, 3, 3, 3, 3, 6, 6, 3, 3, 3, 6, 6, 3, 3, 3, 3, 3, 3, 6, 6, 3, 3, 6, 6, 3, 3, 3, 3, 3, 3, 6, 6, 7, 6, 6, 6, 3, 3, 3, 3, 3, 6, 6, 7, 3, 6, 6, 3, 3, 3, 3, 7, 3, 6, 6, 3, 6, 6, 6, 3, 7, 3, 3, 6, 6, 6, 3, 6, 3, 3, 3, 3, 3, 6, 6, 6, 6, 3, 3, 3, 3, 3, 3, 7, 3, 6, 6, 6, 6, 3, 3, 3, 3, 3, 3, 3, 6, 6, 6, 6, 3, 3, 3, 3, 3, 3, 7, 3, 6, 6, 6, 3, 3, 3, 3, 3, 7, 3, 7, 6, 6, 3, 3, 3, 3, 3, 3, 7, 6, 3, 3, 3, 7, 3, 3, 3, 3, 3, 3]
3, 1, [4345.9, 34583.3926466449, 42335.9552300276, 32.1263036677494], [1, 3, 5, 2, 6, 7, 7, 7, 4, 1, 4, 7, 2, 1, 6, 5, 4, 2, 5, 2, 7, 4, 5, 2, 3, 3, 2, 3, 7, 1, 2, 2, 3, 1, 3, 6, 1, 6, 4, 3, 6, 7, 5, 2, 7, 5, 2, 6, 6, 2, 1, 5, 2, 4, 1, 2, 7, 3, 3, 1, 3, 7, 1, 7, 2, 6, 6, 5, 5, 3, 4, 1, 1, 2, 2, 4, 6, 4, 3, 4, 1, 1, 7, 7, 5, 6, 4, 6, 7, 2, 6, 3, 7, 7, 1, 4, 5, 6, 1, 3, 5, 7, 3, 1, 3, 7, 4, 2, 6, 3, 7, 7, 5, 2, 2, 5, 2, 7, 6, 5, 7, 3, 2, 4, 7, 3, 6, 7, 7, 3, 5, 3, 7, 4, 3, 4, 1, 6, 7, 7, 7, 7, 6, 6, 7, 4, 5, 4, 1, 7, 3, 7, 5, 7, 4, 5, 1, 3, 7, 5, 4, 4, 3, 3, 1, 7, 7, 3, 2, 1, 5, 1, 7, 7, 7, 7, 5, 4, 7, 7, 4, 5, 3, 7, 5, 4, 2, 7, 4, 5, 7, 5, 4, 7, 1, 3, 7, 2, 5, 7, 7, 7, 6, 3, 4, 7, 2, 6, 6, 7, 7, 2, 5, 2, 1, 4, 7, 6, 7, 7, 3, 3, 3, 1, 6, 1, 7, 7, 6, 1, 2, 6, 3, 2, 6, 3, 2, 7, 6, 7, 2, 6, 6, 6, 5, 4, 3, 2, 7, 2, 6, 1, 2, 3, 6, 5, 7, 6, 6, 5, 1, 2, 1, 1, 4, 5, 2, 2, 7, 5, 1, 2, 6, 5, 5, 5, 7, 7, 6, 6, 2, 7, 6, 5, 3, 7, 6, 2, 6, 1, 7, 5, 2, 7, 1, 2, 5, 6, 2, 5, 5, 7, 6, 6, 4, 2, 5, 2, 5, 2, 3, 2, 7, 7, 5, 1, 2, 3, 4, 4, 5, 5, 7, 6, 1, 7, 3, 7, 7, 5, 6, 1, 1, 3, 5, 7, 2, 4, 2, 6, 4, 4, 1, 7, 4, 7, 7, 3, 7, 6, 6, 4, 6, 3, 7, 4, 2, 3, 2, 6, 3, 2, 4, 5, 4, 2, 7, 5, 7, 1, 4, 6, 2, 2, 6, 7, 6, 2, 5, 4, 1, 5, 7, 3, 5, 4, 4, 6, 1, 2, 2, 2, 5, 7, 7, 7, 2, 1, 1, 6, 7, 7, 7, 2, 6, 4, 6, 1, 4, 3, 7, 3, 6, 6, 3, 4, 1, 1, 6, 7, 7, 6, 7, 4, 6, 7, 1, 3, 1, 6, 2, 4, 3, 1, 6, 4, 7, 1, 6, 3, 5, 6, 5, 2, 5, 1, 1, 7, 5, 1, 3, 7, 2, 5, 1, 7, 1, 4, 5, 7, 5, 7, 5, 6, 7, 6, 4, 2, 4, 4, 5, 7, 3, 6, 7, 4, 1, 2, 3, 5, 6, 4, 4, 6, 2, 2, 4, 7, 3, 6, 3, 7, 1, 4, 3, 7, 3, 3, 2, 6, 6, 5, 7, 3, 1, 2, 7, 1, 7, 1, 6, 1, 4, 6, 5, 6, 1, 7, 7, 4, 6, 6, 1, 7, 1, 7, 2, 7, 2, 4, 5, 6, 5, 7, 3, 4, 5, 7, 1, 7, 6, 6, 3, 6, 6, 7, 4, 4, 2, 6, 7, 3, 5, 7, 4, 4, 1, 3, 5, 4, 1, 7, 6, 5, 4, 4, 7, 4, 5, 7, 2, 4, 7, 6, 6, 1, 7, 7, 2, 5, 7, 4, 7, 1, 6, 6, 7, 2, 3, 4, 1, 7, 4, 7, 7, 7, 6, 7, 5, 7, 7, 7, 7, 6, 4, 5, 6, 7, 2, 3, 7, 7, 7, 7, 7, 7, 7, 7, 5, 1, 4, 7, 6, 7, 7, 7, 7, 7, 7, 4, 6, 6, 3, 5, 7, 4, 3, 1, 7, 7, 4, 7, 7, 1, 5, 7, 6, 7, 6, 4, 6, 1, 7, 7, 6, 7, 2, 4, 7, 6, 6, 4, 3, 2, 7, 6, 7, 2, 6, 6, 3, 3, 2, 6, 6, 6, 7, 6, 7, 7, 7, 2, 6, 4, 6, 7, 6, 1, 7, 5, 3, 3, 6, 6, 1, 2, 1, 6, 7, 6, 7, 3, 7, 3, 5, 5, 1, 4, 6, 7, 7, 6, 7, 3, 1, 3, 7, 2, 2, 1, 3, 5, 7, 6, 2, 6, 4, 2, 7, 4, 4, 4, 6, 4, 3, 4, 5, 7, 3, 4, 4, 4, 3, 2, 4, 4, 2, 3, 3, 1, 1, 7, 6, 1, 7, 4, 6, 7, 3, 3, 7, 6, 2, 4, 5, 7, 7, 6, 1, 6, 7, 2, 3, 7, 4, 7, 7, 1, 7, 6, 5, 3, 1, 4, 7, 1, 1, 1, 4, 3, 7, 2, 7, 5, 6, 4, 7, 7, 2, 1, 3, 2, 2, 4, 5, 4, 2, 5, 7, 3, 7, 5, 1, 1, 5, 5, 5, 6, 2, 6, 7, 7, 2, 5, 4, 5, 1, 7, 3, 3, 2, 3, 2, 7, 6, 1, 6, 5, 6, 7, 3, 7, 6, 1, 1, 1, 7, 1, 7, 3, 1, 1, 6, 6, 5, 3, 5, 4, 7, 3, 2, 2, 6, 1, 7, 7, 1, 5, 2, 4, 2, 7, 7, 2, 6, 1, 6, 4, 6, 1, 4, 2, 5, 4, 6, 6, 6, 1, 6, 3, 5, 5, 1, 1, 3, 7, 6, 7, 7, 3, 6, 2, 4, 6, 4, 6, 3, 1, 3, 7, 6, 2, 7, 2, 3, 7, 3, 4, 2, 7, 7, 5, 5, 2, 1, 4, 5, 6, 5, 1, 7, 3, 7, 5, 6, 1, 2, 7, 6, 7, 2, 7, 3, 3, 1, 3, 7, 6, 2, 2, 1, 7, 4, 5, 7, 4, 7, 7, 7, 6, 5, 7, 5, 7, 7, 1, 6, 6, 6, 3, 5, 2, 6, 1, 6, 7, 6, 7, 7, 3, 1, 7, 3, 2, 7, 6, 6, 7, 7, 6, 4, 3, 5, 7, 7, 7, 6, 6, 7, 6, 7, 6, 7, 3, 3, 6, 7, 7, 7, 7, 7, 6, 5, 3, 4, 4, 6, 6, 1, 7, 7, 7, 7, 6, 7, 4, 3, 6, 6, 7, 6, 1, 1, 1, 7, 7, 5, 7, 4, 5, 1, 6, 5, 6, 6, 6, 4, 5, 2, 3, 2, 7, 7, 3, 6, 1, 7, 1, 6, 6, 6, 4, 6, 2, 1, 6, 7, 6, 1, 2, 2, 3, 6, 7, 6, 7, 7, 2, 6, 7, 4, 7, 6, 1, 6, 7, 6, 7, 2, 7, 7, 6, 1, 7, 2, 2, 6, 6, 7, 2, 3, 7, 6, 7, 2, 6, 6, 5, 6, 6, 1, 7, 3, 6, 6, 3, 1, 3, 3, 1, 5, 6, 6, 7, 1, 7, 6, 4, 4, 1, 6, 7, 1, 7, 7, 7, 6, 6, 7, 1, 1, 3, 3, 1, 7, 7, 7, 1, 6, 6, 2, 4, 4, 2, 7, 5, 6, 6, 4, 7, 6, 7, 7, 7, 5, 2, 7, 7, 7, 1, 6, 3, 1, 3, 7, 7, 6, 6, 7, 6, 3, 1, 4, 5, 7, 6, 7, 3, 7, 6, 6, 6, 7, 6, 7, 5, 4, 7, 2, 6, 6, 7, 7, 5, 1, 4, 1, 4, 6, 7, 7, 7, 6, 6, 4, 1, 6, 1, 7, 7, 1, 7, 7, 6, 4, 3, 6, 1, 5, 4, 7, 6, 6, 1, 2, 7, 1, 6, 4, 3, 6, 6]
3, 2, [4395.86666666667, 34657.3268309768, 42339.5261015064, 32.0874859126463], [3, 5, 3, 4, 5, 6, 7, 5, 1, 7, 5, 7, 3, 4, 7, 6, 2, 1, 1, 4, 3, 4, 1, 2, 1, 1, 6, 1, 7, 5, 1, 4, 5, 5, 7, 2, 1, 7, 7, 5, 3, 1, 6, 6, 1, 4, 7, 4, 2, 1, 3, 4, 7, 1, 7, 5, 4, 5, 3, 2, 6, 6, 2, 2, 6, 1, 5, 4, 2, 3, 3, 6, 4, 7, 4, 6, 3, 7, 6, 5, 1, 7, 4, 7, 2, 3, 5, 5, 7, 5, 7, 6, 6, 1, 2, 4, 2, 1, 5, 1, 5, 2, 7, 7, 4, 2, 1, 1, 7, 1, 7, 1, 7, 1, 3, 2, 6, 7, 7, 3, 2, 5, 5, 1, 6, 4, 6, 7, 6, 7, 2, 5, 7, 5, 3, 6, 3, 7, 7, 6, 3, 5, 6, 6, 6, 1, 5, 6, 5, 7, 7, 7, 4, 1, 5, 5, 1, 1, 7, 7, 1, 3, 1, 3, 2, 7, 7, 4, 4, 5, 4, 7, 3, 7, 6, 6, 6, 3, 5, 2, 5, 5, 3, 7, 7, 6, 7, 6, 3, 6, 6, 7, 6, 4, 3, 5, 5, 6, 7, 6, 7, 1, 3, 4, 4, 7, 1, 2, 4, 7, 7, 7, 5, 2, 2, 5, 1, 6, 1, 7, 2, 1, 7, 7, 7, 6, 7, 4, 1, 6, 5, 3, 3, 5, 7, 7, 7, 1, 3, 7, 1, 3, 6, 1, 6, 6, 3, 6, 5, 6, 7, 7, 7, 1, 2, 7, 4, 4, 4, 5, 7, 3, 4, 7, 3, 1, 4, 7, 3, 4, 2, 4, 5, 5, 1, 2, 7, 3, 4, 5, 5, 1, 7, 5, 6, 7, 2, 2, 6, 7, 1, 1, 7, 1, 7, 2, 5, 5, 4, 5, 4, 4, 3, 7, 6, 5, 3, 4, 2, 1, 1, 3, 4, 6, 3, 4, 6, 2, 6, 2, 4, 7, 2, 7, 2, 2, 3, 5, 5, 1, 4, 4, 6, 6, 7, 7, 6, 5, 1, 4, 1, 2, 6, 1, 2, 2, 7, 1, 7, 7, 5, 7, 3, 6, 6, 2, 3, 6, 2, 7, 3, 5, 7, 7, 2, 5, 2, 7, 7, 3, 5, 3, 4, 6, 4, 1, 1, 3, 4, 5, 2, 5, 7, 1, 3, 1, 6, 2, 3, 7, 5, 6, 4, 3, 6, 4, 2, 3, 4, 4, 1, 6, 2, 3, 4, 2, 7, 1, 3, 2, 2, 7, 3, 6, 6, 6, 4, 3, 7, 7, 7, 3, 7, 2, 7, 3, 7, 4, 1, 6, 6, 1, 6, 4, 5, 4, 7, 1, 6, 2, 5, 6, 3, 6, 3, 4, 7, 5, 4, 1, 6, 7, 2, 7, 6, 6, 4, 4, 4, 5, 6, 5, 7, 4, 7, 5, 4, 5, 2, 4, 2, 2, 3, 7, 7, 4, 1, 2, 3, 5, 6, 4, 4, 6, 2, 2, 4, 7, 3, 6, 3, 7, 1, 4, 3, 7, 3, 3, 2, 6, 6, 5, 7, 3, 1, 2, 7, 1, 7, 1, 6, 1, 4, 6, 5, 6, 1, 7, 7, 4, 6, 6, 1, 7, 1, 7, 2, 7, 2, 4, 5, 6, 5, 7, 3, 4, 5, 7, 1, 7, 6, 6, 3, 6, 6, 7, 4, 4, 2, 6, 7, 3, 5, 7, 4, 4, 1, 3, 5, 4, 1, 7, 6, 5, 4, 4, 7, 4, 5, 7, 2, 4, 7, 6, 6, 1, 7, 7, 2, 5, 7, 4, 7, 1, 6, 6, 7, 2, 3, 4, 1, 7, 4, 7, 7, 7, 6, 7, 5, 7, 7, 7, 7, 6, 4, 5, 6, 7, 2, 3, 7, 7, 7, 7, 7, 7, 7, 7, 5, 1, 4, 7, 6, 7, 7, 7, 7, 7, 7, 4, 6, 6, 3, 5, 7, 4, 3, 1, 7, 7, 4, 7, 7, 1, 5, 7, 6, 7, 6, 4, 6, 1, 7, 7, 6, 7, 2, 4, 7, 6, 6, 4, 3, 2, 7, 6, 7, 2, 6, 6, 3, 3, 2, 6, 6, 6, 7, 6, 7, 7, 7, 2, 6, 4, 6, 7, 6, 1, 7, 5, 3, 3, 6, 6, 1, 2, 1, 6, 7, 6, 7, 7, 7, 3, 5, 5, 1, 4, 6, 7, 7, 6, 7, 3, 1, 3, 7, 2, 2, 1, 6, 5, 7, 6, 2, 6, 4, 2, 7, 4, 4, 4, 6, 4, 3, 4, 5, 7, 3, 4, 4, 4, 3, 2, 4, 4, 2, 3, 3, 1, 1, 7, 6, 1, 7, 4, 6, 7, 3, 3, 7, 6, 2, 4, 5, 7, 7, 6, 1, 6, 7, 2, 3, 7, 4, 7, 7, 1, 7, 6, 5, 3, 1, 4, 7, 1, 1, 1, 4, 3, 7, 2, 7, 5, 6, 4, 7, 7, 2, 1, 3, 2, 2, 4, 5, 4, 2, 5, 7, 3, 7, 5, 1, 1, 5, 5, 5, 6, 2, 6, 7, 7, 2, 5, 4, 5, 1, 7, 3, 3, 2, 3, 2, 7, 6, 1, 6, 5, 6, 7, 3, 7, 6, 1, 1, 1, 7, 1, 7, 3, 1, 1, 6, 6, 5, 3, 5, 4, 7, 3, 2, 2, 6, 1, 7, 7, 1, 5, 2, 4, 2, 7, 7, 2, 6, 1, 6, 4, 6, 1, 4, 2, 5, 4, 6, 6, 6, 1, 6, 3, 5, 5, 1, 1, 3, 7, 6, 7, 7, 3, 6, 2, 4, 6, 4, 6, 3, 1, 3, 7, 6, 2, 7, 2, 3, 7, 3, 4, 2, 7, 7, 5, 5, 2, 3, 4, 5, 6, 5, 1, 7, 3, 7, 5, 7, 1, 2, 7, 6, 7, 2, 7, 2, 3, 1, 3, 7, 6, 2, 2, 1, 7, 4, 5, 7, 4, 7, 7, 7, 6, 5, 7, 5, 7, 7, 1, 6, 6, 6, 3, 5, 2, 6, 1, 6, 7, 6, 7, 7, 3, 1, 7, 3, 2, 7, 6, 6, 7, 7, 6, 4, 3, 5, 7, 7, 7, 6, 6, 7, 6, 7, 6, 7, 3, 3, 6, 7, 7, 7, 7, 7, 6, 5, 3, 4, 4, 6, 6, 1, 7, 7, 7, 7, 6, 7, 4, 3, 6, 6, 7, 6, 1, 1, 1, 7, 7, 5, 7, 5, 5, 1, 6, 5, 6, 6, 6, 4, 5, 2, 3, 2, 7, 7, 3, 6, 1, 7, 1, 6, 6, 6, 4, 6, 2, 1, 6, 7, 6, 1, 2, 2, 3, 6, 7, 6, 7, 7, 2, 6, 7, 4, 7, 6, 1, 6, 7, 6, 7, 2, 7, 7, 6, 1, 7, 2, 2, 6, 6, 7, 2, 3, 7, 6, 7, 2, 6, 6, 5, 6, 6, 1, 7, 3, 6, 6, 3, 1, 3, 3, 1, 1, 6, 6, 7, 1, 7, 6, 4, 4, 1, 6, 7, 6, 7, 7, 7, 6, 6, 7, 1, 1, 3, 3, 1, 7, 7, 7, 1, 6, 6, 2, 4, 4, 2, 7, 5, 6, 6, 4, 7, 6, 7, 7, 7, 5, 2, 7, 7, 7, 1, 6, 3, 1, 3, 7, 7, 6, 6, 7, 6, 3, 1, 4, 5, 7, 6, 7, 3, 7, 6, 6, 6, 7, 6, 7, 5, 4, 7, 2, 6, 6, 7, 7, 5, 1, 4, 1, 4, 6, 7, 7, 7, 6, 6, 4, 1, 6, 1, 7, 7, 1, 7, 7, 6, 4, 3, 6, 1, 7, 4, 7, 6, 6, 1, 2, 7, 1, 6, 4, 3, 6, 6]
3, 3, [4325.88333333333, 34568.6094143614, 42350.0287260945, 32.0839476971434], [1, 3, 5, 2, 6, 7, 7, 7, 4, 1, 4, 7, 2, 1, 6, 5, 4, 2, 5, 2, 7, 4, 5, 2, 3, 3, 2, 3, 7, 1, 2, 2, 3, 1, 3, 6, 1, 6, 4, 3, 6, 7, 5, 2, 7, 5, 2, 6, 6, 2, 1, 5, 2, 4, 1, 2, 7, 3, 3, 1, 3, 7, 1, 7, 2, 6, 6, 5, 5, 3, 4, 1, 1, 2, 2, 4, 6, 4, 3, 4, 1, 1, 7, 7, 5, 6, 4, 6, 7, 2, 6, 3, 7, 7, 1, 4, 5, 6, 1, 3, 5, 7, 3, 1, 3, 7, 4, 2, 6, 3, 7, 7, 5, 2, 2, 5, 2, 7, 6, 5, 7, 3, 2, 4, 7, 3, 6, 7, 7, 3, 5, 3, 7, 4, 3, 4, 1, 6, 7, 7, 7, 7, 6, 6, 7, 4, 5, 4, 1, 7, 3, 7, 5, 7, 4, 5, 1, 3, 7, 5, 4, 4, 3, 3, 1, 7, 7, 3, 2, 1, 5, 1, 7, 7, 7, 7, 5, 4, 7, 7, 4, 5, 3, 7, 5, 4, 2, 7, 4, 5, 7, 5, 4, 7, 1, 3, 7, 2, 5, 7, 7, 7, 6, 3, 4, 7, 2, 6, 6, 7, 7, 2, 5, 2, 1, 4, 7, 6, 7, 7, 3, 3, 3, 1, 6, 1, 7, 7, 6, 1, 2, 6, 3, 2, 6, 3, 2, 7, 6, 7, 2, 6, 6, 6, 5, 4, 3, 2, 7, 2, 6, 1, 2, 3, 6, 5, 7, 6, 6, 5, 1, 2, 1, 1, 4, 5, 2, 2, 7, 5, 1, 2, 6, 5, 5, 5, 7, 7, 6, 6, 2, 7, 6, 5, 3, 7, 6, 2, 6, 1, 7, 5, 2, 7, 1, 2, 5, 6, 2, 5, 5, 7, 6, 6, 4, 2, 5, 2, 5, 2, 3, 2, 7, 7, 5, 1, 2, 3, 4, 4, 5, 5, 7, 6, 1, 7, 3, 7, 7, 5, 6, 1, 1, 3, 5, 7, 2, 4, 2, 6, 4, 4, 1, 7, 4, 7, 7, 3, 7, 6, 6, 4, 6, 3, 7, 4, 2, 3, 2, 6, 3, 2, 4, 5, 4, 2, 7, 5, 7, 1, 4, 6, 2, 2, 6, 7, 6, 2, 5, 4, 1, 5, 7, 3, 5, 4, 4, 6, 1, 2, 2, 2, 5, 7, 7, 7, 2, 1, 1, 6, 7, 2, 6, 2, 6, 4, 6, 1, 4, 3, 7, 3, 6, 6, 3, 4, 1, 1, 6, 7, 7, 6, 7, 4, 6, 7, 1, 3, 1, 6, 2, 4, 3, 1, 6, 4, 7, 1, 6, 3, 5, 6, 5, 2, 5, 1, 1, 7, 5, 1, 3, 7, 2, 5, 1, 7, 1, 4, 5, 7, 5, 7, 5, 6, 7, 6, 4, 2, 4, 4, 5, 7, 3, 6, 7, 4, 1, 2, 3, 5, 6, 4, 4, 6, 2, 2, 4, 7, 3, 6, 3, 7, 1, 4, 3, 7, 3, 3, 2, 6, 6, 5, 7, 3, 1, 2, 7, 1, 7, 1, 6, 1, 4, 6, 5, 6, 1, 7, 7, 4, 6, 6, 1, 7, 1, 7, 2, 7, 2, 4, 5, 6, 5, 7, 3, 4, 5, 7, 1, 7, 6, 6, 3, 6, 4, 7, 4, 4, 2, 6, 7, 3, 5, 7, 4, 4, 1, 3, 5, 4, 1, 7, 6, 5, 4, 4, 7, 4, 5, 7, 2, 4, 7, 6, 6, 1, 7, 7, 2, 5, 7, 4, 7, 1, 6, 6, 7, 2, 3, 4, 1, 7, 4, 7, 7, 7, 3, 7, 5, 7, 7, 7, 7, 6, 4, 5, 6, 7, 2, 3, 7, 7, 7, 7, 7, 7, 7, 7, 5, 1, 4, 7, 6, 7, 7, 7, 7, 7, 7, 4, 6, 6, 3, 4, 7, 4, 3, 1, 7, 7, 4, 7, 7, 1, 5, 7, 6, 7, 6, 4, 6, 1, 7, 7, 6, 7, 2, 4, 7, 6, 6, 4, 3, 2, 7, 6, 7, 2, 6, 6, 3, 3, 2, 6, 6, 6, 7, 6, 7, 7, 7, 2, 6, 4, 6, 7, 6, 1, 7, 5, 3, 3, 6, 6, 1, 2, 1, 6, 7, 6, 7, 7, 7, 3, 5, 5, 1, 4, 6, 7, 7, 6, 7, 3, 1, 3, 7, 2, 2, 1, 6, 5, 7, 6, 2, 6, 4, 2, 7, 4, 4, 4, 6, 4, 3, 3, 5, 7, 3, 4, 4, 4, 3, 2, 4, 4, 2, 3, 3, 1, 1, 7, 6, 1, 7, 4, 6, 7, 3, 3, 7, 6, 2, 4, 5, 7, 7, 6, 1, 6, 7, 2, 3, 7, 4, 7, 7, 1, 7, 6, 5, 3, 1, 4, 7, 1, 1, 1, 4, 3, 7, 2, 7, 5, 6, 4, 7, 7, 2, 1, 3, 2, 2, 4, 5, 4, 2, 5, 7, 3, 7, 5, 1, 1, 5, 5, 5, 6, 2, 6, 7, 7, 2, 5, 4, 5, 1, 4, 3, 3, 2, 3, 2, 7, 6, 1, 6, 5, 6, 7, 3, 7, 6, 1, 1, 1, 7, 1, 7, 3, 1, 1, 6, 6, 5, 3, 5, 4, 7, 3, 2, 2, 6, 1, 7, 7, 1, 5, 2, 4, 2, 7, 7, 2, 6, 1, 6, 4, 6, 1, 4, 2, 5, 4, 6, 6, 6, 1, 6, 3, 5, 5, 1, 1, 3, 7, 6, 6, 7, 3, 6, 2, 4, 6, 4, 6, 3, 1, 3, 7, 6, 2, 7, 2, 3, 7, 3, 4, 2, 7, 7, 5, 5, 2, 3, 4, 5, 6, 5, 1, 7, 3, 7, 5, 7, 1, 2, 7, 6, 7, 2, 7, 2, 3, 1, 3, 7, 6, 2, 2, 1, 7, 4, 5, 7, 4, 7, 6, 7, 6, 5, 7, 5, 7, 7, 1, 6, 6, 6, 3, 5, 2, 6, 1, 6, 7, 6, 7, 7, 3, 1, 7, 3, 2, 7, 6, 6, 7, 7, 6, 4, 3, 5, 7, 7, 7, 6, 6, 7, 6, 7, 6, 7, 3, 3, 6, 7, 7, 7, 7, 7, 6, 5, 3, 4, 4, 6, 6, 1, 7, 7, 7, 7, 6, 7, 4, 3, 6, 6, 7, 6, 1, 1, 1, 7, 7, 5, 7, 5, 5, 1, 6, 5, 6, 6, 6, 4, 5, 2, 3, 2, 7, 7, 3, 6, 1, 7, 1, 6, 6, 6, 4, 6, 2, 1, 6, 7, 6, 1, 2, 2, 3, 6, 7, 6, 7, 7, 2, 6, 7, 4, 7, 6, 1, 6, 7, 6, 7, 2, 7, 7, 6, 1, 7, 2, 2, 6, 6, 7, 2, 3, 7, 6, 7, 2, 6, 6, 5, 6, 6, 1, 7, 3, 6, 6, 3, 1, 3, 3, 1, 1, 6, 6, 7, 1, 7, 6, 4, 4, 1, 6, 7, 6, 7, 7, 7, 6, 6, 7, 1, 1, 3, 3, 1, 7, 7, 7, 1, 6, 6, 2, 4, 4, 2, 7, 5, 6, 6, 4, 7, 6, 7, 7, 7, 5, 2, 7, 7, 7, 1, 6, 3, 1, 3, 7, 7, 6, 6, 7, 6, 3, 1, 4, 5, 7, 6, 7, 3, 7, 6, 6, 6, 7, 6, 7, 5, 5, 7, 2, 6, 6, 7, 7, 5, 1, 4, 1, 4, 6, 7, 7, 7, 6, 6, 4, 1, 6, 1, 7, 7, 1, 7, 7, 6, 4, 3, 6, 1, 7, 4, 7, 6, 6, 1, 2, 7, 1, 6, 4, 3, 6, 6]
3, 4, [1987.7, 46899.2970290671, 43367.7116767577, 27.2746653390111], [6, 4, 5, 2, 3, 7, 7, 5, 1, 1, 2, 6, 3, 5, 6, 1, 4, 4, 3, 6, 6, 6, 6, 7, 5, 1, 7, 3, 7, 2, 4, 5, 3, 3, 7, 3, 6, 3, 6, 7, 2, 3, 2, 2, 4, 5, 3, 1, 4, 4, 2, 2, 1, 5, 7, 4, 5, 7, 6, 5, 5, 2, 4, 1, 2, 1, 2, 2, 6, 1, 6, 2, 1, 6, 3, 1, 6, 4, 3, 5, 4, 5, 1, 1, 3, 2, 3, 1, 3, 3, 1, 6, 2, 2, 3, 1, 4, 7, 1, 4, 2, 2, 6, 7, 3, 3, 1, 3, 7, 7, 6, 3, 6, 4, 6, 1, 1, 6, 7, 2, 5, 7, 6, 7, 4, 1, 7, 7, 6, 4, 5, 5, 6, 2, 2, 4, 1, 6, 7, 7, 1, 6, 6, 7, 7, 6, 6, 6, 1, 7, 5, 7, 7, 1, 5, 6, 4, 3, 7, 5, 2, 6, 4, 2, 5, 7, 7, 1, 7, 6, 5, 3, 4, 7, 7, 7, 4, 1, 2, 7, 3, 5, 5, 7, 5, 2, 5, 5, 5, 2, 7, 6, 6, 6, 3, 7, 6, 1, 7, 7, 6, 5, 3, 4, 3, 6, 1, 5, 3, 7, 6, 2, 3, 1, 3, 3, 7, 3, 1, 7, 6, 3, 4, 1, 7, 3, 2, 3, 1, 6, 7, 2, 6, 7, 1, 3, 7, 6, 2, 7, 2, 6, 7, 7, 7, 5, 7, 1, 5, 1, 3, 5, 4, 3, 3, 3, 2, 2, 5, 2, 3, 1, 3, 2, 6, 3, 4, 1, 2, 2, 4, 2, 4, 6, 6, 4, 7, 4, 6, 7, 5, 6, 7, 1, 4, 6, 5, 6, 2, 5, 7, 1, 2, 5, 6, 7, 5, 1, 2, 7, 5, 3, 4, 6, 3, 3, 5, 5, 3, 3, 5, 4, 7, 7, 1, 7, 2, 1, 4, 1, 1, 4, 3, 6, 7, 4, 6, 1, 4, 7, 4, 6, 5, 4, 6, 7, 1, 3, 6, 5, 5, 7, 7, 5, 1, 1, 7, 5, 2, 5, 1, 1, 4, 3, 1, 7, 2, 4, 4, 6, 2, 2, 1, 6, 4, 2, 2, 3, 6, 3, 2, 7, 1, 2, 6, 7, 7, 1, 3, 2, 5, 1, 6, 6, 4, 4, 5, 1, 3, 1, 3, 3, 5, 7, 6, 1, 5, 7, 6, 3, 3, 4, 7, 3, 7, 6, 7, 2, 2, 4, 2, 1, 7, 3, 3, 3, 3, 3, 3, 7, 3, 3, 7, 3, 3, 3, 3, 3, 3, 3, 3, 3, 3, 3, 3, 3, 7, 3, 3, 3, 3, 3, 3, 3, 3, 3, 3, 3, 3, 1, 3, 3, 3, 3, 3, 3, 3, 3, 3, 3, 3, 3, 3, 3, 7, 3, 3, 3, 3, 3, 3, 3, 3, 3, 3, 3, 3, 3, 3, 3, 3, 3, 3, 3, 3, 3, 3, 3, 3, 3, 3, 3, 3, 3, 3, 7, 3, 3, 3, 3, 3, 3, 3, 3, 3, 3, 7, 3, 3, 3, 6, 3, 3, 3, 3, 3, 3, 7, 3, 3, 3, 6, 3, 3, 3, 3, 3, 3, 3, 3, 2, 6, 3, 3, 3, 3, 3, 3, 3, 6, 6, 3, 3, 3, 3, 3, 3, 3, 3, 3, 6, 3, 3, 6, 3, 3, 3, 3, 3, 3, 3, 6, 6, 3, 3, 7, 3, 3, 3, 3, 3, 3, 7, 6, 6, 3, 6, 3, 3, 3, 7, 3, 3, 3, 6, 6, 6, 3, 3, 3, 3, 7, 3, 7, 3, 6, 3, 3, 3, 6, 7, 7, 7, 6, 3, 3, 6, 6, 3, 3, 7, 7, 7, 7, 7, 7, 6, 6, 3, 3, 3, 3, 6, 7, 7, 3, 7, 7, 7, 3, 6, 6, 3, 3, 6, 3, 3, 3, 7, 3, 3, 7, 7, 3, 3, 6, 6, 6, 6, 3, 3, 3, 7, 7, 6, 7, 3, 3, 3, 6, 6, 3, 3, 3, 7, 3, 6, 3, 3, 3, 3, 3, 3, 6, 6, 6, 7, 3, 7, 7, 7, 3, 3, 3, 6, 6, 6, 3, 7, 3, 3, 3, 3, 3, 3, 3, 3, 6, 6, 6, 7, 3, 3, 3, 3, 3, 3, 3, 3, 6, 6, 6, 7, 3, 3, 3, 3, 3, 3, 3, 3, 3, 6, 6, 3, 3, 3, 3, 6, 3, 3, 3, 3, 3, 3, 3, 3, 3, 3, 3, 3, 3, 3, 3, 3, 3, 3, 3, 3, 3, 3, 3, 3, 3, 3, 3, 3, 7, 3, 3, 3, 3, 3, 3, 3, 7, 7, 3, 3, 3, 3, 3, 3, 3, 3, 7, 7, 3, 3, 6, 3, 3, 3, 3, 1, 3, 3, 5, 3, 3, 7, 3, 3, 3, 3, 3, 7, 7, 3, 3, 3, 3, 3, 3, 3, 3, 3, 3, 7, 3, 3, 3, 3, 3, 3, 3, 3, 3, 3, 3, 3, 3, 3, 3, 3, 3, 3, 3, 3, 3, 3, 3, 3, 3, 3, 3, 3, 3, 3, 3, 3, 6, 6, 3, 3, 3, 3, 3, 3, 3, 3, 3, 6, 6, 3, 3, 3, 3, 3, 3, 3, 3, 6, 3, 3, 3, 3, 3, 3, 3, 3, 3, 3, 3, 6, 3, 3, 3, 3, 3, 3, 3, 3, 3, 6, 6, 3, 3, 3, 3, 3, 3, 3, 3, 3, 6, 6, 3, 7, 3, 3, 3, 3, 3, 3, 6, 3, 3, 3, 3, 3, 3, 7, 3, 3, 6, 3, 3, 3, 3, 3, 3, 3, 3, 3, 3, 3, 3, 3, 3, 3, 3, 3, 3, 6, 3, 3, 3, 3, 3, 3, 3, 3, 3, 3, 3, 3, 6, 3, 3, 3, 7, 3, 3, 6, 3, 3, 3, 3, 3, 3, 3, 3, 6, 6, 3, 6, 6, 3, 3, 3, 3, 3, 3, 6, 6, 6, 6, 6, 3, 3, 3, 3, 3, 6, 6, 6, 6, 6, 6, 3, 3, 3, 3, 3, 6, 6, 6, 6, 6, 6, 6, 3, 3, 3, 6, 6, 7, 6, 6, 6, 6, 3, 3, 3, 3, 6, 6, 3, 6, 6, 6, 6, 6, 6, 3, 3, 6, 6, 6, 3, 3, 3, 3, 6, 6, 3, 3, 3, 3, 3, 6, 3, 3, 6, 6, 7, 3, 3, 3, 3, 6, 7, 3, 3, 3, 6, 3, 3, 3, 3, 3, 6, 3, 3, 3, 6, 3, 3, 3, 3, 3, 6, 6, 6, 3, 7, 3, 6, 6, 3, 3, 3, 3, 3, 6, 3, 3, 3, 6, 6, 6, 3, 3, 3, 3, 6, 6, 6, 3, 3, 6, 6, 6, 3, 3, 3, 3, 6, 6, 3, 3, 3, 6, 6, 3, 3, 4, 3, 3, 3, 6, 6, 3, 3, 6, 6, 3, 3, 3, 3, 3, 3, 6, 6, 7, 6, 6, 6, 3, 3, 3, 3, 3, 6, 6, 7, 3, 6, 6, 3, 3, 3, 3, 7, 3, 6, 6, 3, 6, 6, 6, 3, 7, 3, 3, 6, 6, 6, 3, 6, 3, 3, 3, 3, 3, 6, 6, 6, 6, 3, 3, 3, 3, 3, 3, 7, 3, 6, 6, 6, 6, 3, 3, 3, 3, 3, 3, 3, 6, 6, 6, 6, 3, 3, 3, 3, 3, 3, 7, 3, 6, 6, 6, 3, 3, 3, 3, 3, 7, 3, 7, 6, 6, 3, 3, 3, 3, 3, 3, 7, 6, 3, 3, 3, 7, 3, 3, 3, 3, 3, 3]
4, 0, [853.166666666667, 54786.2564458678, 43736.4846080899, 24.087818867946], [1, 2, 3, 4, 5, 6, 7, 3, 3, 3, 3, 3, 3, 3, 3, 3, 3, 3, 3, 3, 3, 3, 3, 3, 3, 3, 3, 3, 3, 3, 3, 3, 3, 3, 3, 3, 3, 3, 3, 3, 3, 3, 3, 3, 3, 3, 3, 3, 3, 3, 3, 3, 3, 3, 3, 3, 3, 3, 3, 3, 3, 3, 3, 3, 3, 3, 3, 3, 3, 3, 3, 3, 3, 3, 3, 3, 3, 3, 3, 3, 3, 3, 3, 3, 3, 3, 3, 3, 3, 3, 3, 3, 3, 3, 3, 3, 3, 3, 3, 3, 3, 3, 3, 3, 3, 3, 3, 3, 3, 3, 6, 3, 3, 3, 3, 3, 3, 6, 6, 3, 3, 3, 3, 3, 3, 3, 6, 7, 3, 3, 3, 3, 6, 3, 3, 3, 3, 6, 7, 6, 3, 3, 3, 6, 6, 3, 3, 3, 3, 7, 3, 7, 3, 3, 3, 3, 3, 3, 6, 3, 3, 3, 3, 3, 3, 7, 7, 3, 3, 3, 3, 3, 3, 7, 6, 3, 3, 3, 3, 3, 3, 3, 3, 7, 3, 3, 3, 3, 3, 3, 3, 3, 3, 3, 3, 3, 3, 3, 3, 6, 6, 3, 3, 3, 3, 3, 3, 3, 3, 7, 6, 3, 3, 3, 3, 3, 3, 3, 3, 7, 3, 3, 3, 3, 3, 3, 3, 3, 3, 3, 3, 3, 3, 3, 3, 3, 3, 3, 3, 7, 3, 3, 3, 3, 3, 3, 3, 3, 3, 3, 3, 3, 3, 3, 3, 3, 3, 3, 3, 3, 3, 3, 3, 3, 3, 3, 3, 3, 3, 3, 3, 3, 3, 3, 3, 3, 7, 3, 3, 3, 3, 3, 3, 3, 3, 6, 3, 3, 3, 3, 3, 3, 3, 3, 3, 3, 3, 3, 3, 3, 3, 3, 3, 6, 3, 3, 3, 3, 3, 3, 3, 3, 3, 6, 3, 3, 3, 3, 3, 3, 3, 3, 3, 6, 3, 3, 3, 3, 3, 3, 3, 3, 3, 3, 3, 7, 3, 3, 3, 3, 3, 3, 3, 3, 3, 3, 3, 3, 3, 3, 3, 3, 3, 3, 3, 3, 3, 3, 3, 3, 3, 3, 3, 3, 3, 3, 3, 3, 6, 3, 3, 3, 3, 3, 3, 3, 3, 3, 3, 3, 3, 3, 6, 3, 3, 3, 3, 3, 3, 3, 3, 3, 3, 3, 6, 3, 3, 3, 3, 3, 3, 3, 3, 3, 3, 3, 6, 3, 3, 3, 3, 3, 3, 3, 3, 3, 3, 3, 3, 7, 3, 3, 7, 3, 3, 3, 3, 3, 3, 3, 3, 3, 3, 3, 3, 3, 7, 3, 3, 3, 3, 3, 3, 3, 3, 3, 3, 3, 3, 3, 3, 3, 3, 3, 3, 3, 3, 3, 3, 3, 3, 3, 3, 3, 7, 3, 3, 3, 3, 3, 3, 3, 3, 3, 3, 3, 3, 3, 3, 3, 3, 3, 3, 3, 3, 3, 3, 3, 3, 3, 3, 3, 3, 3, 3, 7, 3, 3, 3, 3, 3, 3, 3, 3, 3, 3, 7, 3, 3, 3, 6, 3, 3, 3, 3, 3, 3, 7, 3, 3, 3, 6, 3, 3, 3, 3, 3, 3, 3, 3, 3, 6, 3, 3, 3, 3, 3, 3, 3, 6, 6, 3, 3, 3, 3, 3, 3, 3, 3, 3, 6, 3, 3, 6, 3, 3, 3, 3, 3, 3, 3, 6, 6, 3, 3, 3, 3, 3, 3, 3, 3, 3, 7, 6, 6, 3, 6, 3, 3, 3, 7, 3, 3, 3, 6, 6, 6, 3, 3, 3, 3, 7, 3, 7, 3, 6, 3, 3, 3, 6, 7, 7, 7, 6, 3, 3, 6, 6, 3, 3, 7, 7, 7, 7, 7, 7, 6, 6, 3, 3, 3, 3, 6, 7, 7, 3, 7, 7, 7, 3, 6, 6, 3, 3, 6, 3, 3, 3, 7, 3, 3, 7, 7, 3, 3, 6, 6, 6, 6, 3, 3, 3, 7, 7, 6, 7, 3, 3, 3, 6, 6, 3, 3, 3, 7, 3, 6, 3, 3, 3, 3, 3, 3, 6, 6, 6, 7, 3, 7, 7, 7, 3, 3, 3, 6, 6, 6, 3, 7, 3, 3, 3, 3, 3, 3, 3, 3, 6, 6, 6, 7, 3, 3, 3, 3, 3, 3, 3, 3, 6, 6, 6, 7, 3, 3, 3, 3, 3, 3, 3, 3, 3, 6, 6, 3, 3, 3, 3, 6, 3, 3, 3, 3, 3, 3, 3, 3, 3, 3, 3, 3, 3, 3, 3, 3, 3, 3, 3, 3, 3, 3, 3, 3, 3, 3, 3, 3, 7, 3, 3, 3, 3, 3, 3, 3, 7, 7, 3, 3, 3, 3, 3, 3, 3, 3, 7, 7, 3, 3, 6, 3, 3, 3, 3, 3, 3, 3, 3, 3, 3, 7, 3, 3, 3, 3, 3, 7, 7, 3, 3, 3, 3, 3, 3, 3, 3, 3, 3, 7, 3, 3, 3, 3, 3, 3, 3, 3, 3, 3, 3, 3, 3, 3, 3, 3, 3, 3, 3, 3, 3, 3, 3, 3, 3, 3, 3, 3, 3, 3, 3, 3, 6, 6, 3, 3, 3, 3, 3, 3, 3, 3, 3, 6, 6, 3, 3, 3, 3, 3, 3, 3, 3, 6, 3, 3, 3, 3, 3, 3, 3, 3, 3, 3, 3, 6, 3, 3, 3, 3, 3, 3, 3, 3, 3, 6, 6, 3, 3, 3, 3, 3, 3, 3, 3, 3, 6, 6, 3, 3, 3, 3, 3, 3, 3, 3, 6, 3, 3, 3, 3, 3, 3, 7, 3, 3, 6, 3, 3, 3, 3, 3, 3, 3, 3, 3, 3, 3, 3, 3, 3, 3, 3, 3, 3, 6, 3, 3, 3, 3, 3, 3, 3, 3, 3, 3, 3, 3, 6, 3, 3, 3, 7, 3, 3, 6, 3, 3, 3, 3, 3, 3, 3, 3, 6, 6, 3, 6, 6, 3, 3, 3, 3, 3, 3, 6, 6, 6, 6, 6, 3, 3, 3, 3, 3, 6, 6, 6, 6, 6, 6, 3, 3, 3, 3, 3, 6, 6, 6, 6, 6, 6, 6, 3, 3, 3, 6, 6, 7, 6, 6, 6, 6, 3, 3, 3, 3, 6, 6, 3, 6, 6, 6, 6, 6, 6, 3, 3, 6, 6, 6, 3, 3, 3, 3, 6, 6, 3, 3, 3, 3, 3, 6, 3, 3, 6, 6, 3, 3, 3, 3, 3, 6, 6, 3, 3, 3, 6, 3, 3, 3, 3, 3, 6, 3, 3, 3, 6, 3, 3, 3, 3, 3, 6, 6, 6, 3, 7, 3, 6, 6, 3, 3, 3, 3, 3, 6, 3, 3, 3, 6, 6, 6, 3, 3, 3, 3, 6, 6, 6, 3, 3, 6, 6, 6, 3, 3, 3, 3, 6, 6, 3, 3, 3, 6, 6, 3, 3, 3, 3, 3, 3, 6, 6, 3, 3, 6, 6, 3, 3, 3, 3, 3, 3, 6, 6, 7, 6, 6, 6, 3, 3, 3, 3, 3, 6, 6, 7, 3, 6, 6, 3, 3, 3, 3, 7, 3, 6, 6, 3, 6, 6, 6, 3, 7, 3, 3, 6, 6, 6, 3, 6, 3, 3, 3, 3, 3, 6, 6, 6, 6, 3, 3, 3, 3, 3, 3, 7, 3, 6, 6, 6, 6, 3, 3, 3, 3, 3, 3, 3, 6, 6, 6, 6, 3, 3, 3, 3, 3, 3, 7, 3, 6, 6, 6, 3, 3, 3, 3, 3, 7, 3, 7, 6, 6, 3, 3, 3, 3, 3, 3, 7, 6, 3, 3, 3, 7, 3, 3, 3, 3, 3, 3]
4, 1, [4345.9, 34583.3926466449, 42335.9552300276, 32.1263036677494], [1, 3, 5, 2, 6, 7, 7, 7, 4, 1, 4, 7, 2, 1, 6, 5, 4, 2, 5, 2, 7, 4, 5, 2, 3, 3, 2, 3, 7, 1, 2, 2, 3, 1, 3, 6, 1, 6, 4, 3, 6, 7, 5, 2, 7, 5, 2, 6, 6, 2, 1, 5, 2, 4, 1, 2, 7, 3, 3, 1, 3, 7, 1, 7, 2, 6, 6, 5, 5, 3, 4, 1, 1, 2, 2, 4, 6, 4, 3, 4, 1, 1, 7, 7, 5, 6, 4, 6, 7, 2, 6, 3, 7, 7, 1, 4, 5, 6, 1, 3, 5, 7, 3, 1, 3, 7, 4, 2, 6, 3, 7, 7, 5, 2, 2, 5, 2, 7, 6, 5, 7, 3, 2, 4, 7, 3, 6, 7, 7, 3, 5, 3, 7, 4, 3, 4, 1, 6, 7, 7, 7, 7, 6, 6, 7, 4, 5, 4, 1, 7, 3, 7, 5, 7, 4, 5, 1, 3, 7, 5, 4, 4, 3, 3, 1, 7, 7, 3, 2, 1, 5, 1, 7, 7, 7, 7, 5, 4, 7, 7, 4, 5, 3, 7, 5, 4, 2, 7, 4, 5, 7, 5, 4, 7, 1, 3, 7, 2, 5, 7, 7, 7, 6, 3, 4, 7, 2, 6, 6, 7, 7, 2, 5, 2, 1, 4, 7, 6, 7, 7, 3, 3, 3, 1, 6, 1, 7, 7, 6, 1, 2, 6, 3, 2, 6, 3, 2, 7, 6, 7, 2, 6, 6, 6, 5, 4, 3, 2, 7, 2, 6, 1, 2, 3, 6, 5, 7, 6, 6, 5, 1, 2, 1, 1, 4, 5, 2, 2, 7, 5, 1, 2, 6, 5, 5, 5, 7, 7, 6, 6, 2, 7, 6, 5, 3, 7, 6, 2, 6, 1, 7, 5, 2, 7, 1, 2, 5, 6, 2, 5, 5, 7, 6, 6, 4, 2, 5, 2, 5, 2, 3, 2, 7, 7, 5, 1, 2, 3, 4, 4, 5, 5, 7, 6, 1, 7, 3, 7, 7, 5, 6, 1, 1, 3, 5, 7, 2, 4, 2, 6, 4, 4, 1, 7, 4, 7, 7, 3, 7, 6, 6, 4, 6, 3, 7, 4, 2, 3, 2, 6, 3, 2, 4, 5, 4, 2, 7, 5, 7, 1, 4, 6, 2, 2, 6, 7, 6, 2, 5, 4, 1, 5, 7, 3, 5, 4, 4, 6, 1, 2, 2, 2, 5, 7, 7, 7, 2, 1, 1, 6, 7, 7, 7, 2, 6, 4, 6, 1, 4, 3, 7, 3, 6, 6, 3, 4, 1, 1, 6, 7, 7, 6, 7, 4, 6, 7, 1, 3, 1, 6, 2, 4, 3, 1, 6, 4, 7, 1, 6, 3, 5, 6, 5, 2, 5, 1, 1, 7, 5, 1, 3, 7, 2, 5, 1, 7, 1, 4, 5, 7, 5, 7, 5, 6, 7, 6, 4, 2, 4, 4, 5, 7, 3, 6, 7, 4, 1, 2, 3, 5, 6, 4, 4, 6, 2, 2, 4, 7, 3, 6, 3, 7, 1, 4, 3, 7, 3, 3, 2, 6, 6, 5, 7, 3, 1, 2, 7, 1, 7, 1, 6, 1, 4, 6, 5, 6, 1, 7, 7, 4, 6, 6, 1, 7, 1, 7, 2, 7, 2, 4, 5, 6, 5, 7, 3, 4, 5, 7, 1, 7, 6, 6, 3, 6, 6, 7, 4, 4, 2, 6, 7, 3, 5, 7, 4, 4, 1, 3, 5, 4, 1, 7, 6, 5, 4, 4, 7, 4, 5, 7, 2, 4, 7, 6, 6, 1, 7, 7, 2, 5, 7, 4, 7, 1, 6, 6, 7, 2, 3, 4, 1, 7, 4, 7, 7, 7, 6, 7, 5, 7, 7, 7, 7, 6, 4, 5, 6, 7, 2, 3, 7, 7, 7, 7, 7, 7, 7, 7, 5, 1, 4, 7, 6, 7, 7, 7, 7, 7, 7, 4, 6, 6, 3, 5, 7, 4, 3, 1, 7, 7, 4, 7, 7, 1, 5, 7, 6, 7, 6, 4, 6, 1, 7, 7, 6, 7, 2, 4, 7, 6, 6, 4, 3, 2, 7, 6, 7, 2, 6, 6, 3, 3, 2, 6, 6, 6, 7, 6, 7, 7, 7, 2, 6, 4, 6, 7, 6, 1, 7, 5, 3, 3, 6, 6, 1, 2, 1, 6, 7, 6, 7, 3, 7, 3, 5, 5, 1, 4, 6, 7, 7, 6, 7, 3, 1, 3, 7, 2, 2, 1, 3, 5, 7, 6, 2, 6, 4, 2, 7, 4, 4, 4, 6, 4, 3, 4, 5, 7, 3, 4, 4, 4, 3, 2, 4, 4, 2, 3, 3, 1, 1, 7, 6, 1, 7, 4, 6, 7, 3, 3, 7, 6, 2, 4, 5, 7, 7, 6, 1, 6, 7, 2, 3, 7, 4, 7, 7, 1, 7, 6, 5, 3, 1, 4, 7, 1, 1, 1, 4, 3, 7, 2, 7, 5, 6, 4, 7, 7, 2, 1, 3, 2, 2, 4, 5, 4, 2, 5, 7, 3, 7, 5, 1, 1, 5, 5, 5, 6, 2, 6, 7, 7, 2, 5, 4, 5, 1, 7, 3, 3, 2, 3, 2, 7, 6, 1, 6, 5, 6, 7, 3, 7, 6, 1, 1, 1, 7, 1, 7, 3, 1, 1, 6, 6, 5, 3, 5, 4, 7, 3, 2, 2, 6, 1, 7, 7, 1, 5, 2, 4, 2, 7, 7, 2, 6, 1, 6, 4, 6, 1, 4, 2, 5, 4, 6, 6, 6, 1, 6, 3, 5, 5, 1, 1, 3, 7, 6, 7, 7, 3, 6, 2, 4, 6, 4, 6, 3, 1, 3, 7, 6, 2, 7, 2, 3, 7, 3, 4, 2, 7, 7, 5, 5, 2, 1, 4, 5, 6, 5, 1, 7, 3, 7, 5, 6, 1, 2, 7, 6, 7, 2, 7, 3, 3, 1, 3, 7, 6, 2, 2, 1, 7, 4, 5, 7, 4, 7, 7, 7, 6, 5, 7, 5, 7, 7, 1, 6, 6, 6, 3, 5, 2, 6, 1, 6, 7, 6, 7, 7, 3, 1, 7, 3, 2, 7, 6, 6, 7, 7, 6, 4, 3, 5, 7, 7, 7, 6, 6, 7, 6, 7, 6, 7, 3, 3, 6, 7, 7, 7, 7, 7, 6, 5, 3, 4, 4, 6, 6, 1, 7, 7, 7, 7, 6, 7, 4, 3, 6, 6, 7, 6, 1, 1, 1, 7, 7, 5, 7, 4, 5, 1, 6, 5, 6, 6, 6, 4, 5, 2, 3, 2, 7, 7, 3, 6, 1, 7, 1, 6, 6, 6, 4, 6, 2, 1, 6, 7, 6, 1, 2, 2, 3, 6, 7, 6, 7, 7, 2, 6, 7, 4, 7, 6, 1, 6, 7, 6, 7, 2, 7, 7, 6, 1, 7, 2, 2, 6, 6, 7, 2, 3, 7, 6, 7, 2, 6, 6, 5, 6, 6, 1, 7, 3, 6, 6, 3, 1, 3, 3, 1, 5, 6, 6, 7, 1, 7, 6, 4, 4, 1, 6, 7, 1, 7, 7, 7, 6, 6, 7, 1, 1, 3, 3, 1, 7, 7, 7, 1, 6, 6, 2, 4, 4, 2, 7, 5, 6, 6, 4, 7, 6, 7, 7, 7, 5, 2, 7, 7, 7, 1, 6, 3, 1, 3, 7, 7, 6, 6, 7, 6, 3, 1, 4, 5, 7, 6, 7, 3, 7, 6, 6, 6, 7, 6, 7, 5, 4, 7, 2, 6, 6, 7, 7, 5, 1, 4, 1, 4, 6, 7, 7, 7, 6, 6, 4, 1, 6, 1, 7, 7, 1, 7, 7, 6, 4, 3, 6, 1, 5, 4, 7, 6, 6, 1, 2, 7, 1, 6, 4, 3, 6, 6]
4, 2, [4395.86666666667, 34657.3268309768, 42339.5261015064, 32.0874859126463], [3, 5, 3, 4, 5, 6, 7, 5, 1, 7, 5, 7, 3, 4, 7, 6, 2, 1, 1, 4, 3, 4, 1, 2, 1, 1, 6, 1, 7, 5, 1, 4, 5, 5, 7, 2, 1, 7, 7, 5, 3, 1, 6, 6, 1, 4, 7, 4, 2, 1, 3, 4, 7, 1, 7, 5, 4, 5, 3, 2, 6, 6, 2, 2, 6, 1, 5, 4, 2, 3, 3, 6, 4, 7, 4, 6, 3, 7, 6, 5, 1, 7, 4, 7, 2, 3, 5, 5, 7, 5, 7, 6, 6, 1, 2, 4, 2, 1, 5, 1, 5, 2, 7, 7, 4, 2, 1, 1, 7, 1, 7, 1, 7, 1, 3, 2, 6, 7, 7, 3, 2, 5, 5, 1, 6, 4, 6, 7, 6, 7, 2, 5, 7, 5, 3, 6, 3, 7, 7, 6, 3, 5, 6, 6, 6, 1, 5, 6, 5, 7, 7, 7, 4, 1, 5, 5, 1, 1, 7, 7, 1, 3, 1, 3, 2, 7, 7, 4, 4, 5, 4, 7, 3, 7, 6, 6, 6, 3, 5, 2, 5, 5, 3, 7, 7, 6, 7, 6, 3, 6, 6, 7, 6, 4, 3, 5, 5, 6, 7, 6, 7, 1, 3, 4, 4, 7, 1, 2, 4, 7, 7, 7, 5, 2, 2, 5, 1, 6, 1, 7, 2, 1, 7, 7, 7, 6, 7, 4, 1, 6, 5, 3, 3, 5, 7, 7, 7, 1, 3, 7, 1, 3, 6, 1, 6, 6, 3, 6, 5, 6, 7, 7, 7, 1, 2, 7, 4, 4, 4, 5, 7, 3, 4, 7, 3, 1, 4, 7, 3, 4, 2, 4, 5, 5, 1, 2, 7, 3, 4, 5, 5, 1, 7, 5, 6, 7, 2, 2, 6, 7, 1, 1, 7, 1, 7, 2, 5, 5, 4, 5, 4, 4, 3, 7, 6, 5, 3, 4, 2, 1, 1, 3, 4, 6, 3, 4, 6, 2, 6, 2, 4, 7, 2, 7, 2, 2, 3, 5, 5, 1, 4, 4, 6, 6, 7, 7, 6, 5, 1, 4, 1, 2, 6, 1, 2, 2, 7, 1, 7, 7, 5, 7, 3, 6, 6, 2, 3, 6, 2, 7, 3, 5, 7, 7, 2, 5, 2, 7, 7, 3, 5, 3, 4, 6, 4, 1, 1, 3, 4, 5, 2, 5, 7, 1, 3, 1, 6, 2, 3, 7, 5, 6, 4, 3, 6, 4, 2, 3, 4, 4, 1, 6, 2, 3, 4, 2, 7, 1, 3, 2, 2, 7, 3, 6, 6, 6, 4, 3, 7, 7, 7, 3, 7, 2, 7, 3, 7, 4, 1, 6, 6, 1, 6, 4, 5, 4, 7, 1, 6, 2, 5, 6, 3, 6, 3, 4, 7, 5, 4, 1, 6, 7, 2, 7, 6, 6, 4, 4, 4, 5, 6, 5, 7, 4, 7, 5, 4, 5, 2, 4, 2, 2, 3, 7, 7, 4, 1, 2, 3, 5, 6, 4, 4, 6, 2, 2, 4, 7, 3, 6, 3, 7, 1, 4, 3, 7, 3, 3, 2, 6, 6, 5, 7, 3, 1, 2, 7, 1, 7, 1, 6, 1, 4, 6, 5, 6, 1, 7, 7, 4, 6, 6, 1, 7, 1, 7, 2, 7, 2, 4, 5, 6, 5, 7, 3, 4, 5, 7, 1, 7, 6, 6, 3, 6, 6, 7, 4, 4, 2, 6, 7, 3, 5, 7, 4, 4, 1, 3, 5, 4, 1, 7, 6, 5, 4, 4, 7, 4, 5, 7, 2, 4, 7, 6, 6, 1, 7, 7, 2, 5, 7, 4, 7, 1, 6, 6, 7, 2, 3, 4, 1, 7, 4, 7, 7, 7, 6, 7, 5, 7, 7, 7, 7, 6, 4, 5, 6, 7, 2, 3, 7, 7, 7, 7, 7, 7, 7, 7, 5, 1, 4, 7, 6, 7, 7, 7, 7, 7, 7, 4, 6, 6, 3, 5, 7, 4, 3, 1, 7, 7, 4, 7, 7, 1, 5, 7, 6, 7, 6, 4, 6, 1, 7, 7, 6, 7, 2, 4, 7, 6, 6, 4, 3, 2, 7, 6, 7, 2, 6, 6, 3, 3, 2, 6, 6, 6, 7, 6, 7, 7, 7, 2, 6, 4, 6, 7, 6, 1, 7, 5, 3, 3, 6, 6, 1, 2, 1, 6, 7, 6, 7, 7, 7, 3, 5, 5, 1, 4, 6, 7, 7, 6, 7, 3, 1, 3, 7, 2, 2, 1, 6, 5, 7, 6, 2, 6, 4, 2, 7, 4, 4, 4, 6, 4, 3, 4, 5, 7, 3, 4, 4, 4, 3, 2, 4, 4, 2, 3, 3, 1, 1, 7, 6, 1, 7, 4, 6, 7, 3, 3, 7, 6, 2, 4, 5, 7, 7, 6, 1, 6, 7, 2, 3, 7, 4, 7, 7, 1, 7, 6, 5, 3, 1, 4, 7, 1, 1, 1, 4, 3, 7, 2, 7, 5, 6, 4, 7, 7, 2, 1, 3, 2, 2, 4, 5, 4, 2, 5, 7, 3, 7, 5, 1, 1, 5, 5, 5, 6, 2, 6, 7, 7, 2, 5, 4, 5, 1, 7, 3, 3, 2, 3, 2, 7, 6, 1, 6, 5, 6, 7, 3, 7, 6, 1, 1, 1, 7, 1, 7, 3, 1, 1, 6, 6, 5, 3, 5, 4, 7, 3, 2, 2, 6, 1, 7, 7, 1, 5, 2, 4, 2, 7, 7, 2, 6, 1, 6, 4, 6, 1, 4, 2, 5, 4, 6, 6, 6, 1, 6, 3, 5, 5, 1, 1, 3, 7, 6, 7, 7, 3, 6, 2, 4, 6, 4, 6, 3, 1, 3, 7, 6, 2, 7, 2, 3, 7, 3, 4, 2, 7, 7, 5, 5, 2, 3, 4, 5, 6, 5, 1, 7, 3, 7, 5, 7, 1, 2, 7, 6, 7, 2, 7, 2, 3, 1, 3, 7, 6, 2, 2, 1, 7, 4, 5, 7, 4, 7, 7, 7, 6, 5, 7, 5, 7, 7, 1, 6, 6, 6, 3, 5, 2, 6, 1, 6, 7, 6, 7, 7, 3, 1, 7, 3, 2, 7, 6, 6, 7, 7, 6, 4, 3, 5, 7, 7, 7, 6, 6, 7, 6, 7, 6, 7, 3, 3, 6, 7, 7, 7, 7, 7, 6, 5, 3, 4, 4, 6, 6, 1, 7, 7, 7, 7, 6, 7, 4, 3, 6, 6, 7, 6, 1, 1, 1, 7, 7, 5, 7, 5, 5, 1, 6, 5, 6, 6, 6, 4, 5, 2, 3, 2, 7, 7, 3, 6, 1, 7, 1, 6, 6, 6, 4, 6, 2, 1, 6, 7, 6, 1, 2, 2, 3, 6, 7, 6, 7, 7, 2, 6, 7, 4, 7, 6, 1, 6, 7, 6, 7, 2, 7, 7, 6, 1, 7, 2, 2, 6, 6, 7, 2, 3, 7, 6, 7, 2, 6, 6, 5, 6, 6, 1, 7, 3, 6, 6, 3, 1, 3, 3, 1, 1, 6, 6, 7, 1, 7, 6, 4, 4, 1, 6, 7, 6, 7, 7, 7, 6, 6, 7, 1, 1, 3, 3, 1, 7, 7, 7, 1, 6, 6, 2, 4, 4, 2, 7, 5, 6, 6, 4, 7, 6, 7, 7, 7, 5, 2, 7, 7, 7, 1, 6, 3, 1, 3, 7, 7, 6, 6, 7, 6, 3, 1, 4, 5, 7, 6, 7, 3, 7, 6, 6, 6, 7, 6, 7, 5, 4, 7, 2, 6, 6, 7, 7, 5, 1, 4, 1, 4, 6, 7, 7, 7, 6, 6, 4, 1, 6, 1, 7, 7, 1, 7, 7, 6, 4, 3, 6, 1, 7, 4, 7, 6, 6, 1, 2, 7, 1, 6, 4, 3, 6, 6]
4, 3, [4325.88333333333, 34568.6094143614, 42350.0287260945, 32.0839476971434], [1, 3, 5, 2, 6, 7, 7, 7, 4, 1, 4, 7, 2, 1, 6, 5, 4, 2, 5, 2, 7, 4, 5, 2, 3, 3, 2, 3, 7, 1, 2, 2, 3, 1, 3, 6, 1, 6, 4, 3, 6, 7, 5, 2, 7, 5, 2, 6, 6, 2, 1, 5, 2, 4, 1, 2, 7, 3, 3, 1, 3, 7, 1, 7, 2, 6, 6, 5, 5, 3, 4, 1, 1, 2, 2, 4, 6, 4, 3, 4, 1, 1, 7, 7, 5, 6, 4, 6, 7, 2, 6, 3, 7, 7, 1, 4, 5, 6, 1, 3, 5, 7, 3, 1, 3, 7, 4, 2, 6, 3, 7, 7, 5, 2, 2, 5, 2, 7, 6, 5, 7, 3, 2, 4, 7, 3, 6, 7, 7, 3, 5, 3, 7, 4, 3, 4, 1, 6, 7, 7, 7, 7, 6, 6, 7, 4, 5, 4, 1, 7, 3, 7, 5, 7, 4, 5, 1, 3, 7, 5, 4, 4, 3, 3, 1, 7, 7, 3, 2, 1, 5, 1, 7, 7, 7, 7, 5, 4, 7, 7, 4, 5, 3, 7, 5, 4, 2, 7, 4, 5, 7, 5, 4, 7, 1, 3, 7, 2, 5, 7, 7, 7, 6, 3, 4, 7, 2, 6, 6, 7, 7, 2, 5, 2, 1, 4, 7, 6, 7, 7, 3, 3, 3, 1, 6, 1, 7, 7, 6, 1, 2, 6, 3, 2, 6, 3, 2, 7, 6, 7, 2, 6, 6, 6, 5, 4, 3, 2, 7, 2, 6, 1, 2, 3, 6, 5, 7, 6, 6, 5, 1, 2, 1, 1, 4, 5, 2, 2, 7, 5, 1, 2, 6, 5, 5, 5, 7, 7, 6, 6, 2, 7, 6, 5, 3, 7, 6, 2, 6, 1, 7, 5, 2, 7, 1, 2, 5, 6, 2, 5, 5, 7, 6, 6, 4, 2, 5, 2, 5, 2, 3, 2, 7, 7, 5, 1, 2, 3, 4, 4, 5, 5, 7, 6, 1, 7, 3, 7, 7, 5, 6, 1, 1, 3, 5, 7, 2, 4, 2, 6, 4, 4, 1, 7, 4, 7, 7, 3, 7, 6, 6, 4, 6, 3, 7, 4, 2, 3, 2, 6, 3, 2, 4, 5, 4, 2, 7, 5, 7, 1, 4, 6, 2, 2, 6, 7, 6, 2, 5, 4, 1, 5, 7, 3, 5, 4, 4, 6, 1, 2, 2, 2, 5, 7, 7, 7, 2, 1, 1, 6, 7, 2, 6, 2, 6, 4, 6, 1, 4, 3, 7, 3, 6, 6, 3, 4, 1, 1, 6, 7, 7, 6, 7, 4, 6, 7, 1, 3, 1, 6, 2, 4, 3, 1, 6, 4, 7, 1, 6, 3, 5, 6, 5, 2, 5, 1, 1, 7, 5, 1, 3, 7, 2, 5, 1, 7, 1, 4, 5, 7, 5, 7, 5, 6, 7, 6, 4, 2, 4, 4, 5, 7, 3, 6, 7, 4, 1, 2, 3, 5, 6, 4, 4, 6, 2, 2, 4, 7, 3, 6, 3, 7, 1, 4, 3, 7, 3, 3, 2, 6, 6, 5, 7, 3, 1, 2, 7, 1, 7, 1, 6, 1, 4, 6, 5, 6, 1, 7, 7, 4, 6, 6, 1, 7, 1, 7, 2, 7, 2, 4, 5, 6, 5, 7, 3, 4, 5, 7, 1, 7, 6, 6, 3, 6, 4, 7, 4, 4, 2, 6, 7, 3, 5, 7, 4, 4, 1, 3, 5, 4, 1, 7, 6, 5, 4, 4, 7, 4, 5, 7, 2, 4, 7, 6, 6, 1, 7, 7, 2, 5, 7, 4, 7, 1, 6, 6, 7, 2, 3, 4, 1, 7, 4, 7, 7, 7, 3, 7, 5, 7, 7, 7, 7, 6, 4, 5, 6, 7, 2, 3, 7, 7, 7, 7, 7, 7, 7, 7, 5, 1, 4, 7, 6, 7, 7, 7, 7, 7, 7, 4, 6, 6, 3, 4, 7, 4, 3, 1, 7, 7, 4, 7, 7, 1, 5, 7, 6, 7, 6, 4, 6, 1, 7, 7, 6, 7, 2, 4, 7, 6, 6, 4, 3, 2, 7, 6, 7, 2, 6, 6, 3, 3, 2, 6, 6, 6, 7, 6, 7, 7, 7, 2, 6, 4, 6, 7, 6, 1, 7, 5, 3, 3, 6, 6, 1, 2, 1, 6, 7, 6, 7, 7, 7, 3, 5, 5, 1, 4, 6, 7, 7, 6, 7, 3, 1, 3, 7, 2, 2, 1, 6, 5, 7, 6, 2, 6, 4, 2, 7, 4, 4, 4, 6, 4, 3, 3, 5, 7, 3, 4, 4, 4, 3, 2, 4, 4, 2, 3, 3, 1, 1, 7, 6, 1, 7, 4, 6, 7, 3, 3, 7, 6, 2, 4, 5, 7, 7, 6, 1, 6, 7, 2, 3, 7, 4, 7, 7, 1, 7, 6, 5, 3, 1, 4, 7, 1, 1, 1, 4, 3, 7, 2, 7, 5, 6, 4, 7, 7, 2, 1, 3, 2, 2, 4, 5, 4, 2, 5, 7, 3, 7, 5, 1, 1, 5, 5, 5, 6, 2, 6, 7, 7, 2, 5, 4, 5, 1, 4, 3, 3, 2, 3, 2, 7, 6, 1, 6, 5, 6, 7, 3, 7, 6, 1, 1, 1, 7, 1, 7, 3, 1, 1, 6, 6, 5, 3, 5, 4, 7, 3, 2, 2, 6, 1, 7, 7, 1, 5, 2, 4, 2, 7, 7, 2, 6, 1, 6, 4, 6, 1, 4, 2, 5, 4, 6, 6, 6, 1, 6, 3, 5, 5, 1, 1, 3, 7, 6, 6, 7, 3, 6, 2, 4, 6, 4, 6, 3, 1, 3, 7, 6, 2, 7, 2, 3, 7, 3, 4, 2, 7, 7, 5, 5, 2, 3, 4, 5, 6, 5, 1, 7, 3, 7, 5, 7, 1, 2, 7, 6, 7, 2, 7, 2, 3, 1, 3, 7, 6, 2, 2, 1, 7, 4, 5, 7, 4, 7, 6, 7, 6, 5, 7, 5, 7, 7, 1, 6, 6, 6, 3, 5, 2, 6, 1, 6, 7, 6, 7, 7, 3, 1, 7, 3, 2, 7, 6, 6, 7, 7, 6, 4, 3, 5, 7, 7, 7, 6, 6, 7, 6, 7, 6, 7, 3, 3, 6, 7, 7, 7, 7, 7, 6, 5, 3, 4, 4, 6, 6, 1, 7, 7, 7, 7, 6, 7, 4, 3, 6, 6, 7, 6, 1, 1, 1, 7, 7, 5, 7, 5, 5, 1, 6, 5, 6, 6, 6, 4, 5, 2, 3, 2, 7, 7, 3, 6, 1, 7, 1, 6, 6, 6, 4, 6, 2, 1, 6, 7, 6, 1, 2, 2, 3, 6, 7, 6, 7, 7, 2, 6, 7, 4, 7, 6, 1, 6, 7, 6, 7, 2, 7, 7, 6, 1, 7, 2, 2, 6, 6, 7, 2, 3, 7, 6, 7, 2, 6, 6, 5, 6, 6, 1, 7, 3, 6, 6, 3, 1, 3, 3, 1, 1, 6, 6, 7, 1, 7, 6, 4, 4, 1, 6, 7, 6, 7, 7, 7, 6, 6, 7, 1, 1, 3, 3, 1, 7, 7, 7, 1, 6, 6, 2, 4, 4, 2, 7, 5, 6, 6, 4, 7, 6, 7, 7, 7, 5, 2, 7, 7, 7, 1, 6, 3, 1, 3, 7, 7, 6, 6, 7, 6, 3, 1, 4, 5, 7, 6, 7, 3, 7, 6, 6, 6, 7, 6, 7, 5, 5, 7, 2, 6, 6, 7, 7, 5, 1, 4, 1, 4, 6, 7, 7, 7, 6, 6, 4, 1, 6, 1, 7, 7, 1, 7, 7, 6, 4, 3, 6, 1, 7, 4, 7, 6, 6, 1, 2, 7, 1, 6, 4, 3, 6, 6]
4, 4, [4172.16666666667, 35936.286248031, 42405.545312519, 31.8547916403891], [1, 2, 3, 4, 5, 6, 7, 3, 3, 3, 3, 3, 3, 3, 3, 3, 3, 3, 3, 3, 3, 3, 3, 3, 3, 3, 3, 3, 3, 3, 3, 3, 3, 3, 3, 3, 3, 3, 3, 3, 3, 3, 3, 3, 3, 3, 3, 3, 3, 3, 3, 3, 3, 5, 3, 3, 3, 3, 3, 3, 3, 3, 3, 3, 3, 3, 3, 3, 3, 3, 3, 3, 3, 3, 3, 4, 6, 4, 3, 4, 1, 1, 7, 7, 5, 6, 4, 6, 7, 2, 6, 3, 7, 7, 1, 4, 5, 6, 1, 3, 5, 7, 3, 1, 3, 7, 4, 7, 6, 3, 7, 7, 5, 2, 2, 5, 2, 7, 6, 5, 7, 3, 2, 4, 7, 3, 6, 7, 7, 3, 5, 3, 7, 4, 3, 4, 1, 6, 7, 7, 7, 7, 6, 6, 6, 4, 5, 4, 1, 7, 3, 7, 5, 7, 4, 5, 1, 3, 7, 5, 4, 4, 3, 3, 1, 7, 7, 3, 2, 1, 5, 1, 7, 7, 7, 7, 5, 4, 7, 7, 4, 5, 3, 7, 5, 4, 2, 7, 4, 5, 7, 6, 4, 7, 1, 3, 7, 2, 5, 7, 7, 7, 6, 3, 4, 7, 2, 6, 6, 7, 7, 2, 5, 2, 1, 4, 7, 6, 7, 7, 3, 3, 3, 1, 6, 1, 7, 7, 6, 1, 2, 6, 3, 2, 6, 3, 2, 7, 6, 7, 2, 6, 6, 6, 5, 4, 3, 2, 7, 2, 6, 1, 2, 3, 6, 5, 7, 6, 6, 5, 1, 2, 1, 1, 4, 5, 2, 2, 7, 5, 1, 2, 6, 5, 5, 5, 7, 7, 6, 6, 2, 7, 6, 5, 3, 7, 6, 2, 6, 1, 7, 5, 2, 7, 1, 2, 5, 6, 2, 5, 5, 7, 6, 6, 4, 2, 5, 2, 5, 2, 3, 2, 5, 7, 5, 1, 2, 3, 4, 4, 5, 5, 7, 6, 1, 7, 3, 7, 7, 5, 6, 1, 1, 3, 5, 7, 2, 4, 2, 6, 4, 4, 1, 7, 4, 7, 7, 3, 7, 6, 6, 4, 6, 3, 7, 4, 2, 3, 2, 6, 3, 2, 4, 5, 4, 2, 7, 5, 7, 1, 4, 6, 2, 2, 6, 7, 6, 2, 5, 4, 1, 5, 7, 3, 5, 4, 4, 6, 1, 2, 2, 2, 5, 7, 7, 7, 2, 1, 1, 6, 7, 2, 6, 2, 6, 4, 6, 1, 4, 3, 7, 3, 6, 6, 3, 4, 1, 1, 6, 7, 7, 6, 7, 4, 6, 7, 1, 3, 1, 6, 2, 4, 3, 1, 6, 4, 7, 1, 6, 3, 1, 6, 5, 2, 5, 1, 1, 7, 5, 1, 3, 7, 2, 5, 1, 7, 1, 4, 5, 7, 5, 7, 5, 6, 7, 6, 4, 2, 4, 4, 5, 7, 3, 6, 7, 4, 1, 2, 3, 5, 6, 4, 4, 6, 2, 2, 4, 7, 3, 6, 3, 7, 1, 4, 3, 7, 3, 3, 2, 6, 6, 5, 7, 3, 1, 2, 7, 1, 7, 1, 6, 1, 4, 6, 5, 6, 1, 7, 7, 4, 6, 6, 1, 7, 1, 7, 2, 3, 2, 4, 5, 6, 5, 7, 3, 4, 5, 7, 1, 7, 6, 6, 3, 6, 4, 7, 4, 4, 2, 6, 7, 3, 5, 7, 4, 4, 1, 3, 5, 4, 1, 7, 6, 5, 4, 4, 7, 4, 5, 7, 2, 4, 7, 6, 6, 1, 7, 7, 2, 4, 7, 4, 7, 1, 6, 6, 7, 2, 3, 4, 1, 7, 4, 7, 7, 7, 3, 7, 5, 7, 7, 7, 7, 6, 4, 5, 6, 7, 2, 3, 7, 7, 7, 7, 7, 7, 7, 7, 5, 1, 4, 7, 6, 7, 7, 7, 7, 7, 7, 4, 6, 6, 3, 4, 7, 4, 3, 1, 7, 7, 4, 7, 7, 1, 5, 7, 6, 7, 6, 4, 6, 1, 7, 7, 6, 7, 2, 4, 7, 6, 6, 4, 3, 4, 7, 6, 7, 2, 6, 6, 3, 3, 2, 6, 6, 6, 7, 6, 7, 7, 7, 2, 6, 4, 6, 7, 6, 1, 7, 5, 3, 3, 6, 6, 1, 2, 1, 6, 7, 6, 7, 7, 7, 3, 5, 5, 1, 4, 6, 7, 7, 6, 7, 3, 1, 3, 7, 2, 2, 1, 6, 5, 7, 6, 2, 6, 4, 2, 7, 4, 4, 4, 6, 4, 3, 3, 5, 7, 3, 4, 4, 4, 3, 2, 4, 4, 2, 3, 3, 1, 1, 7, 6, 1, 7, 4, 6, 7, 3, 3, 7, 6, 2, 4, 5, 7, 7, 6, 1, 6, 7, 2, 3, 7, 4, 7, 7, 1, 7, 6, 5, 3, 1, 4, 7, 1, 1, 1, 4, 3, 7, 2, 7, 5, 6, 4, 7, 7, 2, 1, 3, 2, 2, 4, 5, 4, 2, 5, 7, 3, 7, 5, 1, 1, 5, 5, 5, 6, 2, 6, 7, 7, 2, 5, 4, 5, 1, 4, 3, 3, 2, 3, 2, 7, 6, 1, 6, 5, 6, 7, 3, 7, 6, 1, 1, 1, 7, 1, 7, 3, 1, 1, 6, 6, 5, 3, 5, 4, 7, 3, 2, 2, 6, 1, 7, 7, 1, 5, 2, 4, 1, 7, 7, 2, 6, 1, 6, 4, 6, 1, 4, 2, 5, 4, 6, 6, 6, 1, 6, 3, 5, 5, 1, 1, 3, 7, 6, 6, 7, 3, 6, 2, 4, 6, 4, 6, 3, 1, 3, 7, 6, 2, 7, 2, 3, 7, 3, 4, 2, 7, 7, 5, 5, 2, 3, 4, 5, 6, 5, 1, 7, 3, 7, 5, 7, 1, 2, 7, 6, 7, 2, 7, 2, 3, 1, 3, 7, 6, 2, 2, 1, 7, 4, 5, 7, 4, 7, 6, 7, 6, 5, 7, 5, 7, 7, 1, 6, 6, 6, 3, 5, 2, 6, 1, 6, 7, 6, 7, 7, 3, 1, 7, 3, 2, 7, 6, 6, 7, 7, 6, 4, 3, 5, 7, 7, 7, 6, 6, 7, 6, 7, 6, 7, 3, 3, 6, 7, 7, 7, 7, 7, 6, 5, 3, 4, 4, 6, 6, 1, 7, 7, 7, 7, 6, 7, 4, 3, 6, 6, 7, 6, 1, 1, 1, 7, 7, 5, 7, 5, 5, 1, 6, 5, 6, 6, 6, 4, 5, 2, 3, 2, 7, 7, 3, 6, 1, 7, 1, 6, 6, 6, 4, 6, 2, 1, 6, 7, 6, 1, 2, 2, 3, 6, 7, 6, 7, 7, 2, 6, 7, 4, 7, 6, 1, 6, 7, 6, 7, 2, 7, 7, 6, 1, 7, 2, 2, 6, 6, 7, 2, 3, 7, 6, 7, 2, 6, 6, 5, 6, 6, 1, 7, 3, 6, 6, 3, 1, 3, 3, 1, 1, 6, 6, 7, 1, 7, 6, 4, 4, 1, 6, 7, 6, 7, 7, 7, 6, 6, 7, 1, 1, 1, 3, 1, 7, 7, 7, 1, 6, 6, 2, 4, 4, 2, 7, 5, 6, 6, 4, 7, 6, 7, 7, 7, 5, 2, 7, 7, 7, 1, 6, 3, 1, 3, 7, 7, 6, 6, 7, 6, 3, 7, 4, 5, 7, 6, 7, 3, 7, 6, 6, 6, 7, 6, 7, 5, 5, 7, 2, 6, 6, 7, 7, 5, 1, 4, 1, 4, 6, 7, 7, 7, 6, 6, 4, 1, 6, 1, 7, 7, 1, 7, 7, 6, 4, 1, 6, 1, 7, 4, 7, 6, 6, 1, 2, 7, 1, 6, 4, 3, 6, 6]
5, 0, [853.166666666667, 54786.2564458678, 43736.4846080899, 24.087818867946], [1, 2, 3, 4, 5, 6, 7, 3, 3, 3, 3, 3, 3, 3, 3, 3, 3, 3, 3, 3, 3, 3, 3, 3, 3, 3, 3, 3, 3, 3, 3, 3, 3, 3, 3, 3, 3, 3, 3, 3, 3, 3, 3, 3, 3, 3, 3, 3, 3, 3, 3, 3, 3, 3, 3, 3, 3, 3, 3, 3, 3, 3, 3, 3, 3, 3, 3, 3, 3, 3, 3, 3, 3, 3, 3, 3, 3, 3, 3, 3, 3, 3, 3, 3, 3, 3, 3, 3, 3, 3, 3, 3, 3, 3, 3, 3, 3, 3, 3, 3, 3, 3, 3, 3, 3, 3, 3, 3, 3, 3, 6, 3, 3, 3, 3, 3, 3, 6, 6, 3, 3, 3, 3, 3, 3, 3, 6, 7, 3, 3, 3, 3, 6, 3, 3, 3, 3, 6, 7, 6, 3, 3, 3, 6, 6, 3, 3, 3, 3, 7, 3, 7, 3, 3, 3, 3, 3, 3, 6, 3, 3, 3, 3, 3, 3, 7, 7, 3, 3, 3, 3, 3, 3, 7, 6, 3, 3, 3, 3, 3, 3, 3, 3, 7, 3, 3, 3, 3, 3, 3, 3, 3, 3, 3, 3, 3, 3, 3, 3, 6, 6, 3, 3, 3, 3, 3, 3, 3, 3, 7, 6, 3, 3, 3, 3, 3, 3, 3, 3, 7, 3, 3, 3, 3, 3, 3, 3, 3, 3, 3, 3, 3, 3, 3, 3, 3, 3, 3, 3, 7, 3, 3, 3, 3, 3, 3, 3, 3, 3, 3, 3, 3, 3, 3, 3, 3, 3, 3, 3, 3, 3, 3, 3, 3, 3, 3, 3, 3, 3, 3, 3, 3, 3, 3, 3, 3, 7, 3, 3, 3, 3, 3, 3, 3, 3, 6, 3, 3, 3, 3, 3, 3, 3, 3, 3, 3, 3, 3, 3, 3, 3, 3, 3, 6, 3, 3, 3, 3, 3, 3, 3, 3, 3, 6, 3, 3, 3, 3, 3, 3, 3, 3, 3, 6, 3, 3, 3, 3, 3, 3, 3, 3, 3, 3, 3, 7, 3, 3, 3, 3, 3, 3, 3, 3, 3, 3, 3, 3, 3, 3, 3, 3, 3, 3, 3, 3, 3, 3, 3, 3, 3, 3, 3, 3, 3, 3, 3, 3, 6, 3, 3, 3, 3, 3, 3, 3, 3, 3, 3, 3, 3, 3, 6, 3, 3, 3, 3, 3, 3, 3, 3, 3, 3, 3, 6, 3, 3, 3, 3, 3, 3, 3, 3, 3, 3, 3, 6, 3, 3, 3, 3, 3, 3, 3, 3, 3, 3, 3, 3, 7, 3, 3, 7, 3, 3, 3, 3, 3, 3, 3, 3, 3, 3, 3, 3, 3, 7, 3, 3, 3, 3, 3, 3, 3, 3, 3, 3, 3, 3, 3, 3, 3, 3, 3, 3, 3, 3, 3, 3, 3, 3, 3, 3, 3, 7, 3, 3, 3, 3, 3, 3, 3, 3, 3, 3, 3, 3, 3, 3, 3, 3, 3, 3, 3, 3, 3, 3, 3, 3, 3, 3, 3, 3, 3, 3, 7, 3, 3, 3, 3, 3, 3, 3, 3, 3, 3, 7, 3, 3, 3, 6, 3, 3, 3, 3, 3, 3, 7, 3, 3, 3, 6, 3, 3, 3, 3, 3, 3, 3, 3, 3, 6, 3, 3, 3, 3, 3, 3, 3, 6, 6, 3, 3, 3, 3, 3, 3, 3, 3, 3, 6, 3, 3, 6, 3, 3, 3, 3, 3, 3, 3, 6, 6, 3, 3, 3, 3, 3, 3, 3, 3, 3, 7, 6, 6, 3, 6, 3, 3, 3, 7, 3, 3, 3, 6, 6, 6, 3, 3, 3, 3, 7, 3, 7, 3, 6, 3, 3, 3, 6, 7, 7, 7, 6, 3, 3, 6, 6, 3, 3, 7, 7, 7, 7, 7, 7, 6, 6, 3, 3, 3, 3, 6, 7, 7, 3, 7, 7, 7, 3, 6, 6, 3, 3, 6, 3, 3, 3, 7, 3, 3, 7, 7, 3, 3, 6, 6, 6, 6, 3, 3, 3, 7, 7, 6, 7, 3, 3, 3, 6, 6, 3, 3, 3, 7, 3, 6, 3, 3, 3, 3, 3, 3, 6, 6, 6, 7, 3, 7, 7, 7, 3, 3, 3, 6, 6, 6, 3, 7, 3, 3, 3, 3, 3, 3, 3, 3, 6, 6, 6, 7, 3, 3, 3, 3, 3, 3, 3, 3, 6, 6, 6, 7, 3, 3, 3, 3, 3, 3, 3, 3, 3, 6, 6, 3, 3, 3, 3, 6, 3, 3, 3, 3, 3, 3, 3, 3, 3, 3, 3, 3, 3, 3, 3, 3, 3, 3, 3, 3, 3, 3, 3, 3, 3, 3, 3, 3, 7, 3, 3, 3, 3, 3, 3, 3, 7, 7, 3, 3, 3, 3, 3, 3, 3, 3, 7, 7, 3, 3, 6, 3, 3, 3, 3, 3, 3, 3, 3, 3, 3, 7, 3, 3, 3, 3, 3, 7, 7, 3, 3, 3, 3, 3, 3, 3, 3, 3, 3, 7, 3, 3, 3, 3, 3, 3, 3, 3, 3, 3, 3, 3, 3, 3, 3, 3, 3, 3, 3, 3, 3, 3, 3, 3, 3, 3, 3, 3, 3, 3, 3, 3, 6, 6, 3, 3, 3, 3, 3, 3, 3, 3, 3, 6, 6, 3, 3, 3, 3, 3, 3, 3, 3, 6, 3, 3, 3, 3, 3, 3, 3, 3, 3, 3, 3, 6, 3, 3, 3, 3, 3, 3, 3, 3, 3, 6, 6, 3, 3, 3, 3, 3, 3, 3, 3, 3, 6, 6, 3, 3, 3, 3, 3, 3, 3, 3, 6, 3, 3, 3, 3, 3, 3, 7, 3, 3, 6, 3, 3, 3, 3, 3, 3, 3, 3, 3, 3, 3, 3, 3, 3, 3, 3, 3, 3, 6, 3, 3, 3, 3, 3, 3, 3, 3, 3, 3, 3, 3, 6, 3, 3, 3, 7, 3, 3, 6, 3, 3, 3, 3, 3, 3, 3, 3, 6, 6, 3, 6, 6, 3, 3, 3, 3, 3, 3, 6, 6, 6, 6, 6, 3, 3, 3, 3, 3, 6, 6, 6, 6, 6, 6, 3, 3, 3, 3, 3, 6, 6, 6, 6, 6, 6, 6, 3, 3, 3, 6, 6, 7, 6, 6, 6, 6, 3, 3, 3, 3, 6, 6, 3, 6, 6, 6, 6, 6, 6, 3, 3, 6, 6, 6, 3, 3, 3, 3, 6, 6, 3, 3, 3, 3, 3, 6, 3, 3, 6, 6, 3, 3, 3, 3, 3, 6, 6, 3, 3, 3, 6, 3, 3, 3, 3, 3, 6, 3, 3, 3, 6, 3, 3, 3, 3, 3, 6, 6, 6, 3, 7, 3, 6, 6, 3, 3, 3, 3, 3, 6, 3, 3, 3, 6, 6, 6, 3, 3, 3, 3, 6, 6, 6, 3, 3, 6, 6, 6, 3, 3, 3, 3, 6, 6, 3, 3, 3, 6, 6, 3, 3, 3, 3, 3, 3, 6, 6, 3, 3, 6, 6, 3, 3, 3, 3, 3, 3, 6, 6, 7, 6, 6, 6, 3, 3, 3, 3, 3, 6, 6, 7, 3, 6, 6, 3, 3, 3, 3, 7, 3, 6, 6, 3, 6, 6, 6, 3, 7, 3, 3, 6, 6, 6, 3, 6, 3, 3, 3, 3, 3, 6, 6, 6, 6, 3, 3, 3, 3, 3, 3, 7, 3, 6, 6, 6, 6, 3, 3, 3, 3, 3, 3, 3, 6, 6, 6, 6, 3, 3, 3, 3, 3, 3, 7, 3, 6, 6, 6, 3, 3, 3, 3, 3, 7, 3, 7, 6, 6, 3, 3, 3, 3, 3, 3, 7, 6, 3, 3, 3, 7, 3, 3, 3, 3, 3, 3]
5, 1, [4345.9, 34583.3926466449, 42335.9552300276, 32.1263036677494], [1, 3, 5, 2, 6, 7, 7, 7, 4, 1, 4, 7, 2, 1, 6, 5, 4, 2, 5, 2, 7, 4, 5, 2, 3, 3, 2, 3, 7, 1, 2, 2, 3, 1, 3, 6, 1, 6, 4, 3, 6, 7, 5, 2, 7, 5, 2, 6, 6, 2, 1, 5, 2, 4, 1, 2, 7, 3, 3, 1, 3, 7, 1, 7, 2, 6, 6, 5, 5, 3, 4, 1, 1, 2, 2, 4, 6, 4, 3, 4, 1, 1, 7, 7, 5, 6, 4, 6, 7, 2, 6, 3, 7, 7, 1, 4, 5, 6, 1, 3, 5, 7, 3, 1, 3, 7, 4, 2, 6, 3, 7, 7, 5, 2, 2, 5, 2, 7, 6, 5, 7, 3, 2, 4, 7, 3, 6, 7, 7, 3, 5, 3, 7, 4, 3, 4, 1, 6, 7, 7, 7, 7, 6, 6, 7, 4, 5, 4, 1, 7, 3, 7, 5, 7, 4, 5, 1, 3, 7, 5, 4, 4, 3, 3, 1, 7, 7, 3, 2, 1, 5, 1, 7, 7, 7, 7, 5, 4, 7, 7, 4, 5, 3, 7, 5, 4, 2, 7, 4, 5, 7, 5, 4, 7, 1, 3, 7, 2, 5, 7, 7, 7, 6, 3, 4, 7, 2, 6, 6, 7, 7, 2, 5, 2, 1, 4, 7, 6, 7, 7, 3, 3, 3, 1, 6, 1, 7, 7, 6, 1, 2, 6, 3, 2, 6, 3, 2, 7, 6, 7, 2, 6, 6, 6, 5, 4, 3, 2, 7, 2, 6, 1, 2, 3, 6, 5, 7, 6, 6, 5, 1, 2, 1, 1, 4, 5, 2, 2, 7, 5, 1, 2, 6, 5, 5, 5, 7, 7, 6, 6, 2, 7, 6, 5, 3, 7, 6, 2, 6, 1, 7, 5, 2, 7, 1, 2, 5, 6, 2, 5, 5, 7, 6, 6, 4, 2, 5, 2, 5, 2, 3, 2, 7, 7, 5, 1, 2, 3, 4, 4, 5, 5, 7, 6, 1, 7, 3, 7, 7, 5, 6, 1, 1, 3, 5, 7, 2, 4, 2, 6, 4, 4, 1, 7, 4, 7, 7, 3, 7, 6, 6, 4, 6, 3, 7, 4, 2, 3, 2, 6, 3, 2, 4, 5, 4, 2, 7, 5, 7, 1, 4, 6, 2, 2, 6, 7, 6, 2, 5, 4, 1, 5, 7, 3, 5, 4, 4, 6, 1, 2, 2, 2, 5, 7, 7, 7, 2, 1, 1, 6, 7, 7, 7, 2, 6, 4, 6, 1, 4, 3, 7, 3, 6, 6, 3, 4, 1, 1, 6, 7, 7, 6, 7, 4, 6, 7, 1, 3, 1, 6, 2, 4, 3, 1, 6, 4, 7, 1, 6, 3, 5, 6, 5, 2, 5, 1, 1, 7, 5, 1, 3, 7, 2, 5, 1, 7, 1, 4, 5, 7, 5, 7, 5, 6, 7, 6, 4, 2, 4, 4, 5, 7, 3, 6, 7, 4, 1, 2, 3, 5, 6, 4, 4, 6, 2, 2, 4, 7, 3, 6, 3, 7, 1, 4, 3, 7, 3, 3, 2, 6, 6, 5, 7, 3, 1, 2, 7, 1, 7, 1, 6, 1, 4, 6, 5, 6, 1, 7, 7, 4, 6, 6, 1, 7, 1, 7, 2, 7, 2, 4, 5, 6, 5, 7, 3, 4, 5, 7, 1, 7, 6, 6, 3, 6, 6, 7, 4, 4, 2, 6, 7, 3, 5, 7, 4, 4, 1, 3, 5, 4, 1, 7, 6, 5, 4, 4, 7, 4, 5, 7, 2, 4, 7, 6, 6, 1, 7, 7, 2, 5, 7, 4, 7, 1, 6, 6, 7, 2, 3, 4, 1, 7, 4, 7, 7, 7, 6, 7, 5, 7, 7, 7, 7, 6, 4, 5, 6, 7, 2, 3, 7, 7, 7, 7, 7, 7, 7, 7, 5, 1, 4, 7, 6, 7, 7, 7, 7, 7, 7, 4, 6, 6, 3, 5, 7, 4, 3, 1, 7, 7, 4, 7, 7, 1, 5, 7, 6, 7, 6, 4, 6, 1, 7, 7, 6, 7, 2, 4, 7, 6, 6, 4, 3, 2, 7, 6, 7, 2, 6, 6, 3, 3, 2, 6, 6, 6, 7, 6, 7, 7, 7, 2, 6, 4, 6, 7, 6, 1, 7, 5, 3, 3, 6, 6, 1, 2, 1, 6, 7, 6, 7, 3, 7, 3, 5, 5, 1, 4, 6, 7, 7, 6, 7, 3, 1, 3, 7, 2, 2, 1, 3, 5, 7, 6, 2, 6, 4, 2, 7, 4, 4, 4, 6, 4, 3, 4, 5, 7, 3, 4, 4, 4, 3, 2, 4, 4, 2, 3, 3, 1, 1, 7, 6, 1, 7, 4, 6, 7, 3, 3, 7, 6, 2, 4, 5, 7, 7, 6, 1, 6, 7, 2, 3, 7, 4, 7, 7, 1, 7, 6, 5, 3, 1, 4, 7, 1, 1, 1, 4, 3, 7, 2, 7, 5, 6, 4, 7, 7, 2, 1, 3, 2, 2, 4, 5, 4, 2, 5, 7, 3, 7, 5, 1, 1, 5, 5, 5, 6, 2, 6, 7, 7, 2, 5, 4, 5, 1, 7, 3, 3, 2, 3, 2, 7, 6, 1, 6, 5, 6, 7, 3, 7, 6, 1, 1, 1, 7, 1, 7, 3, 1, 1, 6, 6, 5, 3, 5, 4, 7, 3, 2, 2, 6, 1, 7, 7, 1, 5, 2, 4, 2, 7, 7, 2, 6, 1, 6, 4, 6, 1, 4, 2, 5, 4, 6, 6, 6, 1, 6, 3, 5, 5, 1, 1, 3, 7, 6, 7, 7, 3, 6, 2, 4, 6, 4, 6, 3, 1, 3, 7, 6, 2, 7, 2, 3, 7, 3, 4, 2, 7, 7, 5, 5, 2, 1, 4, 5, 6, 5, 1, 7, 3, 7, 5, 6, 1, 2, 7, 6, 7, 2, 7, 3, 3, 1, 3, 7, 6, 2, 2, 1, 7, 4, 5, 7, 4, 7, 7, 7, 6, 5, 7, 5, 7, 7, 1, 6, 6, 6, 3, 5, 2, 6, 1, 6, 7, 6, 7, 7, 3, 1, 7, 3, 2, 7, 6, 6, 7, 7, 6, 4, 3, 5, 7, 7, 7, 6, 6, 7, 6, 7, 6, 7, 3, 3, 6, 7, 7, 7, 7, 7, 6, 5, 3, 4, 4, 6, 6, 1, 7, 7, 7, 7, 6, 7, 4, 3, 6, 6, 7, 6, 1, 1, 1, 7, 7, 5, 7, 4, 5, 1, 6, 5, 6, 6, 6, 4, 5, 2, 3, 2, 7, 7, 3, 6, 1, 7, 1, 6, 6, 6, 4, 6, 2, 1, 6, 7, 6, 1, 2, 2, 3, 6, 7, 6, 7, 7, 2, 6, 7, 4, 7, 6, 1, 6, 7, 6, 7, 2, 7, 7, 6, 1, 7, 2, 2, 6, 6, 7, 2, 3, 7, 6, 7, 2, 6, 6, 5, 6, 6, 1, 7, 3, 6, 6, 3, 1, 3, 3, 1, 5, 6, 6, 7, 1, 7, 6, 4, 4, 1, 6, 7, 1, 7, 7, 7, 6, 6, 7, 1, 1, 3, 3, 1, 7, 7, 7, 1, 6, 6, 2, 4, 4, 2, 7, 5, 6, 6, 4, 7, 6, 7, 7, 7, 5, 2, 7, 7, 7, 1, 6, 3, 1, 3, 7, 7, 6, 6, 7, 6, 3, 1, 4, 5, 7, 6, 7, 3, 7, 6, 6, 6, 7, 6, 7, 5, 4, 7, 2, 6, 6, 7, 7, 5, 1, 4, 1, 4, 6, 7, 7, 7, 6, 6, 4, 1, 6, 1, 7, 7, 1, 7, 7, 6, 4, 3, 6, 1, 5, 4, 7, 6, 6, 1, 2, 7, 1, 6, 4, 3, 6, 6]
5, 2, [4395.86666666667, 34657.3268309768, 42339.5261015064, 32.0874859126463], [3, 5, 3, 4, 5, 6, 7, 5, 1, 7, 5, 7, 3, 4, 7, 6, 2, 1, 1, 4, 3, 4, 1, 2, 1, 1, 6, 1, 7, 5, 1, 4, 5, 5, 7, 2, 1, 7, 7, 5, 3, 1, 6, 6, 1, 4, 7, 4, 2, 1, 3, 4, 7, 1, 7, 5, 4, 5, 3, 2, 6, 6, 2, 2, 6, 1, 5, 4, 2, 3, 3, 6, 4, 7, 4, 6, 3, 7, 6, 5, 1, 7, 4, 7, 2, 3, 5, 5, 7, 5, 7, 6, 6, 1, 2, 4, 2, 1, 5, 1, 5, 2, 7, 7, 4, 2, 1, 1, 7, 1, 7, 1, 7, 1, 3, 2, 6, 7, 7, 3, 2, 5, 5, 1, 6, 4, 6, 7, 6, 7, 2, 5, 7, 5, 3, 6, 3, 7, 7, 6, 3, 5, 6, 6, 6, 1, 5, 6, 5, 7, 7, 7, 4, 1, 5, 5, 1, 1, 7, 7, 1, 3, 1, 3, 2, 7, 7, 4, 4, 5, 4, 7, 3, 7, 6, 6, 6, 3, 5, 2, 5, 5, 3, 7, 7, 6, 7, 6, 3, 6, 6, 7, 6, 4, 3, 5, 5, 6, 7, 6, 7, 1, 3, 4, 4, 7, 1, 2, 4, 7, 7, 7, 5, 2, 2, 5, 1, 6, 1, 7, 2, 1, 7, 7, 7, 6, 7, 4, 1, 6, 5, 3, 3, 5, 7, 7, 7, 1, 3, 7, 1, 3, 6, 1, 6, 6, 3, 6, 5, 6, 7, 7, 7, 1, 2, 7, 4, 4, 4, 5, 7, 3, 4, 7, 3, 1, 4, 7, 3, 4, 2, 4, 5, 5, 1, 2, 7, 3, 4, 5, 5, 1, 7, 5, 6, 7, 2, 2, 6, 7, 1, 1, 7, 1, 7, 2, 5, 5, 4, 5, 4, 4, 3, 7, 6, 5, 3, 4, 2, 1, 1, 3, 4, 6, 3, 4, 6, 2, 6, 2, 4, 7, 2, 7, 2, 2, 3, 5, 5, 1, 4, 4, 6, 6, 7, 7, 6, 5, 1, 4, 1, 2, 6, 1, 2, 2, 7, 1, 7, 7, 5, 7, 3, 6, 6, 2, 3, 6, 2, 7, 3, 5, 7, 7, 2, 5, 2, 7, 7, 3, 5, 3, 4, 6, 4, 1, 1, 3, 4, 5, 2, 5, 7, 1, 3, 1, 6, 2, 3, 7, 5, 6, 4, 3, 6, 4, 2, 3, 4, 4, 1, 6, 2, 3, 4, 2, 7, 1, 3, 2, 2, 7, 3, 6, 6, 6, 4, 3, 7, 7, 7, 3, 7, 2, 7, 3, 7, 4, 1, 6, 6, 1, 6, 4, 5, 4, 7, 1, 6, 2, 5, 6, 3, 6, 3, 4, 7, 5, 4, 1, 6, 7, 2, 7, 6, 6, 4, 4, 4, 5, 6, 5, 7, 4, 7, 5, 4, 5, 2, 4, 2, 2, 3, 7, 7, 4, 1, 2, 3, 5, 6, 4, 4, 6, 2, 2, 4, 7, 3, 6, 3, 7, 1, 4, 3, 7, 3, 3, 2, 6, 6, 5, 7, 3, 1, 2, 7, 1, 7, 1, 6, 1, 4, 6, 5, 6, 1, 7, 7, 4, 6, 6, 1, 7, 1, 7, 2, 7, 2, 4, 5, 6, 5, 7, 3, 4, 5, 7, 1, 7, 6, 6, 3, 6, 6, 7, 4, 4, 2, 6, 7, 3, 5, 7, 4, 4, 1, 3, 5, 4, 1, 7, 6, 5, 4, 4, 7, 4, 5, 7, 2, 4, 7, 6, 6, 1, 7, 7, 2, 5, 7, 4, 7, 1, 6, 6, 7, 2, 3, 4, 1, 7, 4, 7, 7, 7, 6, 7, 5, 7, 7, 7, 7, 6, 4, 5, 6, 7, 2, 3, 7, 7, 7, 7, 7, 7, 7, 7, 5, 1, 4, 7, 6, 7, 7, 7, 7, 7, 7, 4, 6, 6, 3, 5, 7, 4, 3, 1, 7, 7, 4, 7, 7, 1, 5, 7, 6, 7, 6, 4, 6, 1, 7, 7, 6, 7, 2, 4, 7, 6, 6, 4, 3, 2, 7, 6, 7, 2, 6, 6, 3, 3, 2, 6, 6, 6, 7, 6, 7, 7, 7, 2, 6, 4, 6, 7, 6, 1, 7, 5, 3, 3, 6, 6, 1, 2, 1, 6, 7, 6, 7, 7, 7, 3, 5, 5, 1, 4, 6, 7, 7, 6, 7, 3, 1, 3, 7, 2, 2, 1, 6, 5, 7, 6, 2, 6, 4, 2, 7, 4, 4, 4, 6, 4, 3, 4, 5, 7, 3, 4, 4, 4, 3, 2, 4, 4, 2, 3, 3, 1, 1, 7, 6, 1, 7, 4, 6, 7, 3, 3, 7, 6, 2, 4, 5, 7, 7, 6, 1, 6, 7, 2, 3, 7, 4, 7, 7, 1, 7, 6, 5, 3, 1, 4, 7, 1, 1, 1, 4, 3, 7, 2, 7, 5, 6, 4, 7, 7, 2, 1, 3, 2, 2, 4, 5, 4, 2, 5, 7, 3, 7, 5, 1, 1, 5, 5, 5, 6, 2, 6, 7, 7, 2, 5, 4, 5, 1, 7, 3, 3, 2, 3, 2, 7, 6, 1, 6, 5, 6, 7, 3, 7, 6, 1, 1, 1, 7, 1, 7, 3, 1, 1, 6, 6, 5, 3, 5, 4, 7, 3, 2, 2, 6, 1, 7, 7, 1, 5, 2, 4, 2, 7, 7, 2, 6, 1, 6, 4, 6, 1, 4, 2, 5, 4, 6, 6, 6, 1, 6, 3, 5, 5, 1, 1, 3, 7, 6, 7, 7, 3, 6, 2, 4, 6, 4, 6, 3, 1, 3, 7, 6, 2, 7, 2, 3, 7, 3, 4, 2, 7, 7, 5, 5, 2, 3, 4, 5, 6, 5, 1, 7, 3, 7, 5, 7, 1, 2, 7, 6, 7, 2, 7, 2, 3, 1, 3, 7, 6, 2, 2, 1, 7, 4, 5, 7, 4, 7, 7, 7, 6, 5, 7, 5, 7, 7, 1, 6, 6, 6, 3, 5, 2, 6, 1, 6, 7, 6, 7, 7, 3, 1, 7, 3, 2, 7, 6, 6, 7, 7, 6, 4, 3, 5, 7, 7, 7, 6, 6, 7, 6, 7, 6, 7, 3, 3, 6, 7, 7, 7, 7, 7, 6, 5, 3, 4, 4, 6, 6, 1, 7, 7, 7, 7, 6, 7, 4, 3, 6, 6, 7, 6, 1, 1, 1, 7, 7, 5, 7, 5, 5, 1, 6, 5, 6, 6, 6, 4, 5, 2, 3, 2, 7, 7, 3, 6, 1, 7, 1, 6, 6, 6, 4, 6, 2, 1, 6, 7, 6, 1, 2, 2, 3, 6, 7, 6, 7, 7, 2, 6, 7, 4, 7, 6, 1, 6, 7, 6, 7, 2, 7, 7, 6, 1, 7, 2, 2, 6, 6, 7, 2, 3, 7, 6, 7, 2, 6, 6, 5, 6, 6, 1, 7, 3, 6, 6, 3, 1, 3, 3, 1, 1, 6, 6, 7, 1, 7, 6, 4, 4, 1, 6, 7, 6, 7, 7, 7, 6, 6, 7, 1, 1, 3, 3, 1, 7, 7, 7, 1, 6, 6, 2, 4, 4, 2, 7, 5, 6, 6, 4, 7, 6, 7, 7, 7, 5, 2, 7, 7, 7, 1, 6, 3, 1, 3, 7, 7, 6, 6, 7, 6, 3, 1, 4, 5, 7, 6, 7, 3, 7, 6, 6, 6, 7, 6, 7, 5, 4, 7, 2, 6, 6, 7, 7, 5, 1, 4, 1, 4, 6, 7, 7, 7, 6, 6, 4, 1, 6, 1, 7, 7, 1, 7, 7, 6, 4, 3, 6, 1, 7, 4, 7, 6, 6, 1, 2, 7, 1, 6, 4, 3, 6, 6]
5, 3, [4325.88333333333, 34568.6094143614, 42350.0287260945, 32.0839476971434], [1, 3, 5, 2, 6, 7, 7, 7, 4, 1, 4, 7, 2, 1, 6, 5, 4, 2, 5, 2, 7, 4, 5, 2, 3, 3, 2, 3, 7, 1, 2, 2, 3, 1, 3, 6, 1, 6, 4, 3, 6, 7, 5, 2, 7, 5, 2, 6, 6, 2, 1, 5, 2, 4, 1, 2, 7, 3, 3, 1, 3, 7, 1, 7, 2, 6, 6, 5, 5, 3, 4, 1, 1, 2, 2, 4, 6, 4, 3, 4, 1, 1, 7, 7, 5, 6, 4, 6, 7, 2, 6, 3, 7, 7, 1, 4, 5, 6, 1, 3, 5, 7, 3, 1, 3, 7, 4, 2, 6, 3, 7, 7, 5, 2, 2, 5, 2, 7, 6, 5, 7, 3, 2, 4, 7, 3, 6, 7, 7, 3, 5, 3, 7, 4, 3, 4, 1, 6, 7, 7, 7, 7, 6, 6, 7, 4, 5, 4, 1, 7, 3, 7, 5, 7, 4, 5, 1, 3, 7, 5, 4, 4, 3, 3, 1, 7, 7, 3, 2, 1, 5, 1, 7, 7, 7, 7, 5, 4, 7, 7, 4, 5, 3, 7, 5, 4, 2, 7, 4, 5, 7, 5, 4, 7, 1, 3, 7, 2, 5, 7, 7, 7, 6, 3, 4, 7, 2, 6, 6, 7, 7, 2, 5, 2, 1, 4, 7, 6, 7, 7, 3, 3, 3, 1, 6, 1, 7, 7, 6, 1, 2, 6, 3, 2, 6, 3, 2, 7, 6, 7, 2, 6, 6, 6, 5, 4, 3, 2, 7, 2, 6, 1, 2, 3, 6, 5, 7, 6, 6, 5, 1, 2, 1, 1, 4, 5, 2, 2, 7, 5, 1, 2, 6, 5, 5, 5, 7, 7, 6, 6, 2, 7, 6, 5, 3, 7, 6, 2, 6, 1, 7, 5, 2, 7, 1, 2, 5, 6, 2, 5, 5, 7, 6, 6, 4, 2, 5, 2, 5, 2, 3, 2, 7, 7, 5, 1, 2, 3, 4, 4, 5, 5, 7, 6, 1, 7, 3, 7, 7, 5, 6, 1, 1, 3, 5, 7, 2, 4, 2, 6, 4, 4, 1, 7, 4, 7, 7, 3, 7, 6, 6, 4, 6, 3, 7, 4, 2, 3, 2, 6, 3, 2, 4, 5, 4, 2, 7, 5, 7, 1, 4, 6, 2, 2, 6, 7, 6, 2, 5, 4, 1, 5, 7, 3, 5, 4, 4, 6, 1, 2, 2, 2, 5, 7, 7, 7, 2, 1, 1, 6, 7, 2, 6, 2, 6, 4, 6, 1, 4, 3, 7, 3, 6, 6, 3, 4, 1, 1, 6, 7, 7, 6, 7, 4, 6, 7, 1, 3, 1, 6, 2, 4, 3, 1, 6, 4, 7, 1, 6, 3, 5, 6, 5, 2, 5, 1, 1, 7, 5, 1, 3, 7, 2, 5, 1, 7, 1, 4, 5, 7, 5, 7, 5, 6, 7, 6, 4, 2, 4, 4, 5, 7, 3, 6, 7, 4, 1, 2, 3, 5, 6, 4, 4, 6, 2, 2, 4, 7, 3, 6, 3, 7, 1, 4, 3, 7, 3, 3, 2, 6, 6, 5, 7, 3, 1, 2, 7, 1, 7, 1, 6, 1, 4, 6, 5, 6, 1, 7, 7, 4, 6, 6, 1, 7, 1, 7, 2, 7, 2, 4, 5, 6, 5, 7, 3, 4, 5, 7, 1, 7, 6, 6, 3, 6, 4, 7, 4, 4, 2, 6, 7, 3, 5, 7, 4, 4, 1, 3, 5, 4, 1, 7, 6, 5, 4, 4, 7, 4, 5, 7, 2, 4, 7, 6, 6, 1, 7, 7, 2, 5, 7, 4, 7, 1, 6, 6, 7, 2, 3, 4, 1, 7, 4, 7, 7, 7, 3, 7, 5, 7, 7, 7, 7, 6, 4, 5, 6, 7, 2, 3, 7, 7, 7, 7, 7, 7, 7, 7, 5, 1, 4, 7, 6, 7, 7, 7, 7, 7, 7, 4, 6, 6, 3, 4, 7, 4, 3, 1, 7, 7, 4, 7, 7, 1, 5, 7, 6, 7, 6, 4, 6, 1, 7, 7, 6, 7, 2, 4, 7, 6, 6, 4, 3, 2, 7, 6, 7, 2, 6, 6, 3, 3, 2, 6, 6, 6, 7, 6, 7, 7, 7, 2, 6, 4, 6, 7, 6, 1, 7, 5, 3, 3, 6, 6, 1, 2, 1, 6, 7, 6, 7, 7, 7, 3, 5, 5, 1, 4, 6, 7, 7, 6, 7, 3, 1, 3, 7, 2, 2, 1, 6, 5, 7, 6, 2, 6, 4, 2, 7, 4, 4, 4, 6, 4, 3, 3, 5, 7, 3, 4, 4, 4, 3, 2, 4, 4, 2, 3, 3, 1, 1, 7, 6, 1, 7, 4, 6, 7, 3, 3, 7, 6, 2, 4, 5, 7, 7, 6, 1, 6, 7, 2, 3, 7, 4, 7, 7, 1, 7, 6, 5, 3, 1, 4, 7, 1, 1, 1, 4, 3, 7, 2, 7, 5, 6, 4, 7, 7, 2, 1, 3, 2, 2, 4, 5, 4, 2, 5, 7, 3, 7, 5, 1, 1, 5, 5, 5, 6, 2, 6, 7, 7, 2, 5, 4, 5, 1, 4, 3, 3, 2, 3, 2, 7, 6, 1, 6, 5, 6, 7, 3, 7, 6, 1, 1, 1, 7, 1, 7, 3, 1, 1, 6, 6, 5, 3, 5, 4, 7, 3, 2, 2, 6, 1, 7, 7, 1, 5, 2, 4, 2, 7, 7, 2, 6, 1, 6, 4, 6, 1, 4, 2, 5, 4, 6, 6, 6, 1, 6, 3, 5, 5, 1, 1, 3, 7, 6, 6, 7, 3, 6, 2, 4, 6, 4, 6, 3, 1, 3, 7, 6, 2, 7, 2, 3, 7, 3, 4, 2, 7, 7, 5, 5, 2, 3, 4, 5, 6, 5, 1, 7, 3, 7, 5, 7, 1, 2, 7, 6, 7, 2, 7, 2, 3, 1, 3, 7, 6, 2, 2, 1, 7, 4, 5, 7, 4, 7, 6, 7, 6, 5, 7, 5, 7, 7, 1, 6, 6, 6, 3, 5, 2, 6, 1, 6, 7, 6, 7, 7, 3, 1, 7, 3, 2, 7, 6, 6, 7, 7, 6, 4, 3, 5, 7, 7, 7, 6, 6, 7, 6, 7, 6, 7, 3, 3, 6, 7, 7, 7, 7, 7, 6, 5, 3, 4, 4, 6, 6, 1, 7, 7, 7, 7, 6, 7, 4, 3, 6, 6, 7, 6, 1, 1, 1, 7, 7, 5, 7, 5, 5, 1, 6, 5, 6, 6, 6, 4, 5, 2, 3, 2, 7, 7, 3, 6, 1, 7, 1, 6, 6, 6, 4, 6, 2, 1, 6, 7, 6, 1, 2, 2, 3, 6, 7, 6, 7, 7, 2, 6, 7, 4, 7, 6, 1, 6, 7, 6, 7, 2, 7, 7, 6, 1, 7, 2, 2, 6, 6, 7, 2, 3, 7, 6, 7, 2, 6, 6, 5, 6, 6, 1, 7, 3, 6, 6, 3, 1, 3, 3, 1, 1, 6, 6, 7, 1, 7, 6, 4, 4, 1, 6, 7, 6, 7, 7, 7, 6, 6, 7, 1, 1, 3, 3, 1, 7, 7, 7, 1, 6, 6, 2, 4, 4, 2, 7, 5, 6, 6, 4, 7, 6, 7, 7, 7, 5, 2, 7, 7, 7, 1, 6, 3, 1, 3, 7, 7, 6, 6, 7, 6, 3, 1, 4, 5, 7, 6, 7, 3, 7, 6, 6, 6, 7, 6, 7, 5, 5, 7, 2, 6, 6, 7, 7, 5, 1, 4, 1, 4, 6, 7, 7, 7, 6, 6, 4, 1, 6, 1, 7, 7, 1, 7, 7, 6, 4, 3, 6, 1, 7, 4, 7, 6, 6, 1, 2, 7, 1, 6, 4, 3, 6, 6]
5, 4, [864.083333333333, 54625.7723220626, 43737.8701596333, 24.087818867946], [1, 2, 3, 4, 5, 6, 7, 3, 3, 3, 3, 3, 3, 3, 3, 3, 3, 3, 3, 3, 3, 3, 3, 3, 3, 3, 3, 3, 3, 3, 3, 3, 3, 3, 3, 3, 3, 3, 3, 3, 3, 3, 3, 3, 3, 3, 3, 3, 3, 3, 3, 3, 3, 3, 3, 3, 3, 3, 3, 3, 3, 3, 3, 3, 3, 3, 3, 3, 3, 3, 3, 3, 3, 3, 3, 3, 3, 3, 3, 3, 3, 3, 3, 3, 3, 3, 3, 3, 3, 3, 3, 3, 3, 3, 3, 3, 3, 3, 3, 3, 3, 3, 3, 3, 3, 3, 3, 3, 3, 3, 6, 3, 3, 3, 3, 3, 3, 6, 6, 3, 3, 3, 3, 3, 3, 3, 6, 7, 3, 3, 3, 3, 6, 3, 3, 3, 3, 6, 7, 6, 3, 3, 3, 6, 6, 3, 3, 3, 3, 7, 3, 7, 3, 3, 3, 3, 3, 3, 6, 3, 3, 2, 3, 3, 3, 7, 7, 3, 3, 3, 3, 3, 3, 7, 6, 3, 3, 3, 3, 3, 3, 3, 3, 7, 3, 3, 3, 3, 3, 5, 3, 3, 3, 3, 3, 3, 3, 3, 3, 6, 6, 3, 3, 3, 3, 3, 3, 3, 3, 7, 6, 3, 3, 3, 3, 3, 3, 3, 3, 7, 3, 3, 3, 3, 3, 3, 3, 3, 3, 3, 3, 3, 3, 3, 3, 3, 3, 3, 3, 7, 3, 3, 3, 3, 3, 3, 3, 3, 3, 3, 3, 3, 3, 3, 3, 3, 3, 3, 3, 3, 3, 3, 3, 3, 3, 3, 3, 3, 3, 3, 3, 3, 3, 3, 3, 3, 7, 3, 3, 3, 3, 3, 3, 3, 3, 6, 3, 3, 3, 3, 3, 3, 3, 3, 3, 3, 3, 3, 3, 3, 3, 3, 3, 6, 3, 3, 3, 3, 3, 3, 3, 3, 3, 6, 3, 3, 3, 3, 3, 3, 3, 3, 3, 6, 3, 3, 3, 3, 3, 3, 3, 3, 3, 3, 3, 7, 3, 3, 3, 3, 3, 3, 3, 3, 3, 3, 3, 3, 3, 3, 3, 3, 3, 3, 3, 3, 3, 3, 3, 3, 6, 3, 3, 3, 3, 3, 3, 3, 6, 3, 3, 3, 3, 3, 3, 3, 3, 3, 3, 3, 3, 3, 6, 3, 3, 3, 3, 3, 3, 3, 3, 3, 3, 3, 6, 3, 3, 3, 3, 3, 3, 3, 3, 3, 3, 3, 6, 3, 3, 4, 3, 3, 3, 3, 3, 3, 3, 3, 3, 7, 3, 3, 7, 3, 3, 3, 3, 3, 3, 3, 3, 3, 3, 3, 3, 3, 7, 3, 3, 3, 3, 3, 3, 3, 3, 3, 3, 3, 3, 3, 3, 3, 3, 3, 3, 3, 3, 3, 3, 3, 3, 3, 3, 3, 7, 3, 3, 3, 3, 3, 3, 3, 3, 3, 3, 3, 3, 3, 3, 3, 3, 3, 3, 3, 3, 3, 3, 3, 3, 3, 3, 3, 3, 3, 3, 7, 3, 3, 3, 3, 3, 3, 3, 3, 3, 3, 7, 3, 3, 3, 6, 3, 3, 3, 3, 3, 3, 7, 3, 3, 3, 6, 3, 3, 3, 3, 3, 3, 3, 3, 3, 6, 3, 3, 3, 3, 3, 3, 3, 6, 6, 3, 3, 3, 3, 3, 3, 3, 3, 3, 6, 3, 3, 6, 3, 3, 3, 3, 3, 3, 3, 6, 6, 3, 3, 3, 3, 3, 3, 3, 3, 3, 7, 6, 6, 3, 6, 3, 3, 3, 7, 3, 3, 3, 6, 6, 6, 3, 3, 3, 3, 7, 3, 7, 3, 6, 3, 3, 3, 6, 7, 7, 7, 6, 3, 3, 6, 6, 3, 3, 7, 7, 7, 7, 7, 7, 6, 6, 3, 3, 3, 3, 6, 7, 7, 3, 7, 7, 7, 3, 6, 6, 3, 3, 6, 3, 3, 3, 7, 3, 3, 7, 7, 3, 3, 6, 6, 6, 6, 3, 3, 3, 7, 7, 6, 7, 3, 3, 3, 6, 6, 3, 3, 3, 7, 3, 6, 3, 3, 3, 3, 3, 3, 6, 6, 6, 7, 3, 7, 7, 7, 3, 3, 3, 6, 6, 6, 3, 7, 3, 3, 3, 3, 3, 3, 3, 3, 6, 6, 6, 7, 3, 3, 3, 3, 3, 3, 3, 3, 6, 6, 6, 7, 3, 3, 3, 3, 3, 3, 3, 1, 3, 6, 6, 3, 3, 3, 3, 6, 3, 3, 3, 3, 3, 3, 3, 3, 2, 3, 3, 3, 3, 3, 3, 3, 3, 3, 3, 3, 3, 3, 3, 3, 3, 3, 3, 3, 7, 3, 3, 3, 3, 3, 3, 3, 7, 7, 3, 3, 3, 3, 3, 3, 3, 3, 7, 7, 3, 3, 6, 3, 3, 3, 3, 3, 3, 3, 3, 3, 3, 7, 3, 3, 3, 3, 3, 7, 7, 3, 3, 3, 3, 3, 3, 3, 3, 3, 3, 7, 3, 3, 3, 3, 3, 3, 3, 3, 3, 3, 3, 3, 3, 3, 3, 3, 3, 3, 3, 3, 3, 3, 4, 3, 3, 3, 3, 3, 3, 3, 3, 3, 6, 6, 3, 3, 3, 3, 3, 3, 3, 3, 3, 6, 6, 3, 3, 3, 3, 3, 3, 3, 3, 6, 3, 3, 3, 3, 3, 3, 3, 3, 3, 3, 3, 6, 3, 3, 3, 3, 3, 3, 2, 3, 3, 6, 6, 3, 3, 3, 3, 3, 3, 3, 3, 3, 6, 6, 3, 3, 3, 3, 3, 3, 3, 3, 6, 3, 3, 3, 3, 3, 3, 7, 3, 3, 6, 3, 3, 3, 3, 3, 3, 3, 3, 3, 3, 3, 3, 3, 3, 3, 3, 3, 3, 6, 3, 3, 3, 3, 3, 3, 3, 3, 3, 3, 3, 3, 6, 3, 3, 3, 7, 3, 3, 6, 3, 3, 3, 3, 3, 3, 3, 3, 6, 6, 3, 6, 6, 3, 3, 3, 3, 3, 3, 6, 6, 6, 6, 6, 3, 3, 3, 3, 3, 6, 6, 6, 6, 6, 6, 3, 3, 3, 3, 6, 6, 6, 6, 6, 6, 6, 6, 3, 3, 3, 6, 6, 7, 6, 6, 6, 6, 3, 3, 3, 3, 6, 6, 3, 6, 6, 6, 6, 6, 6, 3, 3, 6, 6, 6, 3, 3, 3, 3, 6, 6, 3, 3, 3, 3, 3, 6, 2, 3, 6, 6, 3, 3, 3, 3, 3, 6, 6, 3, 3, 3, 6, 3, 3, 3, 3, 3, 6, 3, 3, 3, 6, 3, 3, 3, 3, 3, 6, 6, 6, 3, 7, 3, 6, 6, 3, 3, 3, 3, 3, 6, 3, 3, 3, 6, 6, 6, 3, 3, 3, 3, 6, 6, 6, 3, 3, 6, 6, 6, 3, 3, 3, 3, 6, 6, 3, 3, 3, 6, 6, 3, 3, 3, 3, 3, 3, 6, 6, 3, 3, 6, 6, 3, 3, 3, 3, 3, 3, 6, 6, 7, 6, 6, 6, 3, 3, 3, 3, 3, 6, 6, 7, 3, 6, 6, 3, 3, 3, 3, 7, 3, 6, 6, 3, 6, 6, 6, 3, 7, 3, 3, 6, 6, 6, 3, 6, 3, 3, 3, 3, 3, 6, 6, 6, 6, 3, 3, 3, 3, 3, 3, 7, 3, 6, 6, 6, 6, 3, 3, 3, 3, 3, 3, 3, 6, 6, 6, 6, 3, 3, 3, 3, 3, 3, 7, 3, 6, 6, 6, 3, 3, 3, 3, 3, 7, 3, 7, 6, 6, 3, 3, 3, 3, 3, 3, 7, 6, 3, 3, 3, 7, 3, 3, 3, 3, 3, 3]
6, 0, [853.166666666667, 54786.2564458678, 43736.4846080899, 24.087818867946], [1, 2, 3, 4, 5, 6, 7, 3, 3, 3, 3, 3, 3, 3, 3, 3, 3, 3, 3, 3, 3, 3, 3, 3, 3, 3, 3, 3, 3, 3, 3, 3, 3, 3, 3, 3, 3, 3, 3, 3, 3, 3, 3, 3, 3, 3, 3, 3, 3, 3, 3, 3, 3, 3, 3, 3, 3, 3, 3, 3, 3, 3, 3, 3, 3, 3, 3, 3, 3, 3, 3, 3, 3, 3, 3, 3, 3, 3, 3, 3, 3, 3, 3, 3, 3, 3, 3, 3, 3, 3, 3, 3, 3, 3, 3, 3, 3, 3, 3, 3, 3, 3, 3, 3, 3, 3, 3, 3, 3, 3, 6, 3, 3, 3, 3, 3, 3, 6, 6, 3, 3, 3, 3, 3, 3, 3, 6, 7, 3, 3, 3, 3, 6, 3, 3, 3, 3, 6, 7, 6, 3, 3, 3, 6, 6, 3, 3, 3, 3, 7, 3, 7, 3, 3, 3, 3, 3, 3, 6, 3, 3, 3, 3, 3, 3, 7, 7, 3, 3, 3, 3, 3, 3, 7, 6, 3, 3, 3, 3, 3, 3, 3, 3, 7, 3, 3, 3, 3, 3, 3, 3, 3, 3, 3, 3, 3, 3, 3, 3, 6, 6, 3, 3, 3, 3, 3, 3, 3, 3, 7, 6, 3, 3, 3, 3, 3, 3, 3, 3, 7, 3, 3, 3, 3, 3, 3, 3, 3, 3, 3, 3, 3, 3, 3, 3, 3, 3, 3, 3, 7, 3, 3, 3, 3, 3, 3, 3, 3, 3, 3, 3, 3, 3, 3, 3, 3, 3, 3, 3, 3, 3, 3, 3, 3, 3, 3, 3, 3, 3, 3, 3, 3, 3, 3, 3, 3, 7, 3, 3, 3, 3, 3, 3, 3, 3, 6, 3, 3, 3, 3, 3, 3, 3, 3, 3, 3, 3, 3, 3, 3, 3, 3, 3, 6, 3, 3, 3, 3, 3, 3, 3, 3, 3, 6, 3, 3, 3, 3, 3, 3, 3, 3, 3, 6, 3, 3, 3, 3, 3, 3, 3, 3, 3, 3, 3, 7, 3, 3, 3, 3, 3, 3, 3, 3, 3, 3, 3, 3, 3, 3, 3, 3, 3, 3, 3, 3, 3, 3, 3, 3, 3, 3, 3, 3, 3, 3, 3, 3, 6, 3, 3, 3, 3, 3, 3, 3, 3, 3, 3, 3, 3, 3, 6, 3, 3, 3, 3, 3, 3, 3, 3, 3, 3, 3, 6, 3, 3, 3, 3, 3, 3, 3, 3, 3, 3, 3, 6, 3, 3, 3, 3, 3, 3, 3, 3, 3, 3, 3, 3, 7, 3, 3, 7, 3, 3, 3, 3, 3, 3, 3, 3, 3, 3, 3, 3, 3, 7, 3, 3, 3, 3, 3, 3, 3, 3, 3, 3, 3, 3, 3, 3, 3, 3, 3, 3, 3, 3, 3, 3, 3, 3, 3, 3, 3, 7, 3, 3, 3, 3, 3, 3, 3, 3, 3, 3, 3, 3, 3, 3, 3, 3, 3, 3, 3, 3, 3, 3, 3, 3, 3, 3, 3, 3, 3, 3, 7, 3, 3, 3, 3, 3, 3, 3, 3, 3, 3, 7, 3, 3, 3, 6, 3, 3, 3, 3, 3, 3, 7, 3, 3, 3, 6, 3, 3, 3, 3, 3, 3, 3, 3, 3, 6, 3, 3, 3, 3, 3, 3, 3, 6, 6, 3, 3, 3, 3, 3, 3, 3, 3, 3, 6, 3, 3, 6, 3, 3, 3, 3, 3, 3, 3, 6, 6, 3, 3, 3, 3, 3, 3, 3, 3, 3, 7, 6, 6, 3, 6, 3, 3, 3, 7, 3, 3, 3, 6, 6, 6, 3, 3, 3, 3, 7, 3, 7, 3, 6, 3, 3, 3, 6, 7, 7, 7, 6, 3, 3, 6, 6, 3, 3, 7, 7, 7, 7, 7, 7, 6, 6, 3, 3, 3, 3, 6, 7, 7, 3, 7, 7, 7, 3, 6, 6, 3, 3, 6, 3, 3, 3, 7, 3, 3, 7, 7, 3, 3, 6, 6, 6, 6, 3, 3, 3, 7, 7, 6, 7, 3, 3, 3, 6, 6, 3, 3, 3, 7, 3, 6, 3, 3, 3, 3, 3, 3, 6, 6, 6, 7, 3, 7, 7, 7, 3, 3, 3, 6, 6, 6, 3, 7, 3, 3, 3, 3, 3, 3, 3, 3, 6, 6, 6, 7, 3, 3, 3, 3, 3, 3, 3, 3, 6, 6, 6, 7, 3, 3, 3, 3, 3, 3, 3, 3, 3, 6, 6, 3, 3, 3, 3, 6, 3, 3, 3, 3, 3, 3, 3, 3, 3, 3, 3, 3, 3, 3, 3, 3, 3, 3, 3, 3, 3, 3, 3, 3, 3, 3, 3, 3, 7, 3, 3, 3, 3, 3, 3, 3, 7, 7, 3, 3, 3, 3, 3, 3, 3, 3, 7, 7, 3, 3, 6, 3, 3, 3, 3, 3, 3, 3, 3, 3, 3, 7, 3, 3, 3, 3, 3, 7, 7, 3, 3, 3, 3, 3, 3, 3, 3, 3, 3, 7, 3, 3, 3, 3, 3, 3, 3, 3, 3, 3, 3, 3, 3, 3, 3, 3, 3, 3, 3, 3, 3, 3, 3, 3, 3, 3, 3, 3, 3, 3, 3, 3, 6, 6, 3, 3, 3, 3, 3, 3, 3, 3, 3, 6, 6, 3, 3, 3, 3, 3, 3, 3, 3, 6, 3, 3, 3, 3, 3, 3, 3, 3, 3, 3, 3, 6, 3, 3, 3, 3, 3, 3, 3, 3, 3, 6, 6, 3, 3, 3, 3, 3, 3, 3, 3, 3, 6, 6, 3, 3, 3, 3, 3, 3, 3, 3, 6, 3, 3, 3, 3, 3, 3, 7, 3, 3, 6, 3, 3, 3, 3, 3, 3, 3, 3, 3, 3, 3, 3, 3, 3, 3, 3, 3, 3, 6, 3, 3, 3, 3, 3, 3, 3, 3, 3, 3, 3, 3, 6, 3, 3, 3, 7, 3, 3, 6, 3, 3, 3, 3, 3, 3, 3, 3, 6, 6, 3, 6, 6, 3, 3, 3, 3, 3, 3, 6, 6, 6, 6, 6, 3, 3, 3, 3, 3, 6, 6, 6, 6, 6, 6, 3, 3, 3, 3, 3, 6, 6, 6, 6, 6, 6, 6, 3, 3, 3, 6, 6, 7, 6, 6, 6, 6, 3, 3, 3, 3, 6, 6, 3, 6, 6, 6, 6, 6, 6, 3, 3, 6, 6, 6, 3, 3, 3, 3, 6, 6, 3, 3, 3, 3, 3, 6, 3, 3, 6, 6, 3, 3, 3, 3, 3, 6, 6, 3, 3, 3, 6, 3, 3, 3, 3, 3, 6, 3, 3, 3, 6, 3, 3, 3, 3, 3, 6, 6, 6, 3, 7, 3, 6, 6, 3, 3, 3, 3, 3, 6, 3, 3, 3, 6, 6, 6, 3, 3, 3, 3, 6, 6, 6, 3, 3, 6, 6, 6, 3, 3, 3, 3, 6, 6, 3, 3, 3, 6, 6, 3, 3, 3, 3, 3, 3, 6, 6, 3, 3, 6, 6, 3, 3, 3, 3, 3, 3, 6, 6, 7, 6, 6, 6, 3, 3, 3, 3, 3, 6, 6, 7, 3, 6, 6, 3, 3, 3, 3, 7, 3, 6, 6, 3, 6, 6, 6, 3, 7, 3, 3, 6, 6, 6, 3, 6, 3, 3, 3, 3, 3, 6, 6, 6, 6, 3, 3, 3, 3, 3, 3, 7, 3, 6, 6, 6, 6, 3, 3, 3, 3, 3, 3, 3, 6, 6, 6, 6, 3, 3, 3, 3, 3, 3, 7, 3, 6, 6, 6, 3, 3, 3, 3, 3, 7, 3, 7, 6, 6, 3, 3, 3, 3, 3, 3, 7, 6, 3, 3, 3, 7, 3, 3, 3, 3, 3, 3]
6, 1, [4345.9, 34583.3926466449, 42335.9552300276, 32.1263036677494], [1, 3, 5, 2, 6, 7, 7, 7, 4, 1, 4, 7, 2, 1, 6, 5, 4, 2, 5, 2, 7, 4, 5, 2, 3, 3, 2, 3, 7, 1, 2, 2, 3, 1, 3, 6, 1, 6, 4, 3, 6, 7, 5, 2, 7, 5, 2, 6, 6, 2, 1, 5, 2, 4, 1, 2, 7, 3, 3, 1, 3, 7, 1, 7, 2, 6, 6, 5, 5, 3, 4, 1, 1, 2, 2, 4, 6, 4, 3, 4, 1, 1, 7, 7, 5, 6, 4, 6, 7, 2, 6, 3, 7, 7, 1, 4, 5, 6, 1, 3, 5, 7, 3, 1, 3, 7, 4, 2, 6, 3, 7, 7, 5, 2, 2, 5, 2, 7, 6, 5, 7, 3, 2, 4, 7, 3, 6, 7, 7, 3, 5, 3, 7, 4, 3, 4, 1, 6, 7, 7, 7, 7, 6, 6, 7, 4, 5, 4, 1, 7, 3, 7, 5, 7, 4, 5, 1, 3, 7, 5, 4, 4, 3, 3, 1, 7, 7, 3, 2, 1, 5, 1, 7, 7, 7, 7, 5, 4, 7, 7, 4, 5, 3, 7, 5, 4, 2, 7, 4, 5, 7, 5, 4, 7, 1, 3, 7, 2, 5, 7, 7, 7, 6, 3, 4, 7, 2, 6, 6, 7, 7, 2, 5, 2, 1, 4, 7, 6, 7, 7, 3, 3, 3, 1, 6, 1, 7, 7, 6, 1, 2, 6, 3, 2, 6, 3, 2, 7, 6, 7, 2, 6, 6, 6, 5, 4, 3, 2, 7, 2, 6, 1, 2, 3, 6, 5, 7, 6, 6, 5, 1, 2, 1, 1, 4, 5, 2, 2, 7, 5, 1, 2, 6, 5, 5, 5, 7, 7, 6, 6, 2, 7, 6, 5, 3, 7, 6, 2, 6, 1, 7, 5, 2, 7, 1, 2, 5, 6, 2, 5, 5, 7, 6, 6, 4, 2, 5, 2, 5, 2, 3, 2, 7, 7, 5, 1, 2, 3, 4, 4, 5, 5, 7, 6, 1, 7, 3, 7, 7, 5, 6, 1, 1, 3, 5, 7, 2, 4, 2, 6, 4, 4, 1, 7, 4, 7, 7, 3, 7, 6, 6, 4, 6, 3, 7, 4, 2, 3, 2, 6, 3, 2, 4, 5, 4, 2, 7, 5, 7, 1, 4, 6, 2, 2, 6, 7, 6, 2, 5, 4, 1, 5, 7, 3, 5, 4, 4, 6, 1, 2, 2, 2, 5, 7, 7, 7, 2, 1, 1, 6, 7, 7, 7, 2, 6, 4, 6, 1, 4, 3, 7, 3, 6, 6, 3, 4, 1, 1, 6, 7, 7, 6, 7, 4, 6, 7, 1, 3, 1, 6, 2, 4, 3, 1, 6, 4, 7, 1, 6, 3, 5, 6, 5, 2, 5, 1, 1, 7, 5, 1, 3, 7, 2, 5, 1, 7, 1, 4, 5, 7, 5, 7, 5, 6, 7, 6, 4, 2, 4, 4, 5, 7, 3, 6, 7, 4, 1, 2, 3, 5, 6, 4, 4, 6, 2, 2, 4, 7, 3, 6, 3, 7, 1, 4, 3, 7, 3, 3, 2, 6, 6, 5, 7, 3, 1, 2, 7, 1, 7, 1, 6, 1, 4, 6, 5, 6, 1, 7, 7, 4, 6, 6, 1, 7, 1, 7, 2, 7, 2, 4, 5, 6, 5, 7, 3, 4, 5, 7, 1, 7, 6, 6, 3, 6, 6, 7, 4, 4, 2, 6, 7, 3, 5, 7, 4, 4, 1, 3, 5, 4, 1, 7, 6, 5, 4, 4, 7, 4, 5, 7, 2, 4, 7, 6, 6, 1, 7, 7, 2, 5, 7, 4, 7, 1, 6, 6, 7, 2, 3, 4, 1, 7, 4, 7, 7, 7, 6, 7, 5, 7, 7, 7, 7, 6, 4, 5, 6, 7, 2, 3, 7, 7, 7, 7, 7, 7, 7, 7, 5, 1, 4, 7, 6, 7, 7, 7, 7, 7, 7, 4, 6, 6, 3, 5, 7, 4, 3, 1, 7, 7, 4, 7, 7, 1, 5, 7, 6, 7, 6, 4, 6, 1, 7, 7, 6, 7, 2, 4, 7, 6, 6, 4, 3, 2, 7, 6, 7, 2, 6, 6, 3, 3, 2, 6, 6, 6, 7, 6, 7, 7, 7, 2, 6, 4, 6, 7, 6, 1, 7, 5, 3, 3, 6, 6, 1, 2, 1, 6, 7, 6, 7, 3, 7, 3, 5, 5, 1, 4, 6, 7, 7, 6, 7, 3, 1, 3, 7, 2, 2, 1, 3, 5, 7, 6, 2, 6, 4, 2, 7, 4, 4, 4, 6, 4, 3, 4, 5, 7, 3, 4, 4, 4, 3, 2, 4, 4, 2, 3, 3, 1, 1, 7, 6, 1, 7, 4, 6, 7, 3, 3, 7, 6, 2, 4, 5, 7, 7, 6, 1, 6, 7, 2, 3, 7, 4, 7, 7, 1, 7, 6, 5, 3, 1, 4, 7, 1, 1, 1, 4, 3, 7, 2, 7, 5, 6, 4, 7, 7, 2, 1, 3, 2, 2, 4, 5, 4, 2, 5, 7, 3, 7, 5, 1, 1, 5, 5, 5, 6, 2, 6, 7, 7, 2, 5, 4, 5, 1, 7, 3, 3, 2, 3, 2, 7, 6, 1, 6, 5, 6, 7, 3, 7, 6, 1, 1, 1, 7, 1, 7, 3, 1, 1, 6, 6, 5, 3, 5, 4, 7, 3, 2, 2, 6, 1, 7, 7, 1, 5, 2, 4, 2, 7, 7, 2, 6, 1, 6, 4, 6, 1, 4, 2, 5, 4, 6, 6, 6, 1, 6, 3, 5, 5, 1, 1, 3, 7, 6, 7, 7, 3, 6, 2, 4, 6, 4, 6, 3, 1, 3, 7, 6, 2, 7, 2, 3, 7, 3, 4, 2, 7, 7, 5, 5, 2, 1, 4, 5, 6, 5, 1, 7, 3, 7, 5, 6, 1, 2, 7, 6, 7, 2, 7, 3, 3, 1, 3, 7, 6, 2, 2, 1, 7, 4, 5, 7, 4, 7, 7, 7, 6, 5, 7, 5, 7, 7, 1, 6, 6, 6, 3, 5, 2, 6, 1, 6, 7, 6, 7, 7, 3, 1, 7, 3, 2, 7, 6, 6, 7, 7, 6, 4, 3, 5, 7, 7, 7, 6, 6, 7, 6, 7, 6, 7, 3, 3, 6, 7, 7, 7, 7, 7, 6, 5, 3, 4, 4, 6, 6, 1, 7, 7, 7, 7, 6, 7, 4, 3, 6, 6, 7, 6, 1, 1, 1, 7, 7, 5, 7, 4, 5, 1, 6, 5, 6, 6, 6, 4, 5, 2, 3, 2, 7, 7, 3, 6, 1, 7, 1, 6, 6, 6, 4, 6, 2, 1, 6, 7, 6, 1, 2, 2, 3, 6, 7, 6, 7, 7, 2, 6, 7, 4, 7, 6, 1, 6, 7, 6, 7, 2, 7, 7, 6, 1, 7, 2, 2, 6, 6, 7, 2, 3, 7, 6, 7, 2, 6, 6, 5, 6, 6, 1, 7, 3, 6, 6, 3, 1, 3, 3, 1, 5, 6, 6, 7, 1, 7, 6, 4, 4, 1, 6, 7, 1, 7, 7, 7, 6, 6, 7, 1, 1, 3, 3, 1, 7, 7, 7, 1, 6, 6, 2, 4, 4, 2, 7, 5, 6, 6, 4, 7, 6, 7, 7, 7, 5, 2, 7, 7, 7, 1, 6, 3, 1, 3, 7, 7, 6, 6, 7, 6, 3, 1, 4, 5, 7, 6, 7, 3, 7, 6, 6, 6, 7, 6, 7, 5, 4, 7, 2, 6, 6, 7, 7, 5, 1, 4, 1, 4, 6, 7, 7, 7, 6, 6, 4, 1, 6, 1, 7, 7, 1, 7, 7, 6, 4, 3, 6, 1, 5, 4, 7, 6, 6, 1, 2, 7, 1, 6, 4, 3, 6, 6]
6, 2, [4395.86666666667, 34657.3268309768, 42339.5261015064, 32.0874859126463], [3, 5, 3, 4, 5, 6, 7, 5, 1, 7, 5, 7, 3, 4, 7, 6, 2, 1, 1, 4, 3, 4, 1, 2, 1, 1, 6, 1, 7, 5, 1, 4, 5, 5, 7, 2, 1, 7, 7, 5, 3, 1, 6, 6, 1, 4, 7, 4, 2, 1, 3, 4, 7, 1, 7, 5, 4, 5, 3, 2, 6, 6, 2, 2, 6, 1, 5, 4, 2, 3, 3, 6, 4, 7, 4, 6, 3, 7, 6, 5, 1, 7, 4, 7, 2, 3, 5, 5, 7, 5, 7, 6, 6, 1, 2, 4, 2, 1, 5, 1, 5, 2, 7, 7, 4, 2, 1, 1, 7, 1, 7, 1, 7, 1, 3, 2, 6, 7, 7, 3, 2, 5, 5, 1, 6, 4, 6, 7, 6, 7, 2, 5, 7, 5, 3, 6, 3, 7, 7, 6, 3, 5, 6, 6, 6, 1, 5, 6, 5, 7, 7, 7, 4, 1, 5, 5, 1, 1, 7, 7, 1, 3, 1, 3, 2, 7, 7, 4, 4, 5, 4, 7, 3, 7, 6, 6, 6, 3, 5, 2, 5, 5, 3, 7, 7, 6, 7, 6, 3, 6, 6, 7, 6, 4, 3, 5, 5, 6, 7, 6, 7, 1, 3, 4, 4, 7, 1, 2, 4, 7, 7, 7, 5, 2, 2, 5, 1, 6, 1, 7, 2, 1, 7, 7, 7, 6, 7, 4, 1, 6, 5, 3, 3, 5, 7, 7, 7, 1, 3, 7, 1, 3, 6, 1, 6, 6, 3, 6, 5, 6, 7, 7, 7, 1, 2, 7, 4, 4, 4, 5, 7, 3, 4, 7, 3, 1, 4, 7, 3, 4, 2, 4, 5, 5, 1, 2, 7, 3, 4, 5, 5, 1, 7, 5, 6, 7, 2, 2, 6, 7, 1, 1, 7, 1, 7, 2, 5, 5, 4, 5, 4, 4, 3, 7, 6, 5, 3, 4, 2, 1, 1, 3, 4, 6, 3, 4, 6, 2, 6, 2, 4, 7, 2, 7, 2, 2, 3, 5, 5, 1, 4, 4, 6, 6, 7, 7, 6, 5, 1, 4, 1, 2, 6, 1, 2, 2, 7, 1, 7, 7, 5, 7, 3, 6, 6, 2, 3, 6, 2, 7, 3, 5, 7, 7, 2, 5, 2, 7, 7, 3, 5, 3, 4, 6, 4, 1, 1, 3, 4, 5, 2, 5, 7, 1, 3, 1, 6, 2, 3, 7, 5, 6, 4, 3, 6, 4, 2, 3, 4, 4, 1, 6, 2, 3, 4, 2, 7, 1, 3, 2, 2, 7, 3, 6, 6, 6, 4, 3, 7, 7, 7, 3, 7, 2, 7, 3, 7, 4, 1, 6, 6, 1, 6, 4, 5, 4, 7, 1, 6, 2, 5, 6, 3, 6, 3, 4, 7, 5, 4, 1, 6, 7, 2, 7, 6, 6, 4, 4, 4, 5, 6, 5, 7, 4, 7, 5, 4, 5, 2, 4, 2, 2, 3, 7, 7, 4, 1, 2, 3, 5, 6, 4, 4, 6, 2, 2, 4, 7, 3, 6, 3, 7, 1, 4, 3, 7, 3, 3, 2, 6, 6, 5, 7, 3, 1, 2, 7, 1, 7, 1, 6, 1, 4, 6, 5, 6, 1, 7, 7, 4, 6, 6, 1, 7, 1, 7, 2, 7, 2, 4, 5, 6, 5, 7, 3, 4, 5, 7, 1, 7, 6, 6, 3, 6, 6, 7, 4, 4, 2, 6, 7, 3, 5, 7, 4, 4, 1, 3, 5, 4, 1, 7, 6, 5, 4, 4, 7, 4, 5, 7, 2, 4, 7, 6, 6, 1, 7, 7, 2, 5, 7, 4, 7, 1, 6, 6, 7, 2, 3, 4, 1, 7, 4, 7, 7, 7, 6, 7, 5, 7, 7, 7, 7, 6, 4, 5, 6, 7, 2, 3, 7, 7, 7, 7, 7, 7, 7, 7, 5, 1, 4, 7, 6, 7, 7, 7, 7, 7, 7, 4, 6, 6, 3, 5, 7, 4, 3, 1, 7, 7, 4, 7, 7, 1, 5, 7, 6, 7, 6, 4, 6, 1, 7, 7, 6, 7, 2, 4, 7, 6, 6, 4, 3, 2, 7, 6, 7, 2, 6, 6, 3, 3, 2, 6, 6, 6, 7, 6, 7, 7, 7, 2, 6, 4, 6, 7, 6, 1, 7, 5, 3, 3, 6, 6, 1, 2, 1, 6, 7, 6, 7, 7, 7, 3, 5, 5, 1, 4, 6, 7, 7, 6, 7, 3, 1, 3, 7, 2, 2, 1, 6, 5, 7, 6, 2, 6, 4, 2, 7, 4, 4, 4, 6, 4, 3, 4, 5, 7, 3, 4, 4, 4, 3, 2, 4, 4, 2, 3, 3, 1, 1, 7, 6, 1, 7, 4, 6, 7, 3, 3, 7, 6, 2, 4, 5, 7, 7, 6, 1, 6, 7, 2, 3, 7, 4, 7, 7, 1, 7, 6, 5, 3, 1, 4, 7, 1, 1, 1, 4, 3, 7, 2, 7, 5, 6, 4, 7, 7, 2, 1, 3, 2, 2, 4, 5, 4, 2, 5, 7, 3, 7, 5, 1, 1, 5, 5, 5, 6, 2, 6, 7, 7, 2, 5, 4, 5, 1, 7, 3, 3, 2, 3, 2, 7, 6, 1, 6, 5, 6, 7, 3, 7, 6, 1, 1, 1, 7, 1, 7, 3, 1, 1, 6, 6, 5, 3, 5, 4, 7, 3, 2, 2, 6, 1, 7, 7, 1, 5, 2, 4, 2, 7, 7, 2, 6, 1, 6, 4, 6, 1, 4, 2, 5, 4, 6, 6, 6, 1, 6, 3, 5, 5, 1, 1, 3, 7, 6, 7, 7, 3, 6, 2, 4, 6, 4, 6, 3, 1, 3, 7, 6, 2, 7, 2, 3, 7, 3, 4, 2, 7, 7, 5, 5, 2, 3, 4, 5, 6, 5, 1, 7, 3, 7, 5, 7, 1, 2, 7, 6, 7, 2, 7, 2, 3, 1, 3, 7, 6, 2, 2, 1, 7, 4, 5, 7, 4, 7, 7, 7, 6, 5, 7, 5, 7, 7, 1, 6, 6, 6, 3, 5, 2, 6, 1, 6, 7, 6, 7, 7, 3, 1, 7, 3, 2, 7, 6, 6, 7, 7, 6, 4, 3, 5, 7, 7, 7, 6, 6, 7, 6, 7, 6, 7, 3, 3, 6, 7, 7, 7, 7, 7, 6, 5, 3, 4, 4, 6, 6, 1, 7, 7, 7, 7, 6, 7, 4, 3, 6, 6, 7, 6, 1, 1, 1, 7, 7, 5, 7, 5, 5, 1, 6, 5, 6, 6, 6, 4, 5, 2, 3, 2, 7, 7, 3, 6, 1, 7, 1, 6, 6, 6, 4, 6, 2, 1, 6, 7, 6, 1, 2, 2, 3, 6, 7, 6, 7, 7, 2, 6, 7, 4, 7, 6, 1, 6, 7, 6, 7, 2, 7, 7, 6, 1, 7, 2, 2, 6, 6, 7, 2, 3, 7, 6, 7, 2, 6, 6, 5, 6, 6, 1, 7, 3, 6, 6, 3, 1, 3, 3, 1, 1, 6, 6, 7, 1, 7, 6, 4, 4, 1, 6, 7, 6, 7, 7, 7, 6, 6, 7, 1, 1, 3, 3, 1, 7, 7, 7, 1, 6, 6, 2, 4, 4, 2, 7, 5, 6, 6, 4, 7, 6, 7, 7, 7, 5, 2, 7, 7, 7, 1, 6, 3, 1, 3, 7, 7, 6, 6, 7, 6, 3, 1, 4, 5, 7, 6, 7, 3, 7, 6, 6, 6, 7, 6, 7, 5, 4, 7, 2, 6, 6, 7, 7, 5, 1, 4, 1, 4, 6, 7, 7, 7, 6, 6, 4, 1, 6, 1, 7, 7, 1, 7, 7, 6, 4, 3, 6, 1, 7, 4, 7, 6, 6, 1, 2, 7, 1, 6, 4, 3, 6, 6]
6, 3, [4325.88333333333, 34568.6094143614, 42350.0287260945, 32.0839476971434], [1, 3, 5, 2, 6, 7, 7, 7, 4, 1, 4, 7, 2, 1, 6, 5, 4, 2, 5, 2, 7, 4, 5, 2, 3, 3, 2, 3, 7, 1, 2, 2, 3, 1, 3, 6, 1, 6, 4, 3, 6, 7, 5, 2, 7, 5, 2, 6, 6, 2, 1, 5, 2, 4, 1, 2, 7, 3, 3, 1, 3, 7, 1, 7, 2, 6, 6, 5, 5, 3, 4, 1, 1, 2, 2, 4, 6, 4, 3, 4, 1, 1, 7, 7, 5, 6, 4, 6, 7, 2, 6, 3, 7, 7, 1, 4, 5, 6, 1, 3, 5, 7, 3, 1, 3, 7, 4, 2, 6, 3, 7, 7, 5, 2, 2, 5, 2, 7, 6, 5, 7, 3, 2, 4, 7, 3, 6, 7, 7, 3, 5, 3, 7, 4, 3, 4, 1, 6, 7, 7, 7, 7, 6, 6, 7, 4, 5, 4, 1, 7, 3, 7, 5, 7, 4, 5, 1, 3, 7, 5, 4, 4, 3, 3, 1, 7, 7, 3, 2, 1, 5, 1, 7, 7, 7, 7, 5, 4, 7, 7, 4, 5, 3, 7, 5, 4, 2, 7, 4, 5, 7, 5, 4, 7, 1, 3, 7, 2, 5, 7, 7, 7, 6, 3, 4, 7, 2, 6, 6, 7, 7, 2, 5, 2, 1, 4, 7, 6, 7, 7, 3, 3, 3, 1, 6, 1, 7, 7, 6, 1, 2, 6, 3, 2, 6, 3, 2, 7, 6, 7, 2, 6, 6, 6, 5, 4, 3, 2, 7, 2, 6, 1, 2, 3, 6, 5, 7, 6, 6, 5, 1, 2, 1, 1, 4, 5, 2, 2, 7, 5, 1, 2, 6, 5, 5, 5, 7, 7, 6, 6, 2, 7, 6, 5, 3, 7, 6, 2, 6, 1, 7, 5, 2, 7, 1, 2, 5, 6, 2, 5, 5, 7, 6, 6, 4, 2, 5, 2, 5, 2, 3, 2, 7, 7, 5, 1, 2, 3, 4, 4, 5, 5, 7, 6, 1, 7, 3, 7, 7, 5, 6, 1, 1, 3, 5, 7, 2, 4, 2, 6, 4, 4, 1, 7, 4, 7, 7, 3, 7, 6, 6, 4, 6, 3, 7, 4, 2, 3, 2, 6, 3, 2, 4, 5, 4, 2, 7, 5, 7, 1, 4, 6, 2, 2, 6, 7, 6, 2, 5, 4, 1, 5, 7, 3, 5, 4, 4, 6, 1, 2, 2, 2, 5, 7, 7, 7, 2, 1, 1, 6, 7, 2, 6, 2, 6, 4, 6, 1, 4, 3, 7, 3, 6, 6, 3, 4, 1, 1, 6, 7, 7, 6, 7, 4, 6, 7, 1, 3, 1, 6, 2, 4, 3, 1, 6, 4, 7, 1, 6, 3, 5, 6, 5, 2, 5, 1, 1, 7, 5, 1, 3, 7, 2, 5, 1, 7, 1, 4, 5, 7, 5, 7, 5, 6, 7, 6, 4, 2, 4, 4, 5, 7, 3, 6, 7, 4, 1, 2, 3, 5, 6, 4, 4, 6, 2, 2, 4, 7, 3, 6, 3, 7, 1, 4, 3, 7, 3, 3, 2, 6, 6, 5, 7, 3, 1, 2, 7, 1, 7, 1, 6, 1, 4, 6, 5, 6, 1, 7, 7, 4, 6, 6, 1, 7, 1, 7, 2, 7, 2, 4, 5, 6, 5, 7, 3, 4, 5, 7, 1, 7, 6, 6, 3, 6, 4, 7, 4, 4, 2, 6, 7, 3, 5, 7, 4, 4, 1, 3, 5, 4, 1, 7, 6, 5, 4, 4, 7, 4, 5, 7, 2, 4, 7, 6, 6, 1, 7, 7, 2, 5, 7, 4, 7, 1, 6, 6, 7, 2, 3, 4, 1, 7, 4, 7, 7, 7, 3, 7, 5, 7, 7, 7, 7, 6, 4, 5, 6, 7, 2, 3, 7, 7, 7, 7, 7, 7, 7, 7, 5, 1, 4, 7, 6, 7, 7, 7, 7, 7, 7, 4, 6, 6, 3, 4, 7, 4, 3, 1, 7, 7, 4, 7, 7, 1, 5, 7, 6, 7, 6, 4, 6, 1, 7, 7, 6, 7, 2, 4, 7, 6, 6, 4, 3, 2, 7, 6, 7, 2, 6, 6, 3, 3, 2, 6, 6, 6, 7, 6, 7, 7, 7, 2, 6, 4, 6, 7, 6, 1, 7, 5, 3, 3, 6, 6, 1, 2, 1, 6, 7, 6, 7, 7, 7, 3, 5, 5, 1, 4, 6, 7, 7, 6, 7, 3, 1, 3, 7, 2, 2, 1, 6, 5, 7, 6, 2, 6, 4, 2, 7, 4, 4, 4, 6, 4, 3, 3, 5, 7, 3, 4, 4, 4, 3, 2, 4, 4, 2, 3, 3, 1, 1, 7, 6, 1, 7, 4, 6, 7, 3, 3, 7, 6, 2, 4, 5, 7, 7, 6, 1, 6, 7, 2, 3, 7, 4, 7, 7, 1, 7, 6, 5, 3, 1, 4, 7, 1, 1, 1, 4, 3, 7, 2, 7, 5, 6, 4, 7, 7, 2, 1, 3, 2, 2, 4, 5, 4, 2, 5, 7, 3, 7, 5, 1, 1, 5, 5, 5, 6, 2, 6, 7, 7, 2, 5, 4, 5, 1, 4, 3, 3, 2, 3, 2, 7, 6, 1, 6, 5, 6, 7, 3, 7, 6, 1, 1, 1, 7, 1, 7, 3, 1, 1, 6, 6, 5, 3, 5, 4, 7, 3, 2, 2, 6, 1, 7, 7, 1, 5, 2, 4, 2, 7, 7, 2, 6, 1, 6, 4, 6, 1, 4, 2, 5, 4, 6, 6, 6, 1, 6, 3, 5, 5, 1, 1, 3, 7, 6, 6, 7, 3, 6, 2, 4, 6, 4, 6, 3, 1, 3, 7, 6, 2, 7, 2, 3, 7, 3, 4, 2, 7, 7, 5, 5, 2, 3, 4, 5, 6, 5, 1, 7, 3, 7, 5, 7, 1, 2, 7, 6, 7, 2, 7, 2, 3, 1, 3, 7, 6, 2, 2, 1, 7, 4, 5, 7, 4, 7, 6, 7, 6, 5, 7, 5, 7, 7, 1, 6, 6, 6, 3, 5, 2, 6, 1, 6, 7, 6, 7, 7, 3, 1, 7, 3, 2, 7, 6, 6, 7, 7, 6, 4, 3, 5, 7, 7, 7, 6, 6, 7, 6, 7, 6, 7, 3, 3, 6, 7, 7, 7, 7, 7, 6, 5, 3, 4, 4, 6, 6, 1, 7, 7, 7, 7, 6, 7, 4, 3, 6, 6, 7, 6, 1, 1, 1, 7, 7, 5, 7, 5, 5, 1, 6, 5, 6, 6, 6, 4, 5, 2, 3, 2, 7, 7, 3, 6, 1, 7, 1, 6, 6, 6, 4, 6, 2, 1, 6, 7, 6, 1, 2, 2, 3, 6, 7, 6, 7, 7, 2, 6, 7, 4, 7, 6, 1, 6, 7, 6, 7, 2, 7, 7, 6, 1, 7, 2, 2, 6, 6, 7, 2, 3, 7, 6, 7, 2, 6, 6, 5, 6, 6, 1, 7, 3, 6, 6, 3, 1, 3, 3, 1, 1, 6, 6, 7, 1, 7, 6, 4, 4, 1, 6, 7, 6, 7, 7, 7, 6, 6, 7, 1, 1, 3, 3, 1, 7, 7, 7, 1, 6, 6, 2, 4, 4, 2, 7, 5, 6, 6, 4, 7, 6, 7, 7, 7, 5, 2, 7, 7, 7, 1, 6, 3, 1, 3, 7, 7, 6, 6, 7, 6, 3, 1, 4, 5, 7, 6, 7, 3, 7, 6, 6, 6, 7, 6, 7, 5, 5, 7, 2, 6, 6, 7, 7, 5, 1, 4, 1, 4, 6, 7, 7, 7, 6, 6, 4, 1, 6, 1, 7, 7, 1, 7, 7, 6, 4, 3, 6, 1, 7, 4, 7, 6, 6, 1, 2, 7, 1, 6, 4, 3, 6, 6]
6, 4, [864.083333333333, 54625.7723220626, 43737.8701596333, 24.087818867946], [1, 2, 3, 4, 5, 6, 7, 3, 3, 3, 3, 3, 3, 3, 3, 3, 3, 3, 3, 3, 3, 3, 3, 3, 3, 3, 3, 3, 3, 3, 3, 3, 3, 3, 3, 3, 3, 3, 3, 3, 3, 3, 3, 3, 3, 3, 3, 3, 3, 3, 3, 3, 3, 3, 3, 3, 3, 3, 3, 3, 3, 3, 3, 3, 3, 3, 3, 3, 3, 3, 3, 3, 3, 3, 3, 3, 3, 3, 3, 3, 3, 3, 3, 3, 3, 3, 3, 3, 3, 3, 3, 3, 3, 3, 3, 3, 3, 3, 3, 3, 3, 3, 3, 3, 3, 3, 3, 3, 3, 3, 6, 3, 3, 3, 3, 3, 3, 6, 6, 3, 3, 3, 3, 3, 3, 3, 6, 7, 3, 3, 3, 3, 6, 3, 3, 3, 3, 6, 7, 6, 3, 3, 3, 6, 6, 3, 3, 3, 3, 7, 3, 7, 3, 3, 3, 3, 3, 3, 6, 3, 3, 2, 3, 3, 3, 7, 7, 3, 3, 3, 3, 3, 3, 7, 6, 3, 3, 3, 3, 3, 3, 3, 3, 7, 3, 3, 3, 3, 3, 5, 3, 3, 3, 3, 3, 3, 3, 3, 3, 6, 6, 3, 3, 3, 3, 3, 3, 3, 3, 7, 6, 3, 3, 3, 3, 3, 3, 3, 3, 7, 3, 3, 3, 3, 3, 3, 3, 3, 3, 3, 3, 3, 3, 3, 3, 3, 3, 3, 3, 7, 3, 3, 3, 3, 3, 3, 3, 3, 3, 3, 3, 3, 3, 3, 3, 3, 3, 3, 3, 3, 3, 3, 3, 3, 3, 3, 3, 3, 3, 3, 3, 3, 3, 3, 3, 3, 7, 3, 3, 3, 3, 3, 3, 3, 3, 6, 3, 3, 3, 3, 3, 3, 3, 3, 3, 3, 3, 3, 3, 3, 3, 3, 3, 6, 3, 3, 3, 3, 3, 3, 3, 3, 3, 6, 3, 3, 3, 3, 3, 3, 3, 3, 3, 6, 3, 3, 3, 3, 3, 3, 3, 3, 3, 3, 3, 7, 3, 3, 3, 3, 3, 3, 3, 3, 3, 3, 3, 3, 3, 3, 3, 3, 3, 3, 3, 3, 3, 3, 3, 3, 6, 3, 3, 3, 3, 3, 3, 3, 6, 3, 3, 3, 3, 3, 3, 3, 3, 3, 3, 3, 3, 3, 6, 3, 3, 3, 3, 3, 3, 3, 3, 3, 3, 3, 6, 3, 3, 3, 3, 3, 3, 3, 3, 3, 3, 3, 6, 3, 3, 4, 3, 3, 3, 3, 3, 3, 3, 3, 3, 7, 3, 3, 7, 3, 3, 3, 3, 3, 3, 3, 3, 3, 3, 3, 3, 3, 7, 3, 3, 3, 3, 3, 3, 3, 3, 3, 3, 3, 3, 3, 3, 3, 3, 3, 3, 3, 3, 3, 3, 3, 3, 3, 3, 3, 7, 3, 3, 3, 3, 3, 3, 3, 3, 3, 3, 3, 3, 3, 3, 3, 3, 3, 3, 3, 3, 3, 3, 3, 3, 3, 3, 3, 3, 3, 3, 7, 3, 3, 3, 3, 3, 3, 3, 3, 3, 3, 7, 3, 3, 3, 6, 3, 3, 3, 3, 3, 3, 7, 3, 3, 3, 6, 3, 3, 3, 3, 3, 3, 3, 3, 3, 6, 3, 3, 3, 3, 3, 3, 3, 6, 6, 3, 3, 3, 3, 3, 3, 3, 3, 3, 6, 3, 3, 6, 3, 3, 3, 3, 3, 3, 3, 6, 6, 3, 3, 3, 3, 3, 3, 3, 3, 3, 7, 6, 6, 3, 6, 3, 3, 3, 7, 3, 3, 3, 6, 6, 6, 3, 3, 3, 3, 7, 3, 7, 3, 6, 3, 3, 3, 6, 7, 7, 7, 6, 3, 3, 6, 6, 3, 3, 7, 7, 7, 7, 7, 7, 6, 6, 3, 3, 3, 3, 6, 7, 7, 3, 7, 7, 7, 3, 6, 6, 3, 3, 6, 3, 3, 3, 7, 3, 3, 7, 7, 3, 3, 6, 6, 6, 6, 3, 3, 3, 7, 7, 6, 7, 3, 3, 3, 6, 6, 3, 3, 3, 7, 3, 6, 3, 3, 3, 3, 3, 3, 6, 6, 6, 7, 3, 7, 7, 7, 3, 3, 3, 6, 6, 6, 3, 7, 3, 3, 3, 3, 3, 3, 3, 3, 6, 6, 6, 7, 3, 3, 3, 3, 3, 3, 3, 3, 6, 6, 6, 7, 3, 3, 3, 3, 3, 3, 3, 1, 3, 6, 6, 3, 3, 3, 3, 6, 3, 3, 3, 3, 3, 3, 3, 3, 2, 3, 3, 3, 3, 3, 3, 3, 3, 3, 3, 3, 3, 3, 3, 3, 3, 3, 3, 3, 7, 3, 3, 3, 3, 3, 3, 3, 7, 7, 3, 3, 3, 3, 3, 3, 3, 3, 7, 7, 3, 3, 6, 3, 3, 3, 3, 3, 3, 3, 3, 3, 3, 7, 3, 3, 3, 3, 3, 7, 7, 3, 3, 3, 3, 3, 3, 3, 3, 3, 3, 7, 3, 3, 3, 3, 3, 3, 3, 3, 3, 3, 3, 3, 3, 3, 3, 3, 3, 3, 3, 3, 3, 3, 4, 3, 3, 3, 3, 3, 3, 3, 3, 3, 6, 6, 3, 3, 3, 3, 3, 3, 3, 3, 3, 6, 6, 3, 3, 3, 3, 3, 3, 3, 3, 6, 3, 3, 3, 3, 3, 3, 3, 3, 3, 3, 3, 6, 3, 3, 3, 3, 3, 3, 2, 3, 3, 6, 6, 3, 3, 3, 3, 3, 3, 3, 3, 3, 6, 6, 3, 3, 3, 3, 3, 3, 3, 3, 6, 3, 3, 3, 3, 3, 3, 7, 3, 3, 6, 3, 3, 3, 3, 3, 3, 3, 3, 3, 3, 3, 3, 3, 3, 3, 3, 3, 3, 6, 3, 3, 3, 3, 3, 3, 3, 3, 3, 3, 3, 3, 6, 3, 3, 3, 7, 3, 3, 6, 3, 3, 3, 3, 3, 3, 3, 3, 6, 6, 3, 6, 6, 3, 3, 3, 3, 3, 3, 6, 6, 6, 6, 6, 3, 3, 3, 3, 3, 6, 6, 6, 6, 6, 6, 3, 3, 3, 3, 6, 6, 6, 6, 6, 6, 6, 6, 3, 3, 3, 6, 6, 7, 6, 6, 6, 6, 3, 3, 3, 3, 6, 6, 3, 6, 6, 6, 6, 6, 6, 3, 3, 6, 6, 6, 3, 3, 3, 3, 6, 6, 3, 3, 3, 3, 3, 6, 2, 3, 6, 6, 3, 3, 3, 3, 3, 6, 6, 3, 3, 3, 6, 3, 3, 3, 3, 3, 6, 3, 3, 3, 6, 3, 3, 3, 3, 3, 6, 6, 6, 3, 7, 3, 6, 6, 3, 3, 3, 3, 3, 6, 3, 3, 3, 6, 6, 6, 3, 3, 3, 3, 6, 6, 6, 3, 3, 6, 6, 6, 3, 3, 3, 3, 6, 6, 3, 3, 3, 6, 6, 3, 3, 3, 3, 3, 3, 6, 6, 3, 3, 6, 6, 3, 3, 3, 3, 3, 3, 6, 6, 7, 6, 6, 6, 3, 3, 3, 3, 3, 6, 6, 7, 3, 6, 6, 3, 3, 3, 3, 7, 3, 6, 6, 3, 6, 6, 6, 3, 7, 3, 3, 6, 6, 6, 3, 6, 3, 3, 3, 3, 3, 6, 6, 6, 6, 3, 3, 3, 3, 3, 3, 7, 3, 6, 6, 6, 6, 3, 3, 3, 3, 3, 3, 3, 6, 6, 6, 6, 3, 3, 3, 3, 3, 3, 7, 3, 6, 6, 6, 3, 3, 3, 3, 3, 7, 3, 7, 6, 6, 3, 3, 3, 3, 3, 3, 7, 6, 3, 3, 3, 7, 3, 3, 3, 3, 3, 3]
7, 0, [853.166666666667, 54786.2564458678, 43736.4846080899, 24.087818867946], [1, 2, 3, 4, 5, 6, 7, 3, 3, 3, 3, 3, 3, 3, 3, 3, 3, 3, 3, 3, 3, 3, 3, 3, 3, 3, 3, 3, 3, 3, 3, 3, 3, 3, 3, 3, 3, 3, 3, 3, 3, 3, 3, 3, 3, 3, 3, 3, 3, 3, 3, 3, 3, 3, 3, 3, 3, 3, 3, 3, 3, 3, 3, 3, 3, 3, 3, 3, 3, 3, 3, 3, 3, 3, 3, 3, 3, 3, 3, 3, 3, 3, 3, 3, 3, 3, 3, 3, 3, 3, 3, 3, 3, 3, 3, 3, 3, 3, 3, 3, 3, 3, 3, 3, 3, 3, 3, 3, 3, 3, 6, 3, 3, 3, 3, 3, 3, 6, 6, 3, 3, 3, 3, 3, 3, 3, 6, 7, 3, 3, 3, 3, 6, 3, 3, 3, 3, 6, 7, 6, 3, 3, 3, 6, 6, 3, 3, 3, 3, 7, 3, 7, 3, 3, 3, 3, 3, 3, 6, 3, 3, 3, 3, 3, 3, 7, 7, 3, 3, 3, 3, 3, 3, 7, 6, 3, 3, 3, 3, 3, 3, 3, 3, 7, 3, 3, 3, 3, 3, 3, 3, 3, 3, 3, 3, 3, 3, 3, 3, 6, 6, 3, 3, 3, 3, 3, 3, 3, 3, 7, 6, 3, 3, 3, 3, 3, 3, 3, 3, 7, 3, 3, 3, 3, 3, 3, 3, 3, 3, 3, 3, 3, 3, 3, 3, 3, 3, 3, 3, 7, 3, 3, 3, 3, 3, 3, 3, 3, 3, 3, 3, 3, 3, 3, 3, 3, 3, 3, 3, 3, 3, 3, 3, 3, 3, 3, 3, 3, 3, 3, 3, 3, 3, 3, 3, 3, 7, 3, 3, 3, 3, 3, 3, 3, 3, 6, 3, 3, 3, 3, 3, 3, 3, 3, 3, 3, 3, 3, 3, 3, 3, 3, 3, 6, 3, 3, 3, 3, 3, 3, 3, 3, 3, 6, 3, 3, 3, 3, 3, 3, 3, 3, 3, 6, 3, 3, 3, 3, 3, 3, 3, 3, 3, 3, 3, 7, 3, 3, 3, 3, 3, 3, 3, 3, 3, 3, 3, 3, 3, 3, 3, 3, 3, 3, 3, 3, 3, 3, 3, 3, 3, 3, 3, 3, 3, 3, 3, 3, 6, 3, 3, 3, 3, 3, 3, 3, 3, 3, 3, 3, 3, 3, 6, 3, 3, 3, 3, 3, 3, 3, 3, 3, 3, 3, 6, 3, 3, 3, 3, 3, 3, 3, 3, 3, 3, 3, 6, 3, 3, 3, 3, 3, 3, 3, 3, 3, 3, 3, 3, 7, 3, 3, 7, 3, 3, 3, 3, 3, 3, 3, 3, 3, 3, 3, 3, 3, 7, 3, 3, 3, 3, 3, 3, 3, 3, 3, 3, 3, 3, 3, 3, 3, 3, 3, 3, 3, 3, 3, 3, 3, 3, 3, 3, 3, 7, 3, 3, 3, 3, 3, 3, 3, 3, 3, 3, 3, 3, 3, 3, 3, 3, 3, 3, 3, 3, 3, 3, 3, 3, 3, 3, 3, 3, 3, 3, 7, 3, 3, 3, 3, 3, 3, 3, 3, 3, 3, 7, 3, 3, 3, 6, 3, 3, 3, 3, 3, 3, 7, 3, 3, 3, 6, 3, 3, 3, 3, 3, 3, 3, 3, 3, 6, 3, 3, 3, 3, 3, 3, 3, 6, 6, 3, 3, 3, 3, 3, 3, 3, 3, 3, 6, 3, 3, 6, 3, 3, 3, 3, 3, 3, 3, 6, 6, 3, 3, 3, 3, 3, 3, 3, 3, 3, 7, 6, 6, 3, 6, 3, 3, 3, 7, 3, 3, 3, 6, 6, 6, 3, 3, 3, 3, 7, 3, 7, 3, 6, 3, 3, 3, 6, 7, 7, 7, 6, 3, 3, 6, 6, 3, 3, 7, 7, 7, 7, 7, 7, 6, 6, 3, 3, 3, 3, 6, 7, 7, 3, 7, 7, 7, 3, 6, 6, 3, 3, 6, 3, 3, 3, 7, 3, 3, 7, 7, 3, 3, 6, 6, 6, 6, 3, 3, 3, 7, 7, 6, 7, 3, 3, 3, 6, 6, 3, 3, 3, 7, 3, 6, 3, 3, 3, 3, 3, 3, 6, 6, 6, 7, 3, 7, 7, 7, 3, 3, 3, 6, 6, 6, 3, 7, 3, 3, 3, 3, 3, 3, 3, 3, 6, 6, 6, 7, 3, 3, 3, 3, 3, 3, 3, 3, 6, 6, 6, 7, 3, 3, 3, 3, 3, 3, 3, 3, 3, 6, 6, 3, 3, 3, 3, 6, 3, 3, 3, 3, 3, 3, 3, 3, 3, 3, 3, 3, 3, 3, 3, 3, 3, 3, 3, 3, 3, 3, 3, 3, 3, 3, 3, 3, 7, 3, 3, 3, 3, 3, 3, 3, 7, 7, 3, 3, 3, 3, 3, 3, 3, 3, 7, 7, 3, 3, 6, 3, 3, 3, 3, 3, 3, 3, 3, 3, 3, 7, 3, 3, 3, 3, 3, 7, 7, 3, 3, 3, 3, 3, 3, 3, 3, 3, 3, 7, 3, 3, 3, 3, 3, 3, 3, 3, 3, 3, 3, 3, 3, 3, 3, 3, 3, 3, 3, 3, 3, 3, 3, 3, 3, 3, 3, 3, 3, 3, 3, 3, 6, 6, 3, 3, 3, 3, 3, 3, 3, 3, 3, 6, 6, 3, 3, 3, 3, 3, 3, 3, 3, 6, 3, 3, 3, 3, 3, 3, 3, 3, 3, 3, 3, 6, 3, 3, 3, 3, 3, 3, 3, 3, 3, 6, 6, 3, 3, 3, 3, 3, 3, 3, 3, 3, 6, 6, 3, 3, 3, 3, 3, 3, 3, 3, 6, 3, 3, 3, 3, 3, 3, 7, 3, 3, 6, 3, 3, 3, 3, 3, 3, 3, 3, 3, 3, 3, 3, 3, 3, 3, 3, 3, 3, 6, 3, 3, 3, 3, 3, 3, 3, 3, 3, 3, 3, 3, 6, 3, 3, 3, 7, 3, 3, 6, 3, 3, 3, 3, 3, 3, 3, 3, 6, 6, 3, 6, 6, 3, 3, 3, 3, 3, 3, 6, 6, 6, 6, 6, 3, 3, 3, 3, 3, 6, 6, 6, 6, 6, 6, 3, 3, 3, 3, 3, 6, 6, 6, 6, 6, 6, 6, 3, 3, 3, 6, 6, 7, 6, 6, 6, 6, 3, 3, 3, 3, 6, 6, 3, 6, 6, 6, 6, 6, 6, 3, 3, 6, 6, 6, 3, 3, 3, 3, 6, 6, 3, 3, 3, 3, 3, 6, 3, 3, 6, 6, 3, 3, 3, 3, 3, 6, 6, 3, 3, 3, 6, 3, 3, 3, 3, 3, 6, 3, 3, 3, 6, 3, 3, 3, 3, 3, 6, 6, 6, 3, 7, 3, 6, 6, 3, 3, 3, 3, 3, 6, 3, 3, 3, 6, 6, 6, 3, 3, 3, 3, 6, 6, 6, 3, 3, 6, 6, 6, 3, 3, 3, 3, 6, 6, 3, 3, 3, 6, 6, 3, 3, 3, 3, 3, 3, 6, 6, 3, 3, 6, 6, 3, 3, 3, 3, 3, 3, 6, 6, 7, 6, 6, 6, 3, 3, 3, 3, 3, 6, 6, 7, 3, 6, 6, 3, 3, 3, 3, 7, 3, 6, 6, 3, 6, 6, 6, 3, 7, 3, 3, 6, 6, 6, 3, 6, 3, 3, 3, 3, 3, 6, 6, 6, 6, 3, 3, 3, 3, 3, 3, 7, 3, 6, 6, 6, 6, 3, 3, 3, 3, 3, 3, 3, 6, 6, 6, 6, 3, 3, 3, 3, 3, 3, 7, 3, 6, 6, 6, 3, 3, 3, 3, 3, 7, 3, 7, 6, 6, 3, 3, 3, 3, 3, 3, 7, 6, 3, 3, 3, 7, 3, 3, 3, 3, 3, 3]
7, 1, [864.083333333333, 54625.7723220626, 43737.8701596333, 24.087818867946], [1, 2, 3, 4, 5, 6, 7, 3, 3, 3, 3, 3, 3, 3, 3, 3, 3, 3, 3, 3, 3, 3, 3, 3, 3, 3, 3, 3, 3, 3, 3, 3, 3, 3, 3, 3, 3, 3, 3, 3, 3, 3, 3, 3, 3, 3, 3, 3, 3, 3, 3, 3, 3, 3, 3, 3, 3, 3, 3, 3, 3, 3, 3, 3, 3, 3, 3, 3, 3, 3, 3, 3, 3, 3, 3, 3, 3, 3, 3, 3, 3, 3, 3, 3, 3, 3, 3, 3, 3, 3, 3, 3, 3, 3, 3, 3, 3, 3, 3, 3, 3, 3, 3, 3, 3, 3, 3, 3, 3, 3, 6, 3, 3, 3, 3, 3, 3, 6, 6, 3, 3, 3, 3, 3, 3, 3, 6, 7, 3, 3, 3, 3, 6, 3, 3, 3, 3, 6, 7, 6, 3, 3, 3, 6, 6, 3, 3, 3, 3, 7, 3, 7, 3, 3, 3, 3, 3, 3, 6, 3, 3, 2, 3, 3, 3, 7, 7, 3, 3, 3, 3, 3, 3, 7, 6, 3, 3, 3, 3, 3, 3, 3, 3, 7, 3, 3, 3, 3, 3, 5, 3, 3, 3, 3, 3, 3, 3, 3, 3, 6, 6, 3, 3, 3, 3, 3, 3, 3, 3, 7, 6, 3, 3, 3, 3, 3, 3, 3, 3, 7, 3, 3, 3, 3, 3, 3, 3, 3, 3, 3, 3, 3, 3, 3, 3, 3, 3, 3, 3, 7, 3, 3, 3, 3, 3, 3, 3, 3, 3, 3, 3, 3, 3, 3, 3, 3, 3, 3, 3, 3, 3, 3, 3, 3, 3, 3, 3, 3, 3, 3, 3, 3, 3, 3, 3, 3, 7, 3, 3, 3, 3, 3, 3, 3, 3, 6, 3, 3, 3, 3, 3, 3, 3, 3, 3, 3, 3, 3, 3, 3, 3, 3, 3, 6, 3, 3, 3, 3, 3, 3, 3, 3, 3, 6, 3, 3, 3, 3, 3, 3, 3, 3, 3, 6, 3, 3, 3, 3, 3, 3, 3, 3, 3, 3, 3, 7, 3, 3, 3, 3, 3, 3, 3, 3, 3, 3, 3, 3, 3, 3, 3, 3, 3, 3, 3, 3, 3, 3, 3, 3, 6, 3, 3, 3, 3, 3, 3, 3, 6, 3, 3, 3, 3, 3, 3, 3, 3, 3, 3, 3, 3, 3, 6, 3, 3, 3, 3, 3, 3, 3, 3, 3, 3, 3, 6, 3, 3, 3, 3, 3, 3, 3, 3, 3, 3, 3, 6, 3, 3, 4, 3, 3, 3, 3, 3, 3, 3, 3, 3, 7, 3, 3, 7, 3, 3, 3, 3, 3, 3, 3, 3, 3, 3, 3, 3, 3, 7, 3, 3, 3, 3, 3, 3, 3, 3, 3, 3, 3, 3, 3, 3, 3, 3, 3, 3, 3, 3, 3, 3, 3, 3, 3, 3, 3, 7, 3, 3, 3, 3, 3, 3, 3, 3, 3, 3, 3, 3, 3, 3, 3, 3, 3, 3, 3, 3, 3, 3, 3, 3, 3, 3, 3, 3, 3, 3, 7, 3, 3, 3, 3, 3, 3, 3, 3, 3, 3, 7, 3, 3, 3, 6, 3, 3, 3, 3, 3, 3, 7, 3, 3, 3, 6, 3, 3, 3, 3, 3, 3, 3, 3, 3, 6, 3, 3, 3, 3, 3, 3, 3, 6, 6, 3, 3, 3, 3, 3, 3, 3, 3, 3, 6, 3, 3, 6, 3, 3, 3, 3, 3, 3, 3, 6, 6, 3, 3, 3, 3, 3, 3, 3, 3, 3, 7, 6, 6, 3, 6, 3, 3, 3, 7, 3, 3, 3, 6, 6, 6, 3, 3, 3, 3, 7, 3, 7, 3, 6, 3, 3, 3, 6, 7, 7, 7, 6, 3, 3, 6, 6, 3, 3, 7, 7, 7, 7, 7, 7, 6, 6, 3, 3, 3, 3, 6, 7, 7, 3, 7, 7, 7, 3, 6, 6, 3, 3, 6, 3, 3, 3, 7, 3, 3, 7, 7, 3, 3, 6, 6, 6, 6, 3, 3, 3, 7, 7, 6, 7, 3, 3, 3, 6, 6, 3, 3, 3, 7, 3, 6, 3, 3, 3, 3, 3, 3, 6, 6, 6, 7, 3, 7, 7, 7, 3, 3, 3, 6, 6, 6, 3, 7, 3, 3, 3, 3, 3, 3, 3, 3, 6, 6, 6, 7, 3, 3, 3, 3, 3, 3, 3, 3, 6, 6, 6, 7, 3, 3, 3, 3, 3, 3, 3, 1, 3, 6, 6, 3, 3, 3, 3, 6, 3, 3, 3, 3, 3, 3, 3, 3, 2, 3, 3, 3, 3, 3, 3, 3, 3, 3, 3, 3, 3, 3, 3, 3, 3, 3, 3, 3, 7, 3, 3, 3, 3, 3, 3, 3, 7, 7, 3, 3, 3, 3, 3, 3, 3, 3, 7, 7, 3, 3, 6, 3, 3, 3, 3, 3, 3, 3, 3, 3, 3, 7, 3, 3, 3, 3, 3, 7, 7, 3, 3, 3, 3, 3, 3, 3, 3, 3, 3, 7, 3, 3, 3, 3, 3, 3, 3, 3, 3, 3, 3, 3, 3, 3, 3, 3, 3, 3, 3, 3, 3, 3, 4, 3, 3, 3, 3, 3, 3, 3, 3, 3, 6, 6, 3, 3, 3, 3, 3, 3, 3, 3, 3, 6, 6, 3, 3, 3, 3, 3, 3, 3, 3, 6, 3, 3, 3, 3, 3, 3, 3, 3, 3, 3, 3, 6, 3, 3, 3, 3, 3, 3, 2, 3, 3, 6, 6, 3, 3, 3, 3, 3, 3, 3, 3, 3, 6, 6, 3, 3, 3, 3, 3, 3, 3, 3, 6, 3, 3, 3, 3, 3, 3, 7, 3, 3, 6, 3, 3, 3, 3, 3, 3, 3, 3, 3, 3, 3, 3, 3, 3, 3, 3, 3, 3, 6, 3, 3, 3, 3, 3, 3, 3, 3, 3, 3, 3, 3, 6, 3, 3, 3, 7, 3, 3, 6, 3, 3, 3, 3, 3, 3, 3, 3, 6, 6, 3, 6, 6, 3, 3, 3, 3, 3, 3, 6, 6, 6, 6, 6, 3, 3, 3, 3, 3, 6, 6, 6, 6, 6, 6, 3, 3, 3, 3, 6, 6, 6, 6, 6, 6, 6, 6, 3, 3, 3, 6, 6, 7, 6, 6, 6, 6, 3, 3, 3, 3, 6, 6, 3, 6, 6, 6, 6, 6, 6, 3, 3, 6, 6, 6, 3, 3, 3, 3, 6, 6, 3, 3, 3, 3, 3, 6, 2, 3, 6, 6, 3, 3, 3, 3, 3, 6, 6, 3, 3, 3, 6, 3, 3, 3, 3, 3, 6, 3, 3, 3, 6, 3, 3, 3, 3, 3, 6, 6, 6, 3, 7, 3, 6, 6, 3, 3, 3, 3, 3, 6, 3, 3, 3, 6, 6, 6, 3, 3, 3, 3, 6, 6, 6, 3, 3, 6, 6, 6, 3, 3, 3, 3, 6, 6, 3, 3, 3, 6, 6, 3, 3, 3, 3, 3, 3, 6, 6, 3, 3, 6, 6, 3, 3, 3, 3, 3, 3, 6, 6, 7, 6, 6, 6, 3, 3, 3, 3, 3, 6, 6, 7, 3, 6, 6, 3, 3, 3, 3, 7, 3, 6, 6, 3, 6, 6, 6, 3, 7, 3, 3, 6, 6, 6, 3, 6, 3, 3, 3, 3, 3, 6, 6, 6, 6, 3, 3, 3, 3, 3, 3, 7, 3, 6, 6, 6, 6, 3, 3, 3, 3, 3, 3, 3, 6, 6, 6, 6, 3, 3, 3, 3, 3, 3, 7, 3, 6, 6, 6, 3, 3, 3, 3, 3, 7, 3, 7, 6, 6, 3, 3, 3, 3, 3, 3, 7, 6, 3, 3, 3, 7, 3, 3, 3, 3, 3, 3]
7, 2, [4418.0, 34296.3391299493, 42307.2600074771, 32.2254338149876], [1, 3, 5, 2, 6, 7, 7, 7, 4, 1, 4, 7, 2, 1, 6, 5, 4, 2, 5, 2, 7, 4, 5, 2, 3, 3, 2, 3, 7, 1, 2, 2, 3, 1, 3, 6, 1, 6, 4, 3, 6, 7, 5, 2, 7, 5, 2, 6, 6, 2, 1, 5, 2, 4, 1, 2, 7, 3, 3, 1, 3, 7, 1, 7, 2, 6, 6, 5, 5, 3, 4, 1, 1, 2, 2, 4, 6, 4, 3, 4, 1, 1, 7, 3, 5, 6, 4, 6, 7, 2, 6, 3, 7, 7, 1, 4, 5, 6, 1, 3, 5, 7, 3, 1, 3, 7, 4, 2, 6, 3, 7, 7, 5, 2, 2, 5, 2, 7, 6, 5, 7, 3, 2, 4, 7, 3, 6, 7, 7, 1, 5, 3, 7, 4, 3, 4, 1, 6, 7, 7, 7, 7, 6, 6, 7, 4, 5, 4, 1, 7, 3, 7, 5, 7, 4, 5, 1, 3, 7, 5, 4, 4, 3, 3, 1, 7, 7, 3, 2, 1, 5, 1, 5, 7, 7, 7, 5, 4, 7, 7, 4, 5, 3, 7, 5, 4, 2, 7, 4, 5, 7, 5, 4, 7, 1, 3, 7, 2, 5, 7, 7, 7, 6, 3, 4, 7, 2, 6, 6, 7, 7, 2, 5, 2, 1, 4, 7, 6, 7, 7, 3, 3, 3, 1, 6, 1, 7, 7, 6, 1, 2, 6, 3, 2, 6, 3, 2, 7, 6, 7, 2, 6, 6, 6, 5, 4, 3, 2, 7, 2, 6, 1, 2, 5, 6, 5, 7, 6, 6, 5, 1, 2, 1, 1, 4, 5, 2, 2, 7, 5, 1, 2, 6, 5, 5, 5, 7, 7, 6, 6, 2, 7, 6, 5, 3, 7, 6, 2, 6, 1, 7, 5, 2, 7, 1, 2, 5, 6, 2, 5, 5, 7, 6, 6, 4, 2, 5, 2, 5, 2, 3, 2, 7, 7, 5, 1, 2, 3, 4, 4, 5, 5, 7, 6, 1, 7, 3, 7, 7, 5, 6, 1, 1, 3, 5, 7, 2, 4, 2, 6, 4, 4, 1, 7, 4, 7, 7, 3, 7, 6, 6, 4, 6, 3, 7, 4, 2, 3, 2, 6, 3, 2, 4, 5, 4, 2, 7, 5, 7, 1, 4, 6, 2, 2, 6, 7, 6, 2, 5, 4, 1, 5, 7, 3, 5, 6, 4, 6, 1, 2, 2, 2, 5, 7, 7, 7, 2, 1, 1, 6, 7, 7, 7, 2, 6, 4, 6, 1, 4, 3, 7, 3, 6, 6, 3, 4, 1, 1, 6, 7, 7, 6, 7, 4, 6, 7, 1, 3, 1, 6, 2, 4, 3, 1, 6, 4, 7, 1, 6, 3, 5, 6, 5, 2, 5, 1, 1, 7, 5, 1, 3, 7, 2, 5, 1, 7, 1, 4, 5, 7, 5, 7, 5, 6, 7, 6, 4, 2, 4, 4, 5, 7, 3, 6, 7, 4, 1, 2, 3, 5, 6, 4, 4, 6, 2, 2, 4, 7, 3, 6, 3, 7, 1, 4, 3, 7, 3, 3, 2, 6, 6, 5, 7, 3, 1, 2, 7, 1, 7, 1, 6, 1, 4, 6, 5, 6, 1, 7, 7, 4, 6, 6, 1, 7, 1, 7, 2, 7, 2, 4, 5, 6, 5, 7, 3, 4, 5, 7, 1, 7, 6, 6, 3, 6, 6, 7, 4, 4, 2, 6, 7, 3, 5, 7, 4, 4, 1, 3, 5, 4, 1, 7, 6, 5, 4, 4, 7, 4, 5, 7, 2, 4, 7, 6, 6, 1, 7, 7, 2, 5, 7, 4, 7, 1, 6, 6, 7, 2, 3, 4, 1, 7, 4, 7, 7, 7, 6, 7, 5, 7, 7, 7, 7, 6, 4, 5, 6, 7, 2, 3, 7, 7, 7, 7, 7, 7, 7, 7, 5, 1, 5, 7, 6, 7, 7, 7, 7, 7, 7, 4, 6, 6, 3, 5, 7, 4, 3, 1, 7, 7, 4, 7, 7, 1, 5, 7, 6, 7, 6, 4, 6, 1, 7, 7, 6, 7, 2, 4, 7, 6, 6, 4, 3, 2, 7, 6, 7, 7, 6, 6, 3, 3, 2, 6, 6, 6, 7, 6, 7, 7, 7, 2, 6, 4, 6, 7, 6, 1, 7, 5, 3, 3, 6, 6, 1, 2, 1, 6, 7, 6, 7, 7, 7, 3, 5, 5, 1, 4, 6, 7, 7, 6, 7, 3, 1, 3, 7, 2, 2, 1, 6, 5, 7, 6, 2, 6, 4, 2, 7, 4, 4, 4, 6, 4, 3, 4, 5, 7, 2, 4, 4, 4, 3, 2, 4, 4, 2, 3, 3, 1, 1, 7, 6, 1, 7, 4, 6, 7, 3, 3, 7, 6, 2, 4, 5, 7, 7, 6, 1, 6, 7, 2, 3, 7, 4, 7, 7, 1, 7, 6, 5, 3, 1, 4, 7, 1, 1, 1, 4, 3, 7, 2, 7, 5, 6, 4, 7, 7, 2, 1, 3, 2, 7, 4, 5, 4, 2, 5, 7, 3, 7, 5, 1, 1, 5, 5, 5, 6, 2, 6, 7, 7, 2, 5, 4, 5, 1, 7, 3, 3, 2, 3, 2, 7, 6, 1, 6, 5, 6, 7, 3, 7, 6, 1, 1, 1, 7, 1, 7, 3, 1, 1, 6, 6, 5, 3, 5, 4, 7, 3, 2, 2, 6, 1, 7, 7, 1, 5, 2, 4, 2, 7, 7, 2, 6, 1, 6, 4, 6, 1, 4, 2, 5, 4, 6, 6, 6, 1, 6, 3, 5, 5, 1, 1, 3, 7, 6, 7, 7, 3, 6, 2, 4, 6, 4, 6, 3, 1, 3, 7, 6, 2, 7, 2, 3, 7, 3, 4, 2, 7, 7, 5, 5, 2, 3, 4, 5, 6, 5, 1, 7, 3, 7, 5, 7, 1, 2, 7, 6, 7, 2, 7, 2, 3, 1, 3, 7, 6, 2, 2, 1, 7, 4, 5, 7, 4, 7, 7, 7, 6, 5, 7, 5, 7, 7, 1, 6, 6, 6, 3, 5, 2, 6, 1, 6, 7, 6, 7, 7, 3, 1, 7, 3, 2, 7, 6, 6, 7, 7, 6, 4, 3, 5, 7, 7, 7, 6, 6, 7, 6, 7, 6, 7, 3, 3, 6, 7, 7, 7, 7, 7, 6, 5, 3, 4, 4, 6, 6, 1, 7, 7, 7, 7, 6, 7, 4, 3, 6, 6, 7, 6, 1, 1, 1, 7, 7, 5, 7, 5, 5, 1, 6, 5, 6, 6, 6, 4, 5, 2, 3, 2, 7, 7, 3, 6, 1, 7, 1, 6, 6, 6, 2, 6, 2, 1, 6, 7, 6, 1, 2, 2, 3, 6, 7, 6, 7, 7, 2, 6, 7, 4, 7, 6, 1, 6, 7, 6, 7, 2, 7, 7, 6, 1, 7, 2, 2, 6, 6, 7, 2, 3, 7, 6, 7, 2, 6, 6, 5, 6, 6, 1, 7, 3, 6, 6, 3, 1, 3, 3, 1, 1, 7, 6, 7, 1, 7, 6, 4, 4, 1, 6, 7, 6, 7, 7, 7, 6, 6, 7, 1, 1, 3, 3, 1, 7, 7, 7, 1, 6, 6, 2, 4, 4, 2, 7, 5, 6, 6, 4, 7, 6, 7, 7, 7, 5, 2, 7, 7, 7, 1, 6, 3, 1, 3, 7, 7, 6, 6, 7, 6, 3, 1, 4, 5, 7, 6, 7, 3, 7, 6, 6, 6, 7, 6, 7, 5, 4, 7, 2, 6, 6, 7, 7, 5, 1, 4, 1, 4, 6, 7, 7, 7, 7, 6, 4, 1, 6, 1, 7, 7, 1, 7, 7, 6, 4, 3, 6, 1, 7, 4, 7, 6, 6, 1, 2, 7, 1, 6, 4, 3, 6, 6]
7, 3, [1891.51666666667, 47485.3781621109, 43308.3089050589, 27.4936108560704], [3, 5, 3, 4, 5, 6, 7, 5, 1, 7, 5, 7, 3, 4, 7, 6, 2, 1, 1, 4, 3, 4, 1, 2, 1, 1, 6, 1, 7, 5, 1, 4, 5, 5, 7, 2, 1, 7, 7, 5, 3, 1, 6, 6, 1, 4, 7, 4, 2, 1, 3, 4, 7, 1, 7, 5, 4, 5, 3, 2, 6, 6, 2, 2, 6, 1, 5, 4, 2, 3, 3, 6, 4, 7, 4, 6, 3, 7, 6, 5, 1, 7, 4, 7, 2, 3, 5, 5, 7, 5, 7, 6, 6, 1, 2, 4, 2, 1, 5, 1, 5, 2, 7, 7, 4, 2, 1, 1, 7, 1, 7, 1, 7, 1, 3, 2, 6, 7, 7, 3, 2, 5, 5, 1, 6, 4, 6, 7, 6, 7, 2, 5, 7, 5, 3, 6, 3, 7, 7, 6, 3, 5, 6, 6, 6, 1, 5, 6, 5, 7, 7, 7, 4, 1, 5, 5, 1, 1, 7, 7, 1, 3, 1, 3, 2, 7, 7, 4, 4, 5, 4, 7, 3, 7, 6, 6, 6, 3, 5, 2, 5, 5, 3, 7, 7, 6, 7, 6, 3, 6, 6, 7, 6, 4, 3, 5, 5, 6, 7, 6, 7, 1, 3, 4, 4, 7, 1, 2, 4, 7, 7, 7, 5, 2, 2, 5, 1, 6, 1, 7, 2, 1, 7, 7, 7, 6, 7, 4, 1, 6, 5, 3, 3, 5, 7, 7, 7, 1, 3, 7, 1, 3, 6, 1, 6, 6, 3, 6, 5, 6, 7, 7, 7, 1, 2, 7, 4, 3, 4, 5, 7, 3, 4, 7, 3, 1, 4, 7, 3, 4, 2, 4, 5, 5, 1, 2, 7, 3, 4, 5, 5, 1, 7, 5, 6, 7, 2, 2, 6, 7, 1, 1, 7, 1, 7, 2, 5, 5, 4, 5, 4, 4, 3, 7, 6, 5, 3, 4, 2, 1, 1, 3, 4, 6, 3, 4, 6, 2, 6, 2, 4, 7, 2, 7, 2, 2, 3, 5, 5, 1, 4, 4, 6, 6, 7, 7, 6, 5, 3, 4, 1, 2, 6, 1, 2, 2, 7, 1, 7, 7, 5, 7, 3, 6, 6, 2, 3, 6, 2, 7, 3, 5, 7, 7, 2, 5, 2, 7, 7, 3, 5, 3, 4, 6, 4, 1, 1, 3, 4, 5, 2, 5, 7, 1, 3, 1, 3, 3, 3, 3, 3, 3, 3, 3, 6, 3, 3, 3, 3, 3, 3, 3, 3, 3, 3, 3, 6, 3, 3, 3, 3, 3, 3, 3, 3, 3, 3, 3, 3, 7, 3, 3, 7, 3, 3, 3, 3, 3, 3, 3, 3, 3, 3, 3, 3, 3, 7, 3, 3, 3, 3, 3, 3, 3, 3, 3, 3, 3, 3, 3, 3, 3, 3, 3, 3, 3, 3, 3, 3, 3, 3, 3, 3, 3, 7, 3, 3, 3, 3, 3, 3, 3, 3, 3, 6, 3, 3, 3, 3, 3, 3, 3, 3, 3, 3, 3, 3, 3, 3, 3, 3, 3, 3, 3, 3, 7, 3, 3, 3, 3, 3, 3, 3, 3, 3, 3, 7, 3, 3, 3, 6, 3, 3, 3, 3, 3, 3, 7, 3, 3, 3, 6, 3, 3, 3, 3, 3, 3, 3, 3, 3, 6, 3, 3, 3, 3, 3, 3, 3, 6, 6, 3, 3, 3, 3, 3, 3, 3, 3, 3, 6, 3, 3, 6, 3, 3, 3, 3, 3, 3, 3, 6, 6, 3, 3, 3, 3, 3, 3, 3, 3, 3, 7, 6, 6, 3, 6, 3, 3, 3, 7, 3, 2, 3, 6, 6, 6, 3, 3, 3, 3, 7, 3, 7, 3, 6, 3, 3, 3, 6, 7, 7, 7, 6, 3, 3, 6, 6, 3, 3, 7, 7, 7, 7, 7, 7, 6, 6, 3, 3, 3, 3, 6, 7, 7, 3, 7, 7, 7, 3, 6, 6, 3, 3, 6, 3, 3, 3, 7, 3, 3, 7, 7, 3, 3, 6, 6, 6, 6, 4, 3, 3, 7, 7, 6, 7, 3, 3, 3, 6, 6, 3, 3, 3, 7, 3, 6, 3, 3, 3, 3, 3, 3, 6, 6, 6, 7, 3, 7, 7, 7, 3, 3, 3, 6, 6, 6, 3, 7, 3, 3, 3, 3, 3, 5, 3, 3, 6, 6, 6, 7, 3, 3, 3, 3, 3, 3, 3, 3, 6, 6, 6, 7, 3, 3, 3, 3, 3, 3, 3, 3, 3, 6, 6, 3, 3, 3, 3, 6, 3, 3, 3, 3, 3, 3, 3, 3, 3, 3, 3, 3, 3, 3, 3, 3, 3, 3, 3, 3, 3, 3, 3, 3, 3, 3, 3, 3, 7, 3, 3, 3, 3, 3, 3, 3, 7, 7, 3, 3, 3, 3, 3, 3, 3, 3, 7, 7, 3, 3, 6, 3, 3, 3, 3, 3, 3, 1, 3, 3, 3, 7, 3, 3, 3, 3, 3, 7, 7, 3, 3, 3, 3, 3, 3, 3, 3, 3, 3, 7, 3, 3, 3, 3, 3, 3, 3, 3, 3, 3, 3, 3, 3, 3, 3, 3, 3, 3, 3, 3, 3, 3, 3, 3, 3, 3, 3, 3, 3, 3, 3, 3, 6, 6, 3, 3, 3, 3, 3, 3, 3, 3, 3, 6, 6, 3, 3, 3, 3, 3, 3, 3, 3, 6, 3, 3, 3, 3, 3, 3, 3, 3, 3, 3, 3, 6, 3, 3, 3, 3, 3, 3, 3, 3, 3, 6, 6, 3, 3, 3, 3, 5, 3, 3, 3, 3, 6, 6, 3, 3, 3, 3, 3, 3, 3, 3, 6, 3, 3, 3, 3, 3, 3, 7, 3, 3, 6, 3, 3, 3, 3, 3, 3, 3, 3, 3, 3, 3, 3, 3, 3, 3, 3, 3, 3, 7, 3, 3, 3, 3, 3, 3, 3, 3, 3, 3, 3, 3, 6, 3, 3, 3, 7, 3, 3, 6, 3, 3, 3, 3, 3, 3, 3, 3, 6, 6, 3, 6, 6, 3, 3, 3, 3, 3, 3, 6, 6, 6, 6, 6, 3, 3, 3, 3, 3, 6, 6, 6, 6, 6, 6, 3, 3, 3, 3, 3, 6, 6, 6, 6, 6, 6, 6, 3, 3, 3, 6, 6, 7, 6, 6, 6, 6, 3, 3, 3, 3, 6, 6, 3, 6, 6, 6, 6, 6, 6, 3, 3, 6, 6, 6, 3, 3, 3, 3, 6, 6, 3, 3, 3, 3, 3, 6, 3, 3, 6, 6, 3, 3, 3, 3, 3, 6, 6, 3, 3, 3, 6, 3, 3, 3, 3, 3, 6, 3, 3, 3, 6, 3, 3, 3, 3, 3, 6, 6, 6, 3, 7, 3, 6, 6, 3, 3, 3, 3, 3, 6, 3, 3, 3, 6, 6, 6, 3, 3, 3, 3, 6, 6, 6, 3, 3, 6, 6, 6, 3, 3, 3, 3, 6, 6, 3, 3, 3, 6, 6, 3, 3, 3, 3, 3, 3, 6, 6, 3, 3, 6, 6, 3, 3, 3, 3, 3, 3, 6, 6, 7, 6, 6, 6, 3, 3, 3, 3, 3, 6, 6, 7, 3, 6, 6, 3, 3, 3, 3, 7, 3, 6, 6, 3, 6, 6, 6, 3, 7, 3, 3, 6, 6, 6, 3, 6, 3, 3, 3, 3, 3, 6, 6, 6, 6, 3, 3, 3, 3, 3, 3, 7, 3, 6, 6, 6, 6, 3, 3, 3, 3, 3, 3, 3, 6, 6, 6, 6, 3, 3, 3, 3, 3, 3, 7, 3, 6, 6, 6, 3, 3, 3, 3, 3, 7, 3, 7, 6, 6, 3, 3, 3, 3, 3, 3, 7, 6, 3, 3, 3, 7, 3, 3, 3, 1, 3, 3]
7, 4, [3388.05, 41906.3331817184, 42759.1295455374, 30.531019811688], [1, 2, 3, 4, 5, 6, 7, 3, 3, 3, 3, 3, 3, 3, 3, 3, 3, 3, 3, 3, 3, 3, 3, 3, 3, 3, 3, 3, 3, 3, 3, 3, 3, 3, 3, 3, 3, 3, 3, 3, 3, 3, 3, 3, 3, 3, 3, 3, 3, 3, 3, 3, 3, 3, 3, 3, 3, 3, 3, 3, 3, 3, 3, 3, 3, 3, 3, 3, 3, 3, 3, 3, 3, 3, 3, 3, 3, 3, 4, 3, 3, 3, 3, 3, 3, 3, 6, 3, 3, 3, 3, 3, 3, 3, 3, 3, 3, 3, 3, 3, 3, 3, 3, 3, 3, 3, 3, 3, 3, 3, 6, 3, 3, 3, 3, 3, 3, 6, 7, 3, 3, 3, 3, 3, 3, 3, 6, 7, 3, 3, 3, 3, 6, 3, 3, 3, 3, 6, 7, 6, 3, 3, 3, 6, 6, 3, 3, 3, 3, 7, 3, 7, 3, 3, 3, 3, 3, 3, 6, 3, 3, 3, 3, 3, 3, 7, 7, 3, 3, 3, 3, 3, 3, 7, 6, 3, 3, 3, 3, 3, 3, 3, 3, 7, 3, 3, 3, 3, 3, 3, 3, 3, 3, 3, 3, 3, 3, 3, 3, 6, 6, 3, 3, 3, 3, 3, 3, 3, 3, 7, 6, 3, 3, 3, 3, 5, 3, 3, 3, 7, 3, 3, 3, 3, 3, 3, 3, 3, 3, 3, 3, 3, 3, 3, 3, 3, 3, 3, 3, 7, 3, 3, 3, 3, 3, 3, 3, 3, 3, 3, 3, 3, 3, 3, 3, 3, 3, 3, 3, 3, 3, 3, 3, 3, 3, 3, 3, 3, 3, 3, 3, 3, 3, 3, 3, 3, 7, 3, 3, 3, 3, 3, 3, 3, 3, 6, 3, 3, 3, 3, 3, 3, 3, 3, 2, 3, 3, 3, 3, 1, 3, 3, 3, 6, 3, 3, 3, 3, 3, 3, 3, 3, 3, 6, 3, 3, 3, 3, 3, 3, 3, 3, 3, 6, 3, 3, 3, 3, 3, 3, 3, 3, 3, 3, 3, 7, 3, 3, 3, 3, 3, 3, 3, 3, 3, 3, 3, 3, 3, 3, 3, 3, 3, 3, 3, 3, 3, 3, 3, 3, 3, 3, 3, 3, 3, 3, 3, 3, 6, 3, 3, 3, 3, 3, 3, 3, 3, 3, 3, 3, 3, 3, 6, 3, 3, 3, 6, 2, 3, 7, 5, 6, 4, 3, 6, 4, 2, 3, 4, 4, 2, 6, 2, 3, 4, 2, 7, 1, 3, 2, 2, 7, 3, 6, 6, 6, 4, 3, 7, 7, 7, 3, 7, 2, 7, 3, 7, 4, 1, 6, 6, 1, 6, 4, 5, 4, 7, 1, 6, 2, 5, 6, 3, 6, 3, 4, 7, 5, 4, 1, 6, 7, 2, 7, 6, 6, 4, 4, 4, 5, 6, 5, 7, 4, 7, 5, 4, 5, 2, 4, 2, 2, 3, 7, 7, 4, 1, 2, 3, 5, 6, 4, 4, 6, 2, 2, 4, 7, 3, 6, 3, 7, 1, 4, 3, 7, 3, 3, 2, 6, 6, 5, 7, 3, 1, 2, 7, 1, 7, 1, 6, 1, 4, 6, 5, 6, 1, 7, 7, 4, 6, 6, 1, 7, 1, 7, 2, 7, 2, 4, 5, 6, 5, 7, 3, 4, 5, 7, 1, 7, 6, 6, 3, 6, 6, 7, 4, 4, 2, 6, 7, 3, 5, 7, 4, 4, 1, 3, 5, 4, 1, 7, 6, 5, 4, 4, 7, 4, 5, 7, 2, 4, 7, 6, 6, 1, 7, 7, 2, 5, 7, 4, 7, 1, 6, 6, 7, 2, 3, 4, 1, 7, 4, 7, 7, 7, 6, 7, 5, 7, 7, 7, 7, 6, 4, 5, 6, 7, 2, 3, 7, 7, 7, 7, 7, 7, 7, 7, 5, 1, 4, 7, 6, 7, 7, 7, 7, 7, 7, 4, 6, 6, 3, 5, 7, 4, 3, 1, 7, 7, 4, 7, 7, 1, 5, 7, 6, 7, 6, 4, 6, 1, 7, 7, 6, 7, 2, 4, 7, 6, 6, 4, 3, 6, 7, 6, 7, 2, 6, 6, 3, 3, 2, 6, 6, 6, 7, 2, 7, 7, 7, 2, 6, 4, 6, 7, 6, 1, 7, 5, 3, 3, 6, 6, 1, 2, 1, 6, 7, 6, 7, 7, 7, 3, 5, 5, 1, 4, 6, 7, 7, 6, 7, 3, 1, 3, 7, 2, 2, 1, 6, 5, 7, 6, 2, 6, 4, 2, 7, 4, 4, 4, 6, 4, 3, 4, 5, 7, 3, 4, 4, 4, 3, 2, 4, 4, 2, 3, 3, 1, 1, 7, 6, 1, 7, 4, 6, 7, 3, 3, 7, 6, 2, 4, 5, 7, 7, 6, 1, 6, 7, 2, 3, 7, 4, 7, 7, 1, 7, 6, 5, 3, 1, 4, 7, 1, 1, 1, 4, 3, 7, 2, 7, 5, 6, 4, 7, 7, 2, 1, 3, 2, 2, 4, 5, 4, 2, 5, 7, 3, 7, 5, 1, 1, 5, 5, 5, 6, 2, 6, 7, 7, 2, 5, 4, 5, 1, 7, 3, 3, 2, 3, 2, 7, 6, 1, 6, 5, 6, 7, 3, 7, 6, 1, 1, 1, 7, 1, 7, 3, 1, 1, 6, 6, 5, 3, 5, 4, 7, 3, 2, 2, 6, 1, 7, 7, 1, 5, 2, 4, 2, 7, 7, 2, 6, 1, 6, 4, 6, 1, 4, 2, 5, 4, 6, 6, 6, 1, 6, 3, 5, 5, 1, 1, 3, 7, 6, 7, 7, 3, 6, 2, 4, 6, 4, 6, 3, 1, 3, 7, 6, 2, 7, 2, 3, 7, 3, 4, 2, 7, 7, 5, 5, 2, 3, 4, 5, 6, 5, 1, 7, 3, 7, 5, 7, 1, 2, 7, 6, 7, 2, 7, 2, 3, 1, 3, 7, 6, 2, 2, 1, 7, 4, 5, 7, 4, 7, 7, 7, 6, 5, 7, 5, 7, 7, 1, 6, 6, 6, 3, 5, 2, 6, 1, 6, 7, 6, 7, 7, 3, 1, 7, 3, 2, 7, 6, 6, 7, 7, 6, 4, 3, 5, 7, 7, 7, 6, 6, 7, 6, 7, 6, 7, 3, 3, 6, 7, 7, 7, 7, 7, 6, 5, 3, 4, 4, 6, 6, 1, 7, 7, 7, 6, 6, 7, 4, 3, 6, 6, 7, 6, 1, 1, 1, 7, 7, 5, 7, 5, 5, 1, 6, 5, 6, 6, 6, 4, 5, 2, 3, 2, 7, 7, 3, 6, 1, 7, 1, 6, 6, 6, 4, 6, 2, 1, 6, 7, 6, 1, 2, 2, 3, 6, 7, 6, 7, 7, 2, 6, 7, 4, 7, 6, 1, 6, 7, 6, 7, 2, 7, 7, 6, 1, 7, 2, 2, 6, 6, 7, 2, 3, 7, 6, 7, 2, 6, 6, 5, 6, 6, 1, 7, 3, 6, 6, 3, 1, 3, 3, 1, 1, 6, 6, 7, 1, 7, 6, 4, 4, 1, 6, 7, 6, 7, 7, 7, 6, 6, 7, 1, 1, 3, 3, 1, 7, 7, 7, 1, 6, 6, 2, 4, 4, 2, 7, 5, 6, 6, 4, 7, 6, 7, 7, 7, 5, 2, 7, 7, 7, 1, 6, 3, 1, 3, 7, 4, 6, 6, 7, 6, 3, 1, 4, 5, 7, 6, 7, 3, 7, 6, 6, 6, 7, 6, 7, 5, 4, 7, 2, 6, 6, 7, 7, 5, 1, 4, 1, 4, 6, 7, 7, 7, 6, 6, 4, 1, 7, 1, 7, 7, 1, 7, 7, 6, 4, 3, 6, 1, 7, 4, 7, 6, 6, 1, 2, 7, 1, 6, 4, 3, 6, 6]
8, 0, [853.166666666667, 54786.2564458678, 43736.4846080899, 24.087818867946], [1, 2, 3, 4, 5, 6, 7, 3, 3, 3, 3, 3, 3, 3, 3, 3, 3, 3, 3, 3, 3, 3, 3, 3, 3, 3, 3, 3, 3, 3, 3, 3, 3, 3, 3, 3, 3, 3, 3, 3, 3, 3, 3, 3, 3, 3, 3, 3, 3, 3, 3, 3, 3, 3, 3, 3, 3, 3, 3, 3, 3, 3, 3, 3, 3, 3, 3, 3, 3, 3, 3, 3, 3, 3, 3, 3, 3, 3, 3, 3, 3, 3, 3, 3, 3, 3, 3, 3, 3, 3, 3, 3, 3, 3, 3, 3, 3, 3, 3, 3, 3, 3, 3, 3, 3, 3, 3, 3, 3, 3, 6, 3, 3, 3, 3, 3, 3, 6, 6, 3, 3, 3, 3, 3, 3, 3, 6, 7, 3, 3, 3, 3, 6, 3, 3, 3, 3, 6, 7, 6, 3, 3, 3, 6, 6, 3, 3, 3, 3, 7, 3, 7, 3, 3, 3, 3, 3, 3, 6, 3, 3, 3, 3, 3, 3, 7, 7, 3, 3, 3, 3, 3, 3, 7, 6, 3, 3, 3, 3, 3, 3, 3, 3, 7, 3, 3, 3, 3, 3, 3, 3, 3, 3, 3, 3, 3, 3, 3, 3, 6, 6, 3, 3, 3, 3, 3, 3, 3, 3, 7, 6, 3, 3, 3, 3, 3, 3, 3, 3, 7, 3, 3, 3, 3, 3, 3, 3, 3, 3, 3, 3, 3, 3, 3, 3, 3, 3, 3, 3, 7, 3, 3, 3, 3, 3, 3, 3, 3, 3, 3, 3, 3, 3, 3, 3, 3, 3, 3, 3, 3, 3, 3, 3, 3, 3, 3, 3, 3, 3, 3, 3, 3, 3, 3, 3, 3, 7, 3, 3, 3, 3, 3, 3, 3, 3, 6, 3, 3, 3, 3, 3, 3, 3, 3, 3, 3, 3, 3, 3, 3, 3, 3, 3, 6, 3, 3, 3, 3, 3, 3, 3, 3, 3, 6, 3, 3, 3, 3, 3, 3, 3, 3, 3, 6, 3, 3, 3, 3, 3, 3, 3, 3, 3, 3, 3, 7, 3, 3, 3, 3, 3, 3, 3, 3, 3, 3, 3, 3, 3, 3, 3, 3, 3, 3, 3, 3, 3, 3, 3, 3, 3, 3, 3, 3, 3, 3, 3, 3, 6, 3, 3, 3, 3, 3, 3, 3, 3, 3, 3, 3, 3, 3, 6, 3, 3, 3, 3, 3, 3, 3, 3, 3, 3, 3, 6, 3, 3, 3, 3, 3, 3, 3, 3, 3, 3, 3, 6, 3, 3, 3, 3, 3, 3, 3, 3, 3, 3, 3, 3, 7, 3, 3, 7, 3, 3, 3, 3, 3, 3, 3, 3, 3, 3, 3, 3, 3, 7, 3, 3, 3, 3, 3, 3, 3, 3, 3, 3, 3, 3, 3, 3, 3, 3, 3, 3, 3, 3, 3, 3, 3, 3, 3, 3, 3, 7, 3, 3, 3, 3, 3, 3, 3, 3, 3, 3, 3, 3, 3, 3, 3, 3, 3, 3, 3, 3, 3, 3, 3, 3, 3, 3, 3, 3, 3, 3, 7, 3, 3, 3, 3, 3, 3, 3, 3, 3, 3, 7, 3, 3, 3, 6, 3, 3, 3, 3, 3, 3, 7, 3, 3, 3, 6, 3, 3, 3, 3, 3, 3, 3, 3, 3, 6, 3, 3, 3, 3, 3, 3, 3, 6, 6, 3, 3, 3, 3, 3, 3, 3, 3, 3, 6, 3, 3, 6, 3, 3, 3, 3, 3, 3, 3, 6, 6, 3, 3, 3, 3, 3, 3, 3, 3, 3, 7, 6, 6, 3, 6, 3, 3, 3, 7, 3, 3, 3, 6, 6, 6, 3, 3, 3, 3, 7, 3, 7, 3, 6, 3, 3, 3, 6, 7, 7, 7, 6, 3, 3, 6, 6, 3, 3, 7, 7, 7, 7, 7, 7, 6, 6, 3, 3, 3, 3, 6, 7, 7, 3, 7, 7, 7, 3, 6, 6, 3, 3, 6, 3, 3, 3, 7, 3, 3, 7, 7, 3, 3, 6, 6, 6, 6, 3, 3, 3, 7, 7, 6, 7, 3, 3, 3, 6, 6, 3, 3, 3, 7, 3, 6, 3, 3, 3, 3, 3, 3, 6, 6, 6, 7, 3, 7, 7, 7, 3, 3, 3, 6, 6, 6, 3, 7, 3, 3, 3, 3, 3, 3, 3, 3, 6, 6, 6, 7, 3, 3, 3, 3, 3, 3, 3, 3, 6, 6, 6, 7, 3, 3, 3, 3, 3, 3, 3, 3, 3, 6, 6, 3, 3, 3, 3, 6, 3, 3, 3, 3, 3, 3, 3, 3, 3, 3, 3, 3, 3, 3, 3, 3, 3, 3, 3, 3, 3, 3, 3, 3, 3, 3, 3, 3, 7, 3, 3, 3, 3, 3, 3, 3, 7, 7, 3, 3, 3, 3, 3, 3, 3, 3, 7, 7, 3, 3, 6, 3, 3, 3, 3, 3, 3, 3, 3, 3, 3, 7, 3, 3, 3, 3, 3, 7, 7, 3, 3, 3, 3, 3, 3, 3, 3, 3, 3, 7, 3, 3, 3, 3, 3, 3, 3, 3, 3, 3, 3, 3, 3, 3, 3, 3, 3, 3, 3, 3, 3, 3, 3, 3, 3, 3, 3, 3, 3, 3, 3, 3, 6, 6, 3, 3, 3, 3, 3, 3, 3, 3, 3, 6, 6, 3, 3, 3, 3, 3, 3, 3, 3, 6, 3, 3, 3, 3, 3, 3, 3, 3, 3, 3, 3, 6, 3, 3, 3, 3, 3, 3, 3, 3, 3, 6, 6, 3, 3, 3, 3, 3, 3, 3, 3, 3, 6, 6, 3, 3, 3, 3, 3, 3, 3, 3, 6, 3, 3, 3, 3, 3, 3, 7, 3, 3, 6, 3, 3, 3, 3, 3, 3, 3, 3, 3, 3, 3, 3, 3, 3, 3, 3, 3, 3, 6, 3, 3, 3, 3, 3, 3, 3, 3, 3, 3, 3, 3, 6, 3, 3, 3, 7, 3, 3, 6, 3, 3, 3, 3, 3, 3, 3, 3, 6, 6, 3, 6, 6, 3, 3, 3, 3, 3, 3, 6, 6, 6, 6, 6, 3, 3, 3, 3, 3, 6, 6, 6, 6, 6, 6, 3, 3, 3, 3, 3, 6, 6, 6, 6, 6, 6, 6, 3, 3, 3, 6, 6, 7, 6, 6, 6, 6, 3, 3, 3, 3, 6, 6, 3, 6, 6, 6, 6, 6, 6, 3, 3, 6, 6, 6, 3, 3, 3, 3, 6, 6, 3, 3, 3, 3, 3, 6, 3, 3, 6, 6, 3, 3, 3, 3, 3, 6, 6, 3, 3, 3, 6, 3, 3, 3, 3, 3, 6, 3, 3, 3, 6, 3, 3, 3, 3, 3, 6, 6, 6, 3, 7, 3, 6, 6, 3, 3, 3, 3, 3, 6, 3, 3, 3, 6, 6, 6, 3, 3, 3, 3, 6, 6, 6, 3, 3, 6, 6, 6, 3, 3, 3, 3, 6, 6, 3, 3, 3, 6, 6, 3, 3, 3, 3, 3, 3, 6, 6, 3, 3, 6, 6, 3, 3, 3, 3, 3, 3, 6, 6, 7, 6, 6, 6, 3, 3, 3, 3, 3, 6, 6, 7, 3, 6, 6, 3, 3, 3, 3, 7, 3, 6, 6, 3, 6, 6, 6, 3, 7, 3, 3, 6, 6, 6, 3, 6, 3, 3, 3, 3, 3, 6, 6, 6, 6, 3, 3, 3, 3, 3, 3, 7, 3, 6, 6, 6, 6, 3, 3, 3, 3, 3, 3, 3, 6, 6, 6, 6, 3, 3, 3, 3, 3, 3, 7, 3, 6, 6, 6, 3, 3, 3, 3, 3, 7, 3, 7, 6, 6, 3, 3, 3, 3, 3, 3, 7, 6, 3, 3, 3, 7, 3, 3, 3, 3, 3, 3]
8, 1, [864.083333333333, 54625.7723220626, 43737.8701596333, 24.087818867946], [1, 2, 3, 4, 5, 6, 7, 3, 3, 3, 3, 3, 3, 3, 3, 3, 3, 3, 3, 3, 3, 3, 3, 3, 3, 3, 3, 3, 3, 3, 3, 3, 3, 3, 3, 3, 3, 3, 3, 3, 3, 3, 3, 3, 3, 3, 3, 3, 3, 3, 3, 3, 3, 3, 3, 3, 3, 3, 3, 3, 3, 3, 3, 3, 3, 3, 3, 3, 3, 3, 3, 3, 3, 3, 3, 3, 3, 3, 3, 3, 3, 3, 3, 3, 3, 3, 3, 3, 3, 3, 3, 3, 3, 3, 3, 3, 3, 3, 3, 3, 3, 3, 3, 3, 3, 3, 3, 3, 3, 3, 6, 3, 3, 3, 3, 3, 3, 6, 6, 3, 3, 3, 3, 3, 3, 3, 6, 7, 3, 3, 3, 3, 6, 3, 3, 3, 3, 6, 7, 6, 3, 3, 3, 6, 6, 3, 3, 3, 3, 7, 3, 7, 3, 3, 3, 3, 3, 3, 6, 3, 3, 2, 3, 3, 3, 7, 7, 3, 3, 3, 3, 3, 3, 7, 6, 3, 3, 3, 3, 3, 3, 3, 3, 7, 3, 3, 3, 3, 3, 5, 3, 3, 3, 3, 3, 3, 3, 3, 3, 6, 6, 3, 3, 3, 3, 3, 3, 3, 3, 7, 6, 3, 3, 3, 3, 3, 3, 3, 3, 7, 3, 3, 3, 3, 3, 3, 3, 3, 3, 3, 3, 3, 3, 3, 3, 3, 3, 3, 3, 7, 3, 3, 3, 3, 3, 3, 3, 3, 3, 3, 3, 3, 3, 3, 3, 3, 3, 3, 3, 3, 3, 3, 3, 3, 3, 3, 3, 3, 3, 3, 3, 3, 3, 3, 3, 3, 7, 3, 3, 3, 3, 3, 3, 3, 3, 6, 3, 3, 3, 3, 3, 3, 3, 3, 3, 3, 3, 3, 3, 3, 3, 3, 3, 6, 3, 3, 3, 3, 3, 3, 3, 3, 3, 6, 3, 3, 3, 3, 3, 3, 3, 3, 3, 6, 3, 3, 3, 3, 3, 3, 3, 3, 3, 3, 3, 7, 3, 3, 3, 3, 3, 3, 3, 3, 3, 3, 3, 3, 3, 3, 3, 3, 3, 3, 3, 3, 3, 3, 3, 3, 6, 3, 3, 3, 3, 3, 3, 3, 6, 3, 3, 3, 3, 3, 3, 3, 3, 3, 3, 3, 3, 3, 6, 3, 3, 3, 3, 3, 3, 3, 3, 3, 3, 3, 6, 3, 3, 3, 3, 3, 3, 3, 3, 3, 3, 3, 6, 3, 3, 4, 3, 3, 3, 3, 3, 3, 3, 3, 3, 7, 3, 3, 7, 3, 3, 3, 3, 3, 3, 3, 3, 3, 3, 3, 3, 3, 7, 3, 3, 3, 3, 3, 3, 3, 3, 3, 3, 3, 3, 3, 3, 3, 3, 3, 3, 3, 3, 3, 3, 3, 3, 3, 3, 3, 7, 3, 3, 3, 3, 3, 3, 3, 3, 3, 3, 3, 3, 3, 3, 3, 3, 3, 3, 3, 3, 3, 3, 3, 3, 3, 3, 3, 3, 3, 3, 7, 3, 3, 3, 3, 3, 3, 3, 3, 3, 3, 7, 3, 3, 3, 6, 3, 3, 3, 3, 3, 3, 7, 3, 3, 3, 6, 3, 3, 3, 3, 3, 3, 3, 3, 3, 6, 3, 3, 3, 3, 3, 3, 3, 6, 6, 3, 3, 3, 3, 3, 3, 3, 3, 3, 6, 3, 3, 6, 3, 3, 3, 3, 3, 3, 3, 6, 6, 3, 3, 3, 3, 3, 3, 3, 3, 3, 7, 6, 6, 3, 6, 3, 3, 3, 7, 3, 3, 3, 6, 6, 6, 3, 3, 3, 3, 7, 3, 7, 3, 6, 3, 3, 3, 6, 7, 7, 7, 6, 3, 3, 6, 6, 3, 3, 7, 7, 7, 7, 7, 7, 6, 6, 3, 3, 3, 3, 6, 7, 7, 3, 7, 7, 7, 3, 6, 6, 3, 3, 6, 3, 3, 3, 7, 3, 3, 7, 7, 3, 3, 6, 6, 6, 6, 3, 3, 3, 7, 7, 6, 7, 3, 3, 3, 6, 6, 3, 3, 3, 7, 3, 6, 3, 3, 3, 3, 3, 3, 6, 6, 6, 7, 3, 7, 7, 7, 3, 3, 3, 6, 6, 6, 3, 7, 3, 3, 3, 3, 3, 3, 3, 3, 6, 6, 6, 7, 3, 3, 3, 3, 3, 3, 3, 3, 6, 6, 6, 7, 3, 3, 3, 3, 3, 3, 3, 1, 3, 6, 6, 3, 3, 3, 3, 6, 3, 3, 3, 3, 3, 3, 3, 3, 2, 3, 3, 3, 3, 3, 3, 3, 3, 3, 3, 3, 3, 3, 3, 3, 3, 3, 3, 3, 7, 3, 3, 3, 3, 3, 3, 3, 7, 7, 3, 3, 3, 3, 3, 3, 3, 3, 7, 7, 3, 3, 6, 3, 3, 3, 3, 3, 3, 3, 3, 3, 3, 7, 3, 3, 3, 3, 3, 7, 7, 3, 3, 3, 3, 3, 3, 3, 3, 3, 3, 7, 3, 3, 3, 3, 3, 3, 3, 3, 3, 3, 3, 3, 3, 3, 3, 3, 3, 3, 3, 3, 3, 3, 4, 3, 3, 3, 3, 3, 3, 3, 3, 3, 6, 6, 3, 3, 3, 3, 3, 3, 3, 3, 3, 6, 6, 3, 3, 3, 3, 3, 3, 3, 3, 6, 3, 3, 3, 3, 3, 3, 3, 3, 3, 3, 3, 6, 3, 3, 3, 3, 3, 3, 2, 3, 3, 6, 6, 3, 3, 3, 3, 3, 3, 3, 3, 3, 6, 6, 3, 3, 3, 3, 3, 3, 3, 3, 6, 3, 3, 3, 3, 3, 3, 7, 3, 3, 6, 3, 3, 3, 3, 3, 3, 3, 3, 3, 3, 3, 3, 3, 3, 3, 3, 3, 3, 6, 3, 3, 3, 3, 3, 3, 3, 3, 3, 3, 3, 3, 6, 3, 3, 3, 7, 3, 3, 6, 3, 3, 3, 3, 3, 3, 3, 3, 6, 6, 3, 6, 6, 3, 3, 3, 3, 3, 3, 6, 6, 6, 6, 6, 3, 3, 3, 3, 3, 6, 6, 6, 6, 6, 6, 3, 3, 3, 3, 6, 6, 6, 6, 6, 6, 6, 6, 3, 3, 3, 6, 6, 7, 6, 6, 6, 6, 3, 3, 3, 3, 6, 6, 3, 6, 6, 6, 6, 6, 6, 3, 3, 6, 6, 6, 3, 3, 3, 3, 6, 6, 3, 3, 3, 3, 3, 6, 2, 3, 6, 6, 3, 3, 3, 3, 3, 6, 6, 3, 3, 3, 6, 3, 3, 3, 3, 3, 6, 3, 3, 3, 6, 3, 3, 3, 3, 3, 6, 6, 6, 3, 7, 3, 6, 6, 3, 3, 3, 3, 3, 6, 3, 3, 3, 6, 6, 6, 3, 3, 3, 3, 6, 6, 6, 3, 3, 6, 6, 6, 3, 3, 3, 3, 6, 6, 3, 3, 3, 6, 6, 3, 3, 3, 3, 3, 3, 6, 6, 3, 3, 6, 6, 3, 3, 3, 3, 3, 3, 6, 6, 7, 6, 6, 6, 3, 3, 3, 3, 3, 6, 6, 7, 3, 6, 6, 3, 3, 3, 3, 7, 3, 6, 6, 3, 6, 6, 6, 3, 7, 3, 3, 6, 6, 6, 3, 6, 3, 3, 3, 3, 3, 6, 6, 6, 6, 3, 3, 3, 3, 3, 3, 7, 3, 6, 6, 6, 6, 3, 3, 3, 3, 3, 3, 3, 6, 6, 6, 6, 3, 3, 3, 3, 3, 3, 7, 3, 6, 6, 6, 3, 3, 3, 3, 3, 7, 3, 7, 6, 6, 3, 3, 3, 3, 3, 3, 7, 6, 3, 3, 3, 7, 3, 3, 3, 3, 3, 3]
8, 2, [4418.0, 34296.3391299493, 42307.2600074771, 32.2254338149876], [1, 3, 5, 2, 6, 7, 7, 7, 4, 1, 4, 7, 2, 1, 6, 5, 4, 2, 5, 2, 7, 4, 5, 2, 3, 3, 2, 3, 7, 1, 2, 2, 3, 1, 3, 6, 1, 6, 4, 3, 6, 7, 5, 2, 7, 5, 2, 6, 6, 2, 1, 5, 2, 4, 1, 2, 7, 3, 3, 1, 3, 7, 1, 7, 2, 6, 6, 5, 5, 3, 4, 1, 1, 2, 2, 4, 6, 4, 3, 4, 1, 1, 7, 3, 5, 6, 4, 6, 7, 2, 6, 3, 7, 7, 1, 4, 5, 6, 1, 3, 5, 7, 3, 1, 3, 7, 4, 2, 6, 3, 7, 7, 5, 2, 2, 5, 2, 7, 6, 5, 7, 3, 2, 4, 7, 3, 6, 7, 7, 1, 5, 3, 7, 4, 3, 4, 1, 6, 7, 7, 7, 7, 6, 6, 7, 4, 5, 4, 1, 7, 3, 7, 5, 7, 4, 5, 1, 3, 7, 5, 4, 4, 3, 3, 1, 7, 7, 3, 2, 1, 5, 1, 5, 7, 7, 7, 5, 4, 7, 7, 4, 5, 3, 7, 5, 4, 2, 7, 4, 5, 7, 5, 4, 7, 1, 3, 7, 2, 5, 7, 7, 7, 6, 3, 4, 7, 2, 6, 6, 7, 7, 2, 5, 2, 1, 4, 7, 6, 7, 7, 3, 3, 3, 1, 6, 1, 7, 7, 6, 1, 2, 6, 3, 2, 6, 3, 2, 7, 6, 7, 2, 6, 6, 6, 5, 4, 3, 2, 7, 2, 6, 1, 2, 5, 6, 5, 7, 6, 6, 5, 1, 2, 1, 1, 4, 5, 2, 2, 7, 5, 1, 2, 6, 5, 5, 5, 7, 7, 6, 6, 2, 7, 6, 5, 3, 7, 6, 2, 6, 1, 7, 5, 2, 7, 1, 2, 5, 6, 2, 5, 5, 7, 6, 6, 4, 2, 5, 2, 5, 2, 3, 2, 7, 7, 5, 1, 2, 3, 4, 4, 5, 5, 7, 6, 1, 7, 3, 7, 7, 5, 6, 1, 1, 3, 5, 7, 2, 4, 2, 6, 4, 4, 1, 7, 4, 7, 7, 3, 7, 6, 6, 4, 6, 3, 7, 4, 2, 3, 2, 6, 3, 2, 4, 5, 4, 2, 7, 5, 7, 1, 4, 6, 2, 2, 6, 7, 6, 2, 5, 4, 1, 5, 7, 3, 5, 6, 4, 6, 1, 2, 2, 2, 5, 7, 7, 7, 2, 1, 1, 6, 7, 7, 7, 2, 6, 4, 6, 1, 4, 3, 7, 3, 6, 6, 3, 4, 1, 1, 6, 7, 7, 6, 7, 4, 6, 7, 1, 3, 1, 6, 2, 4, 3, 1, 6, 4, 7, 1, 6, 3, 5, 6, 5, 2, 5, 1, 1, 7, 5, 1, 3, 7, 2, 5, 1, 7, 1, 4, 5, 7, 5, 7, 5, 6, 7, 6, 4, 2, 4, 4, 5, 7, 3, 6, 7, 4, 1, 2, 3, 5, 6, 4, 4, 6, 2, 2, 4, 7, 3, 6, 3, 7, 1, 4, 3, 7, 3, 3, 2, 6, 6, 5, 7, 3, 1, 2, 7, 1, 7, 1, 6, 1, 4, 6, 5, 6, 1, 7, 7, 4, 6, 6, 1, 7, 1, 7, 2, 7, 2, 4, 5, 6, 5, 7, 3, 4, 5, 7, 1, 7, 6, 6, 3, 6, 6, 7, 4, 4, 2, 6, 7, 3, 5, 7, 4, 4, 1, 3, 5, 4, 1, 7, 6, 5, 4, 4, 7, 4, 5, 7, 2, 4, 7, 6, 6, 1, 7, 7, 2, 5, 7, 4, 7, 1, 6, 6, 7, 2, 3, 4, 1, 7, 4, 7, 7, 7, 6, 7, 5, 7, 7, 7, 7, 6, 4, 5, 6, 7, 2, 3, 7, 7, 7, 7, 7, 7, 7, 7, 5, 1, 5, 7, 6, 7, 7, 7, 7, 7, 7, 4, 6, 6, 3, 5, 7, 4, 3, 1, 7, 7, 4, 7, 7, 1, 5, 7, 6, 7, 6, 4, 6, 1, 7, 7, 6, 7, 2, 4, 7, 6, 6, 4, 3, 2, 7, 6, 7, 7, 6, 6, 3, 3, 2, 6, 6, 6, 7, 6, 7, 7, 7, 2, 6, 4, 6, 7, 6, 1, 7, 5, 3, 3, 6, 6, 1, 2, 1, 6, 7, 6, 7, 7, 7, 3, 5, 5, 1, 4, 6, 7, 7, 6, 7, 3, 1, 3, 7, 2, 2, 1, 6, 5, 7, 6, 2, 6, 4, 2, 7, 4, 4, 4, 6, 4, 3, 4, 5, 7, 2, 4, 4, 4, 3, 2, 4, 4, 2, 3, 3, 1, 1, 7, 6, 1, 7, 4, 6, 7, 3, 3, 7, 6, 2, 4, 5, 7, 7, 6, 1, 6, 7, 2, 3, 7, 4, 7, 7, 1, 7, 6, 5, 3, 1, 4, 7, 1, 1, 1, 4, 3, 7, 2, 7, 5, 6, 4, 7, 7, 2, 1, 3, 2, 7, 4, 5, 4, 2, 5, 7, 3, 7, 5, 1, 1, 5, 5, 5, 6, 2, 6, 7, 7, 2, 5, 4, 5, 1, 7, 3, 3, 2, 3, 2, 7, 6, 1, 6, 5, 6, 7, 3, 7, 6, 1, 1, 1, 7, 1, 7, 3, 1, 1, 6, 6, 5, 3, 5, 4, 7, 3, 2, 2, 6, 1, 7, 7, 1, 5, 2, 4, 2, 7, 7, 2, 6, 1, 6, 4, 6, 1, 4, 2, 5, 4, 6, 6, 6, 1, 6, 3, 5, 5, 1, 1, 3, 7, 6, 7, 7, 3, 6, 2, 4, 6, 4, 6, 3, 1, 3, 7, 6, 2, 7, 2, 3, 7, 3, 4, 2, 7, 7, 5, 5, 2, 3, 4, 5, 6, 5, 1, 7, 3, 7, 5, 7, 1, 2, 7, 6, 7, 2, 7, 2, 3, 1, 3, 7, 6, 2, 2, 1, 7, 4, 5, 7, 4, 7, 7, 7, 6, 5, 7, 5, 7, 7, 1, 6, 6, 6, 3, 5, 2, 6, 1, 6, 7, 6, 7, 7, 3, 1, 7, 3, 2, 7, 6, 6, 7, 7, 6, 4, 3, 5, 7, 7, 7, 6, 6, 7, 6, 7, 6, 7, 3, 3, 6, 7, 7, 7, 7, 7, 6, 5, 3, 4, 4, 6, 6, 1, 7, 7, 7, 7, 6, 7, 4, 3, 6, 6, 7, 6, 1, 1, 1, 7, 7, 5, 7, 5, 5, 1, 6, 5, 6, 6, 6, 4, 5, 2, 3, 2, 7, 7, 3, 6, 1, 7, 1, 6, 6, 6, 2, 6, 2, 1, 6, 7, 6, 1, 2, 2, 3, 6, 7, 6, 7, 7, 2, 6, 7, 4, 7, 6, 1, 6, 7, 6, 7, 2, 7, 7, 6, 1, 7, 2, 2, 6, 6, 7, 2, 3, 7, 6, 7, 2, 6, 6, 5, 6, 6, 1, 7, 3, 6, 6, 3, 1, 3, 3, 1, 1, 7, 6, 7, 1, 7, 6, 4, 4, 1, 6, 7, 6, 7, 7, 7, 6, 6, 7, 1, 1, 3, 3, 1, 7, 7, 7, 1, 6, 6, 2, 4, 4, 2, 7, 5, 6, 6, 4, 7, 6, 7, 7, 7, 5, 2, 7, 7, 7, 1, 6, 3, 1, 3, 7, 7, 6, 6, 7, 6, 3, 1, 4, 5, 7, 6, 7, 3, 7, 6, 6, 6, 7, 6, 7, 5, 4, 7, 2, 6, 6, 7, 7, 5, 1, 4, 1, 4, 6, 7, 7, 7, 7, 6, 4, 1, 6, 1, 7, 7, 1, 7, 7, 6, 4, 3, 6, 1, 7, 4, 7, 6, 6, 1, 2, 7, 1, 6, 4, 3, 6, 6]
8, 3, [4494.46666666667, 33850.6082030016, 42341.675563215, 32.1157356092836], [3, 5, 3, 4, 5, 6, 7, 5, 1, 7, 5, 7, 3, 4, 7, 6, 2, 1, 1, 4, 3, 4, 1, 2, 1, 1, 6, 1, 7, 5, 1, 4, 5, 5, 7, 2, 1, 7, 7, 5, 3, 1, 6, 6, 1, 4, 7, 4, 2, 1, 3, 4, 7, 1, 7, 5, 4, 5, 3, 2, 6, 6, 2, 2, 6, 1, 5, 4, 2, 3, 3, 6, 4, 7, 4, 6, 3, 7, 6, 5, 1, 7, 4, 7, 2, 3, 5, 5, 7, 5, 7, 6, 6, 1, 2, 4, 2, 1, 5, 1, 5, 2, 7, 7, 4, 2, 1, 1, 7, 1, 7, 1, 7, 1, 3, 2, 6, 7, 7, 3, 2, 5, 5, 1, 6, 4, 6, 7, 6, 7, 2, 5, 7, 5, 3, 6, 3, 7, 7, 6, 3, 5, 6, 6, 6, 1, 5, 6, 5, 7, 7, 7, 4, 1, 5, 5, 1, 1, 7, 7, 1, 3, 1, 3, 2, 7, 7, 4, 4, 5, 4, 7, 3, 7, 6, 6, 6, 3, 5, 2, 5, 7, 3, 7, 7, 6, 7, 6, 3, 6, 6, 7, 6, 4, 3, 5, 5, 6, 7, 6, 7, 1, 3, 4, 4, 7, 1, 2, 6, 7, 7, 2, 5, 2, 1, 4, 7, 6, 7, 7, 3, 3, 3, 1, 6, 1, 7, 7, 6, 1, 2, 6, 3, 2, 6, 3, 2, 7, 6, 7, 2, 6, 6, 6, 5, 4, 3, 2, 7, 2, 6, 1, 2, 5, 6, 5, 7, 6, 6, 5, 1, 2, 1, 1, 4, 5, 2, 2, 7, 5, 1, 2, 6, 5, 5, 5, 7, 7, 6, 6, 2, 7, 6, 5, 3, 7, 6, 2, 6, 1, 7, 5, 2, 7, 1, 2, 5, 6, 2, 5, 5, 7, 6, 6, 4, 2, 5, 2, 5, 2, 3, 2, 7, 7, 5, 1, 2, 3, 4, 4, 5, 5, 7, 6, 1, 7, 3, 7, 7, 5, 1, 1, 1, 3, 5, 7, 2, 4, 2, 6, 4, 4, 1, 7, 4, 7, 7, 3, 7, 6, 6, 4, 6, 3, 7, 4, 2, 3, 2, 6, 3, 2, 4, 5, 4, 2, 7, 5, 7, 1, 4, 6, 2, 2, 6, 7, 6, 2, 5, 4, 1, 5, 7, 3, 5, 6, 4, 6, 1, 2, 2, 2, 5, 7, 7, 7, 2, 1, 1, 6, 7, 7, 7, 2, 6, 4, 6, 1, 4, 3, 7, 3, 6, 7, 3, 4, 1, 1, 6, 7, 7, 6, 7, 4, 6, 7, 1, 3, 1, 6, 2, 4, 3, 1, 6, 4, 7, 1, 6, 3, 5, 6, 5, 2, 5, 1, 1, 7, 5, 1, 3, 7, 2, 5, 1, 7, 1, 4, 5, 7, 5, 7, 5, 6, 7, 6, 4, 2, 4, 4, 5, 7, 3, 6, 7, 4, 1, 2, 3, 5, 6, 4, 4, 6, 2, 2, 4, 7, 3, 6, 3, 7, 1, 4, 3, 7, 3, 3, 2, 6, 6, 5, 7, 3, 1, 2, 7, 1, 7, 1, 6, 1, 4, 6, 5, 6, 1, 7, 7, 4, 6, 6, 1, 7, 1, 7, 2, 7, 2, 4, 5, 6, 5, 7, 3, 4, 5, 7, 1, 7, 6, 6, 3, 6, 6, 7, 4, 4, 2, 6, 7, 3, 5, 7, 4, 4, 1, 3, 5, 4, 1, 6, 6, 5, 4, 4, 7, 4, 5, 7, 2, 4, 7, 6, 6, 1, 7, 7, 2, 5, 7, 4, 7, 1, 6, 6, 7, 2, 3, 4, 1, 7, 4, 7, 7, 7, 6, 7, 5, 7, 7, 7, 7, 6, 4, 5, 6, 7, 2, 3, 7, 7, 7, 7, 7, 7, 7, 7, 5, 1, 5, 7, 6, 7, 7, 7, 7, 7, 7, 4, 6, 6, 3, 5, 7, 4, 3, 1, 7, 7, 4, 7, 7, 1, 5, 7, 6, 7, 6, 4, 6, 1, 7, 7, 6, 7, 2, 4, 7, 6, 6, 4, 3, 2, 7, 6, 7, 7, 6, 6, 3, 3, 2, 6, 6, 6, 7, 6, 7, 7, 7, 2, 6, 4, 6, 7, 6, 1, 7, 5, 3, 3, 6, 6, 1, 2, 1, 6, 7, 6, 7, 7, 7, 3, 5, 5, 1, 4, 6, 7, 7, 6, 7, 3, 1, 3, 7, 2, 2, 1, 6, 5, 7, 6, 2, 6, 4, 2, 7, 4, 4, 4, 6, 4, 3, 4, 5, 7, 2, 4, 4, 4, 3, 2, 4, 4, 2, 3, 3, 1, 1, 7, 6, 1, 7, 4, 6, 7, 3, 3, 7, 6, 2, 4, 5, 7, 7, 6, 1, 6, 7, 2, 3, 7, 4, 7, 7, 1, 7, 6, 5, 3, 1, 4, 7, 1, 1, 1, 4, 3, 7, 2, 7, 5, 6, 4, 7, 7, 2, 1, 3, 2, 7, 4, 5, 4, 2, 5, 7, 3, 7, 5, 1, 1, 5, 5, 5, 6, 2, 6, 7, 7, 2, 5, 4, 5, 1, 7, 3, 3, 2, 3, 2, 7, 6, 1, 6, 5, 6, 7, 3, 7, 6, 1, 1, 1, 7, 1, 2, 3, 1, 1, 6, 6, 5, 3, 5, 4, 7, 3, 2, 2, 6, 1, 7, 7, 1, 5, 2, 4, 2, 7, 7, 2, 6, 1, 6, 4, 6, 1, 4, 2, 5, 4, 6, 6, 6, 1, 6, 3, 5, 5, 1, 1, 3, 7, 6, 7, 7, 3, 6, 2, 4, 6, 4, 6, 3, 1, 3, 7, 6, 2, 7, 2, 3, 7, 3, 4, 2, 7, 7, 5, 5, 2, 3, 4, 5, 6, 5, 1, 7, 3, 7, 5, 7, 1, 2, 7, 6, 7, 2, 7, 2, 3, 1, 3, 7, 6, 6, 2, 1, 7, 4, 5, 7, 4, 7, 7, 7, 6, 5, 7, 5, 7, 7, 1, 6, 6, 6, 3, 5, 2, 6, 1, 6, 7, 6, 7, 7, 3, 1, 7, 3, 2, 7, 6, 6, 7, 7, 6, 4, 3, 5, 7, 7, 7, 6, 6, 7, 6, 7, 6, 7, 3, 3, 6, 7, 7, 7, 7, 7, 6, 5, 3, 4, 4, 6, 6, 1, 7, 7, 7, 7, 6, 7, 4, 3, 6, 6, 7, 6, 1, 1, 1, 7, 7, 5, 7, 5, 5, 1, 6, 5, 6, 6, 6, 4, 5, 2, 3, 2, 7, 7, 3, 6, 1, 7, 1, 6, 6, 6, 2, 6, 2, 1, 6, 7, 6, 1, 2, 2, 3, 6, 7, 6, 7, 7, 2, 6, 7, 4, 7, 6, 1, 6, 7, 6, 7, 2, 7, 7, 6, 1, 7, 2, 2, 6, 6, 7, 2, 3, 7, 6, 7, 2, 6, 6, 5, 6, 6, 1, 7, 3, 6, 6, 3, 1, 3, 3, 1, 1, 7, 6, 7, 1, 7, 6, 4, 4, 1, 6, 7, 6, 7, 7, 7, 6, 6, 7, 1, 1, 3, 3, 1, 7, 7, 7, 1, 6, 6, 2, 4, 4, 2, 7, 5, 6, 6, 4, 7, 6, 7, 7, 7, 5, 2, 7, 7, 7, 1, 6, 3, 1, 3, 7, 7, 6, 6, 7, 6, 3, 1, 4, 5, 7, 6, 7, 3, 7, 6, 6, 6, 7, 6, 4, 5, 4, 7, 2, 6, 6, 7, 7, 5, 1, 4, 1, 4, 6, 7, 7, 7, 7, 6, 4, 1, 6, 1, 7, 7, 1, 7, 7, 6, 4, 3, 6, 1, 7, 4, 7, 6, 6, 1, 2, 7, 1, 6, 5, 3, 6, 6]
8, 4, [3388.05, 41906.3331817184, 42759.1295455374, 30.531019811688], [1, 2, 3, 4, 5, 6, 7, 3, 3, 3, 3, 3, 3, 3, 3, 3, 3, 3, 3, 3, 3, 3, 3, 3, 3, 3, 3, 3, 3, 3, 3, 3, 3, 3, 3, 3, 3, 3, 3, 3, 3, 3, 3, 3, 3, 3, 3, 3, 3, 3, 3, 3, 3, 3, 3, 3, 3, 3, 3, 3, 3, 3, 3, 3, 3, 3, 3, 3, 3, 3, 3, 3, 3, 3, 3, 3, 3, 3, 4, 3, 3, 3, 3, 3, 3, 3, 6, 3, 3, 3, 3, 3, 3, 3, 3, 3, 3, 3, 3, 3, 3, 3, 3, 3, 3, 3, 3, 3, 3, 3, 6, 3, 3, 3, 3, 3, 3, 6, 7, 3, 3, 3, 3, 3, 3, 3, 6, 7, 3, 3, 3, 3, 6, 3, 3, 3, 3, 6, 7, 6, 3, 3, 3, 6, 6, 3, 3, 3, 3, 7, 3, 7, 3, 3, 3, 3, 3, 3, 6, 3, 3, 3, 3, 3, 3, 7, 7, 3, 3, 3, 3, 3, 3, 7, 6, 3, 3, 3, 3, 3, 3, 3, 3, 7, 3, 3, 3, 3, 3, 3, 3, 3, 3, 3, 3, 3, 3, 3, 3, 6, 6, 3, 3, 3, 3, 3, 3, 3, 3, 7, 6, 3, 3, 3, 3, 5, 3, 3, 3, 7, 3, 3, 3, 3, 3, 3, 3, 3, 3, 3, 3, 3, 3, 3, 3, 3, 3, 3, 3, 7, 3, 3, 3, 3, 3, 3, 3, 3, 3, 3, 3, 3, 3, 3, 3, 3, 3, 3, 3, 3, 3, 3, 3, 3, 3, 3, 3, 3, 3, 3, 3, 3, 3, 3, 3, 3, 7, 3, 3, 3, 3, 3, 3, 3, 3, 6, 3, 3, 3, 3, 3, 3, 3, 3, 2, 3, 3, 3, 3, 1, 3, 3, 3, 6, 3, 3, 3, 3, 3, 3, 3, 3, 3, 6, 3, 3, 3, 3, 3, 3, 3, 3, 3, 6, 3, 3, 3, 3, 3, 3, 3, 3, 3, 3, 3, 7, 3, 3, 3, 3, 3, 3, 3, 3, 3, 3, 3, 3, 3, 3, 3, 3, 3, 3, 3, 3, 3, 3, 3, 3, 3, 3, 3, 3, 3, 3, 3, 3, 6, 3, 3, 3, 3, 3, 3, 3, 3, 3, 3, 3, 3, 3, 6, 3, 3, 3, 6, 2, 3, 7, 5, 6, 4, 3, 6, 4, 2, 3, 4, 4, 2, 6, 2, 3, 4, 2, 7, 1, 3, 2, 2, 7, 3, 6, 6, 6, 4, 3, 7, 7, 7, 3, 7, 2, 7, 3, 7, 4, 1, 6, 6, 1, 6, 4, 5, 4, 7, 1, 6, 2, 5, 6, 3, 6, 3, 4, 7, 5, 4, 1, 6, 7, 2, 7, 6, 6, 4, 4, 4, 5, 6, 5, 7, 4, 7, 5, 4, 5, 2, 4, 2, 2, 3, 7, 7, 4, 1, 2, 3, 5, 6, 4, 4, 6, 2, 2, 4, 7, 3, 6, 3, 7, 1, 4, 3, 7, 3, 3, 2, 6, 6, 5, 7, 3, 1, 2, 7, 1, 7, 1, 6, 1, 4, 6, 5, 6, 1, 7, 7, 4, 6, 6, 1, 7, 1, 7, 2, 7, 2, 4, 5, 6, 5, 7, 3, 4, 5, 7, 1, 7, 6, 6, 3, 6, 6, 7, 4, 4, 2, 6, 7, 3, 5, 7, 4, 4, 1, 3, 5, 4, 1, 7, 6, 5, 4, 4, 7, 4, 5, 7, 2, 4, 7, 6, 6, 1, 7, 7, 2, 5, 7, 4, 7, 1, 6, 6, 7, 2, 3, 4, 1, 7, 4, 7, 7, 7, 6, 7, 5, 7, 7, 7, 7, 6, 4, 5, 6, 7, 2, 3, 7, 7, 7, 7, 7, 7, 7, 7, 5, 1, 4, 7, 6, 7, 7, 7, 7, 7, 7, 4, 6, 6, 3, 5, 7, 4, 3, 1, 7, 7, 4, 7, 7, 1, 5, 7, 6, 7, 6, 4, 6, 1, 7, 7, 6, 7, 2, 4, 7, 6, 6, 4, 3, 6, 7, 6, 7, 2, 6, 6, 3, 3, 2, 6, 6, 6, 7, 2, 7, 7, 7, 2, 6, 4, 6, 7, 6, 1, 7, 5, 3, 3, 6, 6, 1, 2, 1, 6, 7, 6, 7, 7, 7, 3, 5, 5, 1, 4, 6, 7, 7, 6, 7, 3, 1, 3, 7, 2, 2, 1, 6, 5, 7, 6, 2, 6, 4, 2, 7, 4, 4, 4, 6, 4, 3, 4, 5, 7, 3, 4, 4, 4, 3, 2, 4, 4, 2, 3, 3, 1, 1, 7, 6, 1, 7, 4, 6, 7, 3, 3, 7, 6, 2, 4, 5, 7, 7, 6, 1, 6, 7, 2, 3, 7, 4, 7, 7, 1, 7, 6, 5, 3, 1, 4, 7, 1, 1, 1, 4, 3, 7, 2, 7, 5, 6, 4, 7, 7, 2, 1, 3, 2, 2, 4, 5, 4, 2, 5, 7, 3, 7, 5, 1, 1, 5, 5, 5, 6, 2, 6, 7, 7, 2, 5, 4, 5, 1, 7, 3, 3, 2, 3, 2, 7, 6, 1, 6, 5, 6, 7, 3, 7, 6, 1, 1, 1, 7, 1, 7, 3, 1, 1, 6, 6, 5, 3, 5, 4, 7, 3, 2, 2, 6, 1, 7, 7, 1, 5, 2, 4, 2, 7, 7, 2, 6, 1, 6, 4, 6, 1, 4, 2, 5, 4, 6, 6, 6, 1, 6, 3, 5, 5, 1, 1, 3, 7, 6, 7, 7, 3, 6, 2, 4, 6, 4, 6, 3, 1, 3, 7, 6, 2, 7, 2, 3, 7, 3, 4, 2, 7, 7, 5, 5, 2, 3, 4, 5, 6, 5, 1, 7, 3, 7, 5, 7, 1, 2, 7, 6, 7, 2, 7, 2, 3, 1, 3, 7, 6, 2, 2, 1, 7, 4, 5, 7, 4, 7, 7, 7, 6, 5, 7, 5, 7, 7, 1, 6, 6, 6, 3, 5, 2, 6, 1, 6, 7, 6, 7, 7, 3, 1, 7, 3, 2, 7, 6, 6, 7, 7, 6, 4, 3, 5, 7, 7, 7, 6, 6, 7, 6, 7, 6, 7, 3, 3, 6, 7, 7, 7, 7, 7, 6, 5, 3, 4, 4, 6, 6, 1, 7, 7, 7, 6, 6, 7, 4, 3, 6, 6, 7, 6, 1, 1, 1, 7, 7, 5, 7, 5, 5, 1, 6, 5, 6, 6, 6, 4, 5, 2, 3, 2, 7, 7, 3, 6, 1, 7, 1, 6, 6, 6, 4, 6, 2, 1, 6, 7, 6, 1, 2, 2, 3, 6, 7, 6, 7, 7, 2, 6, 7, 4, 7, 6, 1, 6, 7, 6, 7, 2, 7, 7, 6, 1, 7, 2, 2, 6, 6, 7, 2, 3, 7, 6, 7, 2, 6, 6, 5, 6, 6, 1, 7, 3, 6, 6, 3, 1, 3, 3, 1, 1, 6, 6, 7, 1, 7, 6, 4, 4, 1, 6, 7, 6, 7, 7, 7, 6, 6, 7, 1, 1, 3, 3, 1, 7, 7, 7, 1, 6, 6, 2, 4, 4, 2, 7, 5, 6, 6, 4, 7, 6, 7, 7, 7, 5, 2, 7, 7, 7, 1, 6, 3, 1, 3, 7, 4, 6, 6, 7, 6, 3, 1, 4, 5, 7, 6, 7, 3, 7, 6, 6, 6, 7, 6, 7, 5, 4, 7, 2, 6, 6, 7, 7, 5, 1, 4, 1, 4, 6, 7, 7, 7, 6, 6, 4, 1, 7, 1, 7, 7, 1, 7, 7, 6, 4, 3, 6, 1, 7, 4, 7, 6, 6, 1, 2, 7, 1, 6, 4, 3, 6, 6]
9, 0, [853.166666666667, 54786.2564458678, 43736.4846080899, 24.087818867946], [1, 2, 3, 4, 5, 6, 7, 3, 3, 3, 3, 3, 3, 3, 3, 3, 3, 3, 3, 3, 3, 3, 3, 3, 3, 3, 3, 3, 3, 3, 3, 3, 3, 3, 3, 3, 3, 3, 3, 3, 3, 3, 3, 3, 3, 3, 3, 3, 3, 3, 3, 3, 3, 3, 3, 3, 3, 3, 3, 3, 3, 3, 3, 3, 3, 3, 3, 3, 3, 3, 3, 3, 3, 3, 3, 3, 3, 3, 3, 3, 3, 3, 3, 3, 3, 3, 3, 3, 3, 3, 3, 3, 3, 3, 3, 3, 3, 3, 3, 3, 3, 3, 3, 3, 3, 3, 3, 3, 3, 3, 6, 3, 3, 3, 3, 3, 3, 6, 6, 3, 3, 3, 3, 3, 3, 3, 6, 7, 3, 3, 3, 3, 6, 3, 3, 3, 3, 6, 7, 6, 3, 3, 3, 6, 6, 3, 3, 3, 3, 7, 3, 7, 3, 3, 3, 3, 3, 3, 6, 3, 3, 3, 3, 3, 3, 7, 7, 3, 3, 3, 3, 3, 3, 7, 6, 3, 3, 3, 3, 3, 3, 3, 3, 7, 3, 3, 3, 3, 3, 3, 3, 3, 3, 3, 3, 3, 3, 3, 3, 6, 6, 3, 3, 3, 3, 3, 3, 3, 3, 7, 6, 3, 3, 3, 3, 3, 3, 3, 3, 7, 3, 3, 3, 3, 3, 3, 3, 3, 3, 3, 3, 3, 3, 3, 3, 3, 3, 3, 3, 7, 3, 3, 3, 3, 3, 3, 3, 3, 3, 3, 3, 3, 3, 3, 3, 3, 3, 3, 3, 3, 3, 3, 3, 3, 3, 3, 3, 3, 3, 3, 3, 3, 3, 3, 3, 3, 7, 3, 3, 3, 3, 3, 3, 3, 3, 6, 3, 3, 3, 3, 3, 3, 3, 3, 3, 3, 3, 3, 3, 3, 3, 3, 3, 6, 3, 3, 3, 3, 3, 3, 3, 3, 3, 6, 3, 3, 3, 3, 3, 3, 3, 3, 3, 6, 3, 3, 3, 3, 3, 3, 3, 3, 3, 3, 3, 7, 3, 3, 3, 3, 3, 3, 3, 3, 3, 3, 3, 3, 3, 3, 3, 3, 3, 3, 3, 3, 3, 3, 3, 3, 3, 3, 3, 3, 3, 3, 3, 3, 6, 3, 3, 3, 3, 3, 3, 3, 3, 3, 3, 3, 3, 3, 6, 3, 3, 3, 3, 3, 3, 3, 3, 3, 3, 3, 6, 3, 3, 3, 3, 3, 3, 3, 3, 3, 3, 3, 6, 3, 3, 3, 3, 3, 3, 3, 3, 3, 3, 3, 3, 7, 3, 3, 7, 3, 3, 3, 3, 3, 3, 3, 3, 3, 3, 3, 3, 3, 7, 3, 3, 3, 3, 3, 3, 3, 3, 3, 3, 3, 3, 3, 3, 3, 3, 3, 3, 3, 3, 3, 3, 3, 3, 3, 3, 3, 7, 3, 3, 3, 3, 3, 3, 3, 3, 3, 3, 3, 3, 3, 3, 3, 3, 3, 3, 3, 3, 3, 3, 3, 3, 3, 3, 3, 3, 3, 3, 7, 3, 3, 3, 3, 3, 3, 3, 3, 3, 3, 7, 3, 3, 3, 6, 3, 3, 3, 3, 3, 3, 7, 3, 3, 3, 6, 3, 3, 3, 3, 3, 3, 3, 3, 3, 6, 3, 3, 3, 3, 3, 3, 3, 6, 6, 3, 3, 3, 3, 3, 3, 3, 3, 3, 6, 3, 3, 6, 3, 3, 3, 3, 3, 3, 3, 6, 6, 3, 3, 3, 3, 3, 3, 3, 3, 3, 7, 6, 6, 3, 6, 3, 3, 3, 7, 3, 3, 3, 6, 6, 6, 3, 3, 3, 3, 7, 3, 7, 3, 6, 3, 3, 3, 6, 7, 7, 7, 6, 3, 3, 6, 6, 3, 3, 7, 7, 7, 7, 7, 7, 6, 6, 3, 3, 3, 3, 6, 7, 7, 3, 7, 7, 7, 3, 6, 6, 3, 3, 6, 3, 3, 3, 7, 3, 3, 7, 7, 3, 3, 6, 6, 6, 6, 3, 3, 3, 7, 7, 6, 7, 3, 3, 3, 6, 6, 3, 3, 3, 7, 3, 6, 3, 3, 3, 3, 3, 3, 6, 6, 6, 7, 3, 7, 7, 7, 3, 3, 3, 6, 6, 6, 3, 7, 3, 3, 3, 3, 3, 3, 3, 3, 6, 6, 6, 7, 3, 3, 3, 3, 3, 3, 3, 3, 6, 6, 6, 7, 3, 3, 3, 3, 3, 3, 3, 3, 3, 6, 6, 3, 3, 3, 3, 6, 3, 3, 3, 3, 3, 3, 3, 3, 3, 3, 3, 3, 3, 3, 3, 3, 3, 3, 3, 3, 3, 3, 3, 3, 3, 3, 3, 3, 7, 3, 3, 3, 3, 3, 3, 3, 7, 7, 3, 3, 3, 3, 3, 3, 3, 3, 7, 7, 3, 3, 6, 3, 3, 3, 3, 3, 3, 3, 3, 3, 3, 7, 3, 3, 3, 3, 3, 7, 7, 3, 3, 3, 3, 3, 3, 3, 3, 3, 3, 7, 3, 3, 3, 3, 3, 3, 3, 3, 3, 3, 3, 3, 3, 3, 3, 3, 3, 3, 3, 3, 3, 3, 3, 3, 3, 3, 3, 3, 3, 3, 3, 3, 6, 6, 3, 3, 3, 3, 3, 3, 3, 3, 3, 6, 6, 3, 3, 3, 3, 3, 3, 3, 3, 6, 3, 3, 3, 3, 3, 3, 3, 3, 3, 3, 3, 6, 3, 3, 3, 3, 3, 3, 3, 3, 3, 6, 6, 3, 3, 3, 3, 3, 3, 3, 3, 3, 6, 6, 3, 3, 3, 3, 3, 3, 3, 3, 6, 3, 3, 3, 3, 3, 3, 7, 3, 3, 6, 3, 3, 3, 3, 3, 3, 3, 3, 3, 3, 3, 3, 3, 3, 3, 3, 3, 3, 6, 3, 3, 3, 3, 3, 3, 3, 3, 3, 3, 3, 3, 6, 3, 3, 3, 7, 3, 3, 6, 3, 3, 3, 3, 3, 3, 3, 3, 6, 6, 3, 6, 6, 3, 3, 3, 3, 3, 3, 6, 6, 6, 6, 6, 3, 3, 3, 3, 3, 6, 6, 6, 6, 6, 6, 3, 3, 3, 3, 3, 6, 6, 6, 6, 6, 6, 6, 3, 3, 3, 6, 6, 7, 6, 6, 6, 6, 3, 3, 3, 3, 6, 6, 3, 6, 6, 6, 6, 6, 6, 3, 3, 6, 6, 6, 3, 3, 3, 3, 6, 6, 3, 3, 3, 3, 3, 6, 3, 3, 6, 6, 3, 3, 3, 3, 3, 6, 6, 3, 3, 3, 6, 3, 3, 3, 3, 3, 6, 3, 3, 3, 6, 3, 3, 3, 3, 3, 6, 6, 6, 3, 7, 3, 6, 6, 3, 3, 3, 3, 3, 6, 3, 3, 3, 6, 6, 6, 3, 3, 3, 3, 6, 6, 6, 3, 3, 6, 6, 6, 3, 3, 3, 3, 6, 6, 3, 3, 3, 6, 6, 3, 3, 3, 3, 3, 3, 6, 6, 3, 3, 6, 6, 3, 3, 3, 3, 3, 3, 6, 6, 7, 6, 6, 6, 3, 3, 3, 3, 3, 6, 6, 7, 3, 6, 6, 3, 3, 3, 3, 7, 3, 6, 6, 3, 6, 6, 6, 3, 7, 3, 3, 6, 6, 6, 3, 6, 3, 3, 3, 3, 3, 6, 6, 6, 6, 3, 3, 3, 3, 3, 3, 7, 3, 6, 6, 6, 6, 3, 3, 3, 3, 3, 3, 3, 6, 6, 6, 6, 3, 3, 3, 3, 3, 3, 7, 3, 6, 6, 6, 3, 3, 3, 3, 3, 7, 3, 7, 6, 6, 3, 3, 3, 3, 3, 3, 7, 6, 3, 3, 3, 7, 3, 3, 3, 3, 3, 3]
9, 1, [4494.46666666667, 33850.6082030016, 42341.675563215, 32.1157356092836], [3, 5, 3, 4, 5, 6, 7, 5, 1, 7, 5, 7, 3, 4, 7, 6, 2, 1, 1, 4, 3, 4, 1, 2, 1, 1, 6, 1, 7, 5, 1, 4, 5, 5, 7, 2, 1, 7, 7, 5, 3, 1, 6, 6, 1, 4, 7, 4, 2, 1, 3, 4, 7, 1, 7, 5, 4, 5, 3, 2, 6, 6, 2, 2, 6, 1, 5, 4, 2, 3, 3, 6, 4, 7, 4, 6, 3, 7, 6, 5, 1, 7, 4, 7, 2, 3, 5, 5, 7, 5, 7, 6, 6, 1, 2, 4, 2, 1, 5, 1, 5, 2, 7, 7, 4, 2, 1, 1, 7, 1, 7, 1, 7, 1, 3, 2, 6, 7, 7, 3, 2, 5, 5, 1, 6, 4, 6, 7, 6, 7, 2, 5, 7, 5, 3, 6, 3, 7, 7, 6, 3, 5, 6, 6, 6, 1, 5, 6, 5, 7, 7, 7, 4, 1, 5, 5, 1, 1, 7, 7, 1, 3, 1, 3, 2, 7, 7, 4, 4, 5, 4, 7, 3, 7, 6, 6, 6, 3, 5, 2, 5, 7, 3, 7, 7, 6, 7, 6, 3, 6, 6, 7, 6, 4, 3, 5, 5, 6, 7, 6, 7, 1, 3, 4, 4, 7, 1, 2, 6, 7, 7, 2, 5, 2, 1, 4, 7, 6, 7, 7, 3, 3, 3, 1, 6, 1, 7, 7, 6, 1, 2, 6, 3, 2, 6, 3, 2, 7, 6, 7, 2, 6, 6, 6, 5, 4, 3, 2, 7, 2, 6, 1, 2, 5, 6, 5, 7, 6, 6, 5, 1, 2, 1, 1, 4, 5, 2, 2, 7, 5, 1, 2, 6, 5, 5, 5, 7, 7, 6, 6, 2, 7, 6, 5, 3, 7, 6, 2, 6, 1, 7, 5, 2, 7, 1, 2, 5, 6, 2, 5, 5, 7, 6, 6, 4, 2, 5, 2, 5, 2, 3, 2, 7, 7, 5, 1, 2, 3, 4, 4, 5, 5, 7, 6, 1, 7, 3, 7, 7, 5, 1, 1, 1, 3, 5, 7, 2, 4, 2, 6, 4, 4, 1, 7, 4, 7, 7, 3, 7, 6, 6, 4, 6, 3, 7, 4, 2, 3, 2, 6, 3, 2, 4, 5, 4, 2, 7, 5, 7, 1, 4, 6, 2, 2, 6, 7, 6, 2, 5, 4, 1, 5, 7, 3, 5, 6, 4, 6, 1, 2, 2, 2, 5, 7, 7, 7, 2, 1, 1, 6, 7, 7, 7, 2, 6, 4, 6, 1, 4, 3, 7, 3, 6, 7, 3, 4, 1, 1, 6, 7, 7, 6, 7, 4, 6, 7, 1, 3, 1, 6, 2, 4, 3, 1, 6, 4, 7, 1, 6, 3, 5, 6, 5, 2, 5, 1, 1, 7, 5, 1, 3, 7, 2, 5, 1, 7, 1, 4, 5, 7, 5, 7, 5, 6, 7, 6, 4, 2, 4, 4, 5, 7, 3, 6, 7, 4, 1, 2, 3, 5, 6, 4, 4, 6, 2, 2, 4, 7, 3, 6, 3, 7, 1, 4, 3, 7, 3, 3, 2, 6, 6, 5, 7, 3, 1, 2, 7, 1, 7, 1, 6, 1, 4, 6, 5, 6, 1, 7, 7, 4, 6, 6, 1, 7, 1, 7, 2, 7, 2, 4, 5, 6, 5, 7, 3, 4, 5, 7, 1, 7, 6, 6, 3, 6, 6, 7, 4, 4, 2, 6, 7, 3, 5, 7, 4, 4, 1, 3, 5, 4, 1, 6, 6, 5, 4, 4, 7, 4, 5, 7, 2, 4, 7, 6, 6, 1, 7, 7, 2, 5, 7, 4, 7, 1, 6, 6, 7, 2, 3, 4, 1, 7, 4, 7, 7, 7, 6, 7, 5, 7, 7, 7, 7, 6, 4, 5, 6, 7, 2, 3, 7, 7, 7, 7, 7, 7, 7, 7, 5, 1, 5, 7, 6, 7, 7, 7, 7, 7, 7, 4, 6, 6, 3, 5, 7, 4, 3, 1, 7, 7, 4, 7, 7, 1, 5, 7, 6, 7, 6, 4, 6, 1, 7, 7, 6, 7, 2, 4, 7, 6, 6, 4, 3, 2, 7, 6, 7, 7, 6, 6, 3, 3, 2, 6, 6, 6, 7, 6, 7, 7, 7, 2, 6, 4, 6, 7, 6, 1, 7, 5, 3, 3, 6, 6, 1, 2, 1, 6, 7, 6, 7, 7, 7, 3, 5, 5, 1, 4, 6, 7, 7, 6, 7, 3, 1, 3, 7, 2, 2, 1, 6, 5, 7, 6, 2, 6, 4, 2, 7, 4, 4, 4, 6, 4, 3, 4, 5, 7, 2, 4, 4, 4, 3, 2, 4, 4, 2, 3, 3, 1, 1, 7, 6, 1, 7, 4, 6, 7, 3, 3, 7, 6, 2, 4, 5, 7, 7, 6, 1, 6, 7, 2, 3, 7, 4, 7, 7, 1, 7, 6, 5, 3, 1, 4, 7, 1, 1, 1, 4, 3, 7, 2, 7, 5, 6, 4, 7, 7, 2, 1, 3, 2, 7, 4, 5, 4, 2, 5, 7, 3, 7, 5, 1, 1, 5, 5, 5, 6, 2, 6, 7, 7, 2, 5, 4, 5, 1, 7, 3, 3, 2, 3, 2, 7, 6, 1, 6, 5, 6, 7, 3, 7, 6, 1, 1, 1, 7, 1, 2, 3, 1, 1, 6, 6, 5, 3, 5, 4, 7, 3, 2, 2, 6, 1, 7, 7, 1, 5, 2, 4, 2, 7, 7, 2, 6, 1, 6, 4, 6, 1, 4, 2, 5, 4, 6, 6, 6, 1, 6, 3, 5, 5, 1, 1, 3, 7, 6, 7, 7, 3, 6, 2, 4, 6, 4, 6, 3, 1, 3, 7, 6, 2, 7, 2, 3, 7, 3, 4, 2, 7, 7, 5, 5, 2, 3, 4, 5, 6, 5, 1, 7, 3, 7, 5, 7, 1, 2, 7, 6, 7, 2, 7, 2, 3, 1, 3, 7, 6, 6, 2, 1, 7, 4, 5, 7, 4, 7, 7, 7, 6, 5, 7, 5, 7, 7, 1, 6, 6, 6, 3, 5, 2, 6, 1, 6, 7, 6, 7, 7, 3, 1, 7, 3, 2, 7, 6, 6, 7, 7, 6, 4, 3, 5, 7, 7, 7, 6, 6, 7, 6, 7, 6, 7, 3, 3, 6, 7, 7, 7, 7, 7, 6, 5, 3, 4, 4, 6, 6, 1, 7, 7, 7, 7, 6, 7, 4, 3, 6, 6, 7, 6, 1, 1, 1, 7, 7, 5, 7, 5, 5, 1, 6, 5, 6, 6, 6, 4, 5, 2, 3, 2, 7, 7, 3, 6, 1, 7, 1, 6, 6, 6, 2, 6, 2, 1, 6, 7, 6, 1, 2, 2, 3, 6, 7, 6, 7, 7, 2, 6, 7, 4, 7, 6, 1, 6, 7, 6, 7, 2, 7, 7, 6, 1, 7, 2, 2, 6, 6, 7, 2, 3, 7, 6, 7, 2, 6, 6, 5, 6, 6, 1, 7, 3, 6, 6, 3, 1, 3, 3, 1, 1, 7, 6, 7, 1, 7, 6, 4, 4, 1, 6, 7, 6, 7, 7, 7, 6, 6, 7, 1, 1, 3, 3, 1, 7, 7, 7, 1, 6, 6, 2, 4, 4, 2, 7, 5, 6, 6, 4, 7, 6, 7, 7, 7, 5, 2, 7, 7, 7, 1, 6, 3, 1, 3, 7, 7, 6, 6, 7, 6, 3, 1, 4, 5, 7, 6, 7, 3, 7, 6, 6, 6, 7, 6, 4, 5, 4, 7, 2, 6, 6, 7, 7, 5, 1, 4, 1, 4, 6, 7, 7, 7, 7, 6, 4, 1, 6, 1, 7, 7, 1, 7, 7, 6, 4, 3, 6, 1, 7, 4, 7, 6, 6, 1, 2, 7, 1, 6, 5, 3, 6, 6]
9, 2, [883.833333333333, 54596.7414168965, 43738.1245653548, 24.1469353245566], [1, 2, 3, 4, 5, 6, 7, 3, 3, 3, 3, 3, 3, 3, 3, 3, 3, 3, 3, 3, 3, 3, 3, 3, 3, 3, 3, 3, 3, 3, 3, 3, 3, 3, 3, 3, 3, 3, 3, 3, 3, 3, 3, 3, 3, 4, 3, 3, 3, 3, 3, 3, 3, 3, 3, 3, 3, 3, 3, 3, 3, 3, 3, 3, 3, 3, 3, 3, 3, 3, 3, 3, 3, 3, 3, 3, 3, 3, 3, 3, 3, 3, 3, 3, 3, 3, 3, 3, 3, 3, 3, 3, 3, 3, 3, 3, 3, 3, 3, 3, 3, 3, 3, 3, 3, 3, 3, 3, 3, 3, 6, 3, 3, 3, 3, 3, 3, 6, 6, 3, 3, 3, 3, 3, 3, 3, 6, 7, 3, 3, 3, 3, 6, 3, 3, 3, 3, 6, 7, 6, 3, 3, 3, 6, 6, 3, 3, 3, 3, 7, 3, 7, 3, 3, 3, 3, 3, 3, 6, 3, 3, 3, 3, 3, 3, 7, 7, 3, 3, 3, 3, 3, 3, 7, 6, 3, 3, 3, 3, 3, 3, 3, 3, 7, 3, 3, 3, 3, 3, 3, 3, 3, 3, 3, 3, 3, 3, 3, 3, 6, 6, 3, 3, 3, 3, 3, 3, 3, 3, 7, 6, 3, 3, 3, 3, 3, 3, 3, 3, 7, 3, 3, 3, 3, 3, 3, 3, 3, 3, 3, 3, 3, 3, 3, 3, 3, 3, 3, 3, 7, 3, 3, 3, 3, 3, 3, 3, 3, 3, 3, 3, 3, 3, 3, 3, 3, 3, 3, 3, 3, 3, 3, 3, 3, 3, 3, 3, 3, 3, 3, 3, 3, 3, 3, 3, 3, 7, 3, 3, 3, 3, 3, 3, 3, 3, 6, 3, 3, 3, 3, 1, 3, 3, 3, 3, 3, 3, 3, 3, 3, 3, 3, 3, 6, 3, 3, 3, 3, 3, 3, 3, 3, 3, 6, 3, 3, 3, 3, 2, 3, 3, 3, 3, 6, 3, 3, 3, 3, 3, 3, 3, 3, 3, 3, 3, 7, 3, 6, 3, 3, 3, 3, 3, 3, 3, 3, 3, 3, 3, 3, 3, 3, 3, 3, 3, 3, 3, 3, 3, 3, 3, 3, 3, 3, 3, 3, 3, 3, 6, 3, 3, 3, 3, 3, 3, 3, 3, 3, 3, 3, 3, 3, 6, 3, 3, 3, 3, 3, 3, 3, 3, 3, 3, 3, 6, 3, 3, 3, 3, 3, 3, 3, 3, 3, 3, 3, 6, 3, 3, 3, 3, 3, 3, 3, 3, 3, 3, 3, 3, 7, 3, 3, 7, 3, 3, 3, 3, 3, 3, 3, 3, 3, 3, 3, 3, 3, 7, 3, 3, 3, 3, 3, 3, 3, 3, 3, 3, 3, 3, 3, 3, 3, 3, 3, 3, 1, 3, 3, 3, 3, 3, 3, 3, 3, 7, 3, 3, 3, 3, 3, 3, 3, 3, 3, 3, 3, 3, 3, 3, 3, 3, 3, 3, 3, 3, 3, 3, 3, 3, 3, 3, 3, 3, 3, 3, 7, 3, 3, 3, 3, 2, 3, 3, 3, 3, 3, 7, 3, 3, 3, 6, 3, 3, 3, 3, 3, 3, 7, 3, 3, 3, 6, 3, 3, 3, 3, 3, 3, 3, 3, 3, 6, 3, 3, 3, 3, 3, 3, 3, 6, 6, 3, 3, 3, 3, 3, 3, 3, 3, 3, 6, 3, 3, 6, 3, 3, 3, 3, 3, 3, 3, 6, 6, 3, 3, 3, 3, 3, 3, 3, 3, 3, 7, 6, 6, 3, 6, 3, 3, 3, 7, 3, 3, 3, 6, 6, 6, 3, 3, 3, 3, 7, 3, 7, 3, 6, 3, 3, 3, 6, 7, 7, 7, 6, 3, 3, 6, 6, 3, 3, 7, 7, 7, 7, 7, 7, 6, 6, 3, 3, 3, 3, 6, 7, 7, 3, 7, 7, 7, 3, 6, 6, 3, 3, 6, 3, 3, 3, 7, 3, 3, 7, 7, 3, 3, 6, 6, 6, 6, 3, 3, 3, 7, 7, 6, 7, 3, 3, 3, 6, 6, 3, 3, 3, 7, 3, 6, 3, 3, 3, 3, 3, 3, 6, 6, 6, 7, 3, 7, 7, 7, 3, 3, 3, 6, 6, 6, 3, 7, 3, 3, 3, 3, 3, 3, 3, 3, 6, 6, 6, 7, 3, 3, 3, 3, 3, 3, 3, 3, 6, 6, 6, 7, 3, 3, 3, 3, 3, 3, 3, 3, 3, 6, 6, 3, 3, 3, 3, 6, 3, 3, 3, 3, 3, 3, 3, 3, 3, 3, 3, 3, 3, 3, 3, 3, 3, 3, 3, 3, 3, 3, 3, 3, 3, 3, 3, 3, 7, 3, 3, 3, 3, 3, 3, 3, 7, 7, 3, 3, 3, 3, 3, 3, 3, 3, 7, 7, 3, 3, 6, 3, 3, 3, 3, 3, 3, 3, 3, 3, 3, 7, 3, 3, 3, 3, 3, 7, 7, 3, 3, 3, 3, 3, 3, 3, 3, 3, 3, 7, 3, 3, 3, 3, 3, 3, 3, 3, 3, 3, 3, 3, 3, 3, 3, 3, 3, 3, 3, 3, 3, 3, 3, 3, 3, 3, 3, 3, 3, 3, 3, 3, 6, 6, 3, 3, 3, 3, 3, 3, 3, 3, 3, 6, 6, 3, 3, 3, 3, 3, 3, 3, 3, 6, 3, 3, 3, 3, 3, 3, 3, 3, 3, 3, 3, 6, 3, 3, 3, 3, 3, 3, 3, 3, 3, 6, 6, 3, 3, 3, 3, 3, 3, 3, 3, 3, 6, 6, 3, 3, 3, 3, 3, 3, 3, 3, 6, 3, 3, 3, 3, 3, 3, 7, 3, 3, 6, 3, 3, 3, 3, 3, 3, 3, 3, 3, 3, 3, 3, 3, 3, 3, 3, 3, 3, 6, 3, 3, 3, 3, 3, 3, 3, 3, 3, 3, 3, 3, 6, 3, 3, 3, 7, 3, 3, 6, 3, 3, 3, 3, 3, 3, 3, 3, 6, 6, 3, 6, 6, 3, 3, 3, 3, 3, 3, 6, 6, 6, 6, 6, 3, 3, 3, 3, 3, 6, 6, 6, 6, 6, 6, 3, 3, 3, 3, 3, 6, 6, 6, 6, 6, 6, 6, 3, 3, 3, 6, 6, 7, 6, 6, 6, 6, 3, 3, 3, 3, 6, 6, 3, 6, 6, 6, 6, 6, 6, 3, 3, 6, 6, 6, 3, 3, 3, 3, 6, 6, 3, 3, 3, 3, 3, 6, 3, 3, 6, 6, 3, 3, 3, 3, 3, 6, 6, 3, 3, 3, 6, 3, 3, 3, 3, 3, 7, 3, 3, 3, 6, 3, 3, 3, 3, 3, 6, 6, 6, 3, 7, 3, 6, 6, 3, 3, 3, 3, 3, 6, 3, 3, 3, 6, 6, 6, 3, 3, 3, 3, 6, 6, 6, 3, 3, 6, 6, 6, 3, 3, 3, 3, 6, 6, 3, 3, 3, 6, 6, 3, 3, 3, 1, 3, 3, 6, 6, 3, 3, 6, 6, 3, 3, 3, 3, 3, 3, 6, 6, 7, 6, 6, 6, 3, 3, 3, 3, 3, 6, 6, 7, 3, 6, 6, 3, 3, 3, 3, 7, 3, 6, 6, 3, 6, 6, 6, 3, 7, 3, 3, 6, 6, 6, 3, 6, 3, 3, 3, 3, 3, 6, 6, 6, 6, 3, 3, 3, 3, 3, 3, 7, 3, 6, 6, 6, 6, 3, 3, 3, 3, 3, 3, 3, 6, 6, 6, 6, 3, 3, 3, 3, 3, 3, 7, 3, 6, 6, 6, 3, 3, 3, 3, 3, 7, 3, 7, 6, 6, 3, 3, 3, 3, 3, 3, 7, 6, 3, 3, 3, 7, 3, 3, 3, 3, 3, 3]
9, 3, [4427.31666666667, 34333.336964792, 42307.8148320385, 32.2254338149876], [1, 3, 5, 2, 6, 7, 7, 7, 4, 1, 4, 7, 2, 1, 6, 5, 4, 2, 5, 2, 7, 4, 5, 2, 3, 3, 2, 3, 7, 1, 2, 2, 3, 1, 3, 6, 1, 6, 4, 3, 6, 7, 7, 2, 7, 5, 2, 6, 6, 2, 1, 5, 2, 4, 1, 2, 7, 3, 3, 1, 3, 7, 1, 7, 2, 6, 6, 5, 5, 3, 4, 1, 1, 2, 2, 4, 6, 4, 3, 4, 1, 1, 7, 3, 5, 6, 4, 6, 7, 2, 6, 3, 7, 7, 1, 4, 5, 6, 1, 3, 5, 7, 3, 1, 3, 7, 4, 2, 6, 3, 7, 7, 5, 2, 2, 5, 2, 7, 6, 5, 7, 3, 2, 4, 7, 3, 6, 7, 7, 1, 5, 3, 7, 4, 3, 4, 1, 6, 7, 7, 7, 7, 6, 6, 7, 4, 5, 4, 1, 7, 3, 7, 5, 7, 4, 5, 1, 5, 7, 5, 4, 4, 3, 3, 1, 7, 7, 3, 2, 1, 5, 1, 5, 7, 7, 7, 5, 4, 7, 7, 4, 5, 3, 7, 5, 4, 2, 7, 4, 5, 7, 5, 4, 7, 1, 3, 7, 2, 5, 7, 7, 7, 6, 3, 4, 7, 2, 6, 6, 7, 7, 2, 5, 2, 1, 4, 7, 6, 7, 7, 3, 3, 3, 1, 6, 1, 7, 7, 6, 1, 2, 6, 3, 2, 6, 3, 2, 7, 6, 7, 2, 6, 6, 6, 5, 4, 3, 2, 7, 2, 6, 1, 2, 5, 6, 5, 7, 6, 6, 5, 1, 2, 1, 1, 4, 5, 2, 7, 7, 5, 1, 2, 6, 5, 5, 5, 7, 7, 6, 6, 2, 7, 6, 5, 3, 7, 6, 2, 6, 1, 7, 5, 2, 7, 1, 2, 5, 6, 2, 5, 5, 7, 6, 6, 4, 2, 5, 2, 5, 2, 3, 2, 7, 7, 5, 1, 2, 3, 4, 4, 5, 5, 7, 6, 1, 7, 3, 7, 7, 5, 2, 1, 1, 3, 5, 7, 2, 4, 2, 6, 4, 4, 1, 7, 4, 7, 7, 3, 7, 6, 6, 4, 6, 3, 7, 4, 2, 3, 2, 6, 3, 2, 4, 5, 4, 2, 7, 5, 7, 1, 4, 6, 2, 2, 6, 7, 6, 2, 5, 4, 1, 5, 6, 3, 5, 6, 4, 6, 1, 2, 2, 2, 5, 7, 7, 7, 2, 1, 1, 6, 7, 7, 7, 2, 6, 4, 6, 1, 4, 3, 7, 3, 6, 6, 3, 4, 1, 1, 6, 7, 7, 6, 7, 4, 6, 7, 1, 3, 1, 6, 2, 4, 3, 1, 6, 4, 7, 1, 6, 3, 5, 6, 5, 2, 5, 1, 1, 7, 5, 1, 3, 7, 2, 5, 1, 7, 1, 4, 5, 7, 5, 7, 5, 6, 7, 6, 4, 2, 4, 4, 5, 7, 3, 6, 7, 4, 1, 2, 3, 5, 6, 4, 4, 6, 2, 2, 4, 7, 3, 6, 3, 7, 1, 4, 3, 7, 3, 3, 2, 6, 6, 5, 7, 3, 1, 2, 7, 1, 7, 1, 6, 1, 4, 6, 5, 6, 1, 7, 7, 4, 6, 6, 1, 7, 1, 7, 2, 7, 2, 4, 5, 6, 5, 7, 3, 4, 5, 7, 1, 7, 6, 6, 3, 6, 6, 7, 4, 4, 2, 6, 7, 3, 5, 7, 4, 4, 1, 3, 5, 4, 1, 7, 6, 5, 4, 4, 7, 4, 5, 7, 2, 4, 7, 6, 6, 1, 7, 7, 2, 5, 7, 4, 7, 1, 6, 6, 7, 2, 3, 4, 1, 7, 4, 7, 7, 7, 6, 7, 5, 7, 7, 7, 7, 6, 4, 5, 6, 7, 2, 3, 7, 7, 7, 7, 7, 7, 7, 7, 5, 1, 5, 7, 6, 7, 7, 7, 7, 7, 7, 4, 6, 6, 3, 5, 7, 4, 3, 1, 7, 7, 4, 7, 7, 1, 5, 7, 6, 7, 6, 4, 6, 1, 7, 7, 6, 7, 2, 4, 7, 6, 6, 4, 3, 2, 7, 6, 7, 7, 6, 6, 3, 3, 2, 6, 6, 6, 7, 6, 7, 7, 7, 2, 6, 4, 6, 7, 6, 1, 7, 5, 3, 3, 6, 6, 1, 2, 1, 6, 7, 6, 7, 7, 7, 3, 5, 5, 1, 4, 6, 7, 7, 6, 7, 3, 1, 3, 7, 2, 2, 1, 6, 5, 7, 6, 2, 6, 4, 2, 7, 4, 4, 4, 6, 4, 3, 4, 5, 7, 2, 4, 4, 4, 3, 2, 4, 4, 2, 3, 3, 1, 1, 7, 6, 1, 7, 4, 6, 7, 3, 3, 7, 6, 2, 4, 5, 7, 7, 6, 1, 6, 7, 2, 3, 7, 4, 7, 7, 1, 7, 6, 5, 3, 1, 4, 7, 1, 1, 1, 4, 3, 7, 2, 7, 5, 6, 4, 7, 7, 2, 1, 3, 2, 7, 4, 5, 4, 2, 5, 7, 3, 7, 5, 1, 1, 5, 5, 5, 6, 2, 6, 7, 7, 2, 5, 4, 5, 1, 7, 3, 3, 2, 3, 2, 7, 6, 1, 6, 5, 6, 7, 3, 7, 6, 1, 1, 1, 7, 1, 7, 3, 1, 1, 6, 6, 5, 3, 5, 4, 7, 3, 2, 2, 6, 1, 7, 7, 1, 5, 2, 4, 2, 7, 7, 2, 6, 1, 6, 4, 6, 1, 4, 2, 5, 4, 6, 6, 6, 1, 6, 3, 5, 5, 1, 1, 3, 7, 6, 7, 7, 3, 6, 2, 4, 6, 4, 6, 3, 1, 3, 7, 6, 2, 7, 2, 3, 7, 3, 4, 2, 7, 7, 5, 5, 2, 3, 4, 5, 6, 5, 1, 7, 3, 7, 5, 7, 1, 2, 7, 6, 7, 2, 7, 2, 3, 1, 3, 7, 6, 2, 2, 1, 7, 4, 5, 7, 4, 7, 7, 7, 6, 5, 7, 5, 7, 7, 1, 6, 6, 6, 3, 5, 2, 6, 1, 6, 7, 6, 7, 7, 3, 1, 7, 3, 2, 7, 6, 6, 7, 7, 6, 4, 3, 5, 7, 7, 7, 6, 6, 7, 6, 7, 6, 7, 3, 3, 6, 7, 7, 7, 7, 7, 6, 5, 3, 4, 4, 6, 6, 1, 7, 7, 7, 7, 6, 7, 4, 3, 6, 6, 7, 6, 1, 1, 1, 7, 7, 5, 7, 5, 5, 1, 6, 5, 6, 6, 6, 4, 5, 2, 3, 2, 7, 7, 3, 6, 1, 7, 1, 6, 6, 6, 2, 6, 2, 1, 6, 7, 6, 1, 2, 2, 3, 6, 7, 6, 7, 7, 2, 6, 7, 4, 7, 6, 1, 6, 7, 6, 5, 2, 7, 7, 6, 1, 1, 2, 2, 6, 6, 7, 2, 3, 7, 6, 7, 2, 6, 6, 5, 6, 7, 1, 7, 3, 6, 6, 3, 1, 3, 3, 1, 1, 7, 6, 7, 1, 7, 6, 4, 4, 1, 6, 7, 6, 7, 7, 7, 6, 6, 7, 1, 1, 3, 3, 1, 7, 7, 7, 1, 6, 6, 2, 4, 4, 2, 7, 5, 6, 6, 4, 7, 6, 7, 7, 7, 5, 2, 7, 7, 7, 1, 6, 3, 1, 3, 7, 7, 6, 6, 7, 6, 3, 1, 4, 5, 7, 6, 7, 3, 7, 6, 6, 6, 7, 6, 7, 5, 4, 7, 2, 6, 6, 7, 7, 5, 1, 4, 1, 4, 6, 7, 7, 7, 7, 6, 4, 1, 6, 1, 7, 7, 1, 7, 7, 6, 4, 3, 6, 1, 7, 4, 7, 6, 6, 1, 2, 7, 1, 6, 4, 3, 6, 6]
9, 4, [3388.05, 41906.3331817184, 42759.1295455374, 30.531019811688], [1, 2, 3, 4, 5, 6, 7, 3, 3, 3, 3, 3, 3, 3, 3, 3, 3, 3, 3, 3, 3, 3, 3, 3, 3, 3, 3, 3, 3, 3, 3, 3, 3, 3, 3, 3, 3, 3, 3, 3, 3, 3, 3, 3, 3, 3, 3, 3, 3, 3, 3, 3, 3, 3, 3, 3, 3, 3, 3, 3, 3, 3, 3, 3, 3, 3, 3, 3, 3, 3, 3, 3, 3, 3, 3, 3, 3, 3, 4, 3, 3, 3, 3, 3, 3, 3, 6, 3, 3, 3, 3, 3, 3, 3, 3, 3, 3, 3, 3, 3, 3, 3, 3, 3, 3, 3, 3, 3, 3, 3, 6, 3, 3, 3, 3, 3, 3, 6, 7, 3, 3, 3, 3, 3, 3, 3, 6, 7, 3, 3, 3, 3, 6, 3, 3, 3, 3, 6, 7, 6, 3, 3, 3, 6, 6, 3, 3, 3, 3, 7, 3, 7, 3, 3, 3, 3, 3, 3, 6, 3, 3, 3, 3, 3, 3, 7, 7, 3, 3, 3, 3, 3, 3, 7, 6, 3, 3, 3, 3, 3, 3, 3, 3, 7, 3, 3, 3, 3, 3, 3, 3, 3, 3, 3, 3, 3, 3, 3, 3, 6, 6, 3, 3, 3, 3, 3, 3, 3, 3, 7, 6, 3, 3, 3, 3, 5, 3, 3, 3, 7, 3, 3, 3, 3, 3, 3, 3, 3, 3, 3, 3, 3, 3, 3, 3, 3, 3, 3, 3, 7, 3, 3, 3, 3, 3, 3, 3, 3, 3, 3, 3, 3, 3, 3, 3, 3, 3, 3, 3, 3, 3, 3, 3, 3, 3, 3, 3, 3, 3, 3, 3, 3, 3, 3, 3, 3, 7, 3, 3, 3, 3, 3, 3, 3, 3, 6, 3, 3, 3, 3, 3, 3, 3, 3, 2, 3, 3, 3, 3, 1, 3, 3, 3, 6, 3, 3, 3, 3, 3, 3, 3, 3, 3, 6, 3, 3, 3, 3, 3, 3, 3, 3, 3, 6, 3, 3, 3, 3, 3, 3, 3, 3, 3, 3, 3, 7, 3, 3, 3, 3, 3, 3, 3, 3, 3, 3, 3, 3, 3, 3, 3, 3, 3, 3, 3, 3, 3, 3, 3, 3, 3, 3, 3, 3, 3, 3, 3, 3, 6, 3, 3, 3, 3, 3, 3, 3, 3, 3, 3, 3, 3, 3, 6, 3, 3, 3, 6, 2, 3, 7, 5, 6, 4, 3, 6, 4, 2, 3, 4, 4, 2, 6, 2, 3, 4, 2, 7, 1, 3, 2, 2, 7, 3, 6, 6, 6, 4, 3, 7, 7, 7, 3, 7, 2, 7, 3, 7, 4, 1, 6, 6, 1, 6, 4, 5, 4, 7, 1, 6, 2, 5, 6, 3, 6, 3, 4, 7, 5, 4, 1, 6, 7, 2, 7, 6, 6, 4, 4, 4, 5, 6, 5, 7, 4, 7, 5, 4, 5, 2, 4, 2, 2, 3, 7, 7, 4, 1, 2, 3, 5, 6, 4, 4, 6, 2, 2, 4, 7, 3, 6, 3, 7, 1, 4, 3, 7, 3, 3, 2, 6, 6, 5, 7, 3, 1, 2, 7, 1, 7, 1, 6, 1, 4, 6, 5, 6, 1, 7, 7, 4, 6, 6, 1, 7, 1, 7, 2, 7, 2, 4, 5, 6, 5, 7, 3, 4, 5, 7, 1, 7, 6, 6, 3, 6, 6, 7, 4, 4, 2, 6, 7, 3, 5, 7, 4, 4, 1, 3, 5, 4, 1, 7, 6, 5, 4, 4, 7, 4, 5, 7, 2, 4, 7, 6, 6, 1, 7, 7, 2, 5, 7, 4, 7, 1, 6, 6, 7, 2, 3, 4, 1, 7, 4, 7, 7, 7, 6, 7, 5, 7, 7, 7, 7, 6, 4, 5, 6, 7, 2, 3, 7, 7, 7, 7, 7, 7, 7, 7, 5, 1, 4, 7, 6, 7, 7, 7, 7, 7, 7, 4, 6, 6, 3, 5, 7, 4, 3, 1, 7, 7, 4, 7, 7, 1, 5, 7, 6, 7, 6, 4, 6, 1, 7, 7, 6, 7, 2, 4, 7, 6, 6, 4, 3, 6, 7, 6, 7, 2, 6, 6, 3, 3, 2, 6, 6, 6, 7, 2, 7, 7, 7, 2, 6, 4, 6, 7, 6, 1, 7, 5, 3, 3, 6, 6, 1, 2, 1, 6, 7, 6, 7, 7, 7, 3, 5, 5, 1, 4, 6, 7, 7, 6, 7, 3, 1, 3, 7, 2, 2, 1, 6, 5, 7, 6, 2, 6, 4, 2, 7, 4, 4, 4, 6, 4, 3, 4, 5, 7, 3, 4, 4, 4, 3, 2, 4, 4, 2, 3, 3, 1, 1, 7, 6, 1, 7, 4, 6, 7, 3, 3, 7, 6, 2, 4, 5, 7, 7, 6, 1, 6, 7, 2, 3, 7, 4, 7, 7, 1, 7, 6, 5, 3, 1, 4, 7, 1, 1, 1, 4, 3, 7, 2, 7, 5, 6, 4, 7, 7, 2, 1, 3, 2, 2, 4, 5, 4, 2, 5, 7, 3, 7, 5, 1, 1, 5, 5, 5, 6, 2, 6, 7, 7, 2, 5, 4, 5, 1, 7, 3, 3, 2, 3, 2, 7, 6, 1, 6, 5, 6, 7, 3, 7, 6, 1, 1, 1, 7, 1, 7, 3, 1, 1, 6, 6, 5, 3, 5, 4, 7, 3, 2, 2, 6, 1, 7, 7, 1, 5, 2, 4, 2, 7, 7, 2, 6, 1, 6, 4, 6, 1, 4, 2, 5, 4, 6, 6, 6, 1, 6, 3, 5, 5, 1, 1, 3, 7, 6, 7, 7, 3, 6, 2, 4, 6, 4, 6, 3, 1, 3, 7, 6, 2, 7, 2, 3, 7, 3, 4, 2, 7, 7, 5, 5, 2, 3, 4, 5, 6, 5, 1, 7, 3, 7, 5, 7, 1, 2, 7, 6, 7, 2, 7, 2, 3, 1, 3, 7, 6, 2, 2, 1, 7, 4, 5, 7, 4, 7, 7, 7, 6, 5, 7, 5, 7, 7, 1, 6, 6, 6, 3, 5, 2, 6, 1, 6, 7, 6, 7, 7, 3, 1, 7, 3, 2, 7, 6, 6, 7, 7, 6, 4, 3, 5, 7, 7, 7, 6, 6, 7, 6, 7, 6, 7, 3, 3, 6, 7, 7, 7, 7, 7, 6, 5, 3, 4, 4, 6, 6, 1, 7, 7, 7, 6, 6, 7, 4, 3, 6, 6, 7, 6, 1, 1, 1, 7, 7, 5, 7, 5, 5, 1, 6, 5, 6, 6, 6, 4, 5, 2, 3, 2, 7, 7, 3, 6, 1, 7, 1, 6, 6, 6, 4, 6, 2, 1, 6, 7, 6, 1, 2, 2, 3, 6, 7, 6, 7, 7, 2, 6, 7, 4, 7, 6, 1, 6, 7, 6, 7, 2, 7, 7, 6, 1, 7, 2, 2, 6, 6, 7, 2, 3, 7, 6, 7, 2, 6, 6, 5, 6, 6, 1, 7, 3, 6, 6, 3, 1, 3, 3, 1, 1, 6, 6, 7, 1, 7, 6, 4, 4, 1, 6, 7, 6, 7, 7, 7, 6, 6, 7, 1, 1, 3, 3, 1, 7, 7, 7, 1, 6, 6, 2, 4, 4, 2, 7, 5, 6, 6, 4, 7, 6, 7, 7, 7, 5, 2, 7, 7, 7, 1, 6, 3, 1, 3, 7, 4, 6, 6, 7, 6, 3, 1, 4, 5, 7, 6, 7, 3, 7, 6, 6, 6, 7, 6, 7, 5, 4, 7, 2, 6, 6, 7, 7, 5, 1, 4, 1, 4, 6, 7, 7, 7, 6, 6, 4, 1, 7, 1, 7, 7, 1, 7, 7, 6, 4, 3, 6, 1, 7, 4, 7, 6, 6, 1, 2, 7, 1, 6, 4, 3, 6, 6]
10, 0, [853.166666666667, 54786.2564458678, 43736.4846080899, 24.087818867946], [1, 2, 3, 4, 5, 6, 7, 3, 3, 3, 3, 3, 3, 3, 3, 3, 3, 3, 3, 3, 3, 3, 3, 3, 3, 3, 3, 3, 3, 3, 3, 3, 3, 3, 3, 3, 3, 3, 3, 3, 3, 3, 3, 3, 3, 3, 3, 3, 3, 3, 3, 3, 3, 3, 3, 3, 3, 3, 3, 3, 3, 3, 3, 3, 3, 3, 3, 3, 3, 3, 3, 3, 3, 3, 3, 3, 3, 3, 3, 3, 3, 3, 3, 3, 3, 3, 3, 3, 3, 3, 3, 3, 3, 3, 3, 3, 3, 3, 3, 3, 3, 3, 3, 3, 3, 3, 3, 3, 3, 3, 6, 3, 3, 3, 3, 3, 3, 6, 6, 3, 3, 3, 3, 3, 3, 3, 6, 7, 3, 3, 3, 3, 6, 3, 3, 3, 3, 6, 7, 6, 3, 3, 3, 6, 6, 3, 3, 3, 3, 7, 3, 7, 3, 3, 3, 3, 3, 3, 6, 3, 3, 3, 3, 3, 3, 7, 7, 3, 3, 3, 3, 3, 3, 7, 6, 3, 3, 3, 3, 3, 3, 3, 3, 7, 3, 3, 3, 3, 3, 3, 3, 3, 3, 3, 3, 3, 3, 3, 3, 6, 6, 3, 3, 3, 3, 3, 3, 3, 3, 7, 6, 3, 3, 3, 3, 3, 3, 3, 3, 7, 3, 3, 3, 3, 3, 3, 3, 3, 3, 3, 3, 3, 3, 3, 3, 3, 3, 3, 3, 7, 3, 3, 3, 3, 3, 3, 3, 3, 3, 3, 3, 3, 3, 3, 3, 3, 3, 3, 3, 3, 3, 3, 3, 3, 3, 3, 3, 3, 3, 3, 3, 3, 3, 3, 3, 3, 7, 3, 3, 3, 3, 3, 3, 3, 3, 6, 3, 3, 3, 3, 3, 3, 3, 3, 3, 3, 3, 3, 3, 3, 3, 3, 3, 6, 3, 3, 3, 3, 3, 3, 3, 3, 3, 6, 3, 3, 3, 3, 3, 3, 3, 3, 3, 6, 3, 3, 3, 3, 3, 3, 3, 3, 3, 3, 3, 7, 3, 3, 3, 3, 3, 3, 3, 3, 3, 3, 3, 3, 3, 3, 3, 3, 3, 3, 3, 3, 3, 3, 3, 3, 3, 3, 3, 3, 3, 3, 3, 3, 6, 3, 3, 3, 3, 3, 3, 3, 3, 3, 3, 3, 3, 3, 6, 3, 3, 3, 3, 3, 3, 3, 3, 3, 3, 3, 6, 3, 3, 3, 3, 3, 3, 3, 3, 3, 3, 3, 6, 3, 3, 3, 3, 3, 3, 3, 3, 3, 3, 3, 3, 7, 3, 3, 7, 3, 3, 3, 3, 3, 3, 3, 3, 3, 3, 3, 3, 3, 7, 3, 3, 3, 3, 3, 3, 3, 3, 3, 3, 3, 3, 3, 3, 3, 3, 3, 3, 3, 3, 3, 3, 3, 3, 3, 3, 3, 7, 3, 3, 3, 3, 3, 3, 3, 3, 3, 3, 3, 3, 3, 3, 3, 3, 3, 3, 3, 3, 3, 3, 3, 3, 3, 3, 3, 3, 3, 3, 7, 3, 3, 3, 3, 3, 3, 3, 3, 3, 3, 7, 3, 3, 3, 6, 3, 3, 3, 3, 3, 3, 7, 3, 3, 3, 6, 3, 3, 3, 3, 3, 3, 3, 3, 3, 6, 3, 3, 3, 3, 3, 3, 3, 6, 6, 3, 3, 3, 3, 3, 3, 3, 3, 3, 6, 3, 3, 6, 3, 3, 3, 3, 3, 3, 3, 6, 6, 3, 3, 3, 3, 3, 3, 3, 3, 3, 7, 6, 6, 3, 6, 3, 3, 3, 7, 3, 3, 3, 6, 6, 6, 3, 3, 3, 3, 7, 3, 7, 3, 6, 3, 3, 3, 6, 7, 7, 7, 6, 3, 3, 6, 6, 3, 3, 7, 7, 7, 7, 7, 7, 6, 6, 3, 3, 3, 3, 6, 7, 7, 3, 7, 7, 7, 3, 6, 6, 3, 3, 6, 3, 3, 3, 7, 3, 3, 7, 7, 3, 3, 6, 6, 6, 6, 3, 3, 3, 7, 7, 6, 7, 3, 3, 3, 6, 6, 3, 3, 3, 7, 3, 6, 3, 3, 3, 3, 3, 3, 6, 6, 6, 7, 3, 7, 7, 7, 3, 3, 3, 6, 6, 6, 3, 7, 3, 3, 3, 3, 3, 3, 3, 3, 6, 6, 6, 7, 3, 3, 3, 3, 3, 3, 3, 3, 6, 6, 6, 7, 3, 3, 3, 3, 3, 3, 3, 3, 3, 6, 6, 3, 3, 3, 3, 6, 3, 3, 3, 3, 3, 3, 3, 3, 3, 3, 3, 3, 3, 3, 3, 3, 3, 3, 3, 3, 3, 3, 3, 3, 3, 3, 3, 3, 7, 3, 3, 3, 3, 3, 3, 3, 7, 7, 3, 3, 3, 3, 3, 3, 3, 3, 7, 7, 3, 3, 6, 3, 3, 3, 3, 3, 3, 3, 3, 3, 3, 7, 3, 3, 3, 3, 3, 7, 7, 3, 3, 3, 3, 3, 3, 3, 3, 3, 3, 7, 3, 3, 3, 3, 3, 3, 3, 3, 3, 3, 3, 3, 3, 3, 3, 3, 3, 3, 3, 3, 3, 3, 3, 3, 3, 3, 3, 3, 3, 3, 3, 3, 6, 6, 3, 3, 3, 3, 3, 3, 3, 3, 3, 6, 6, 3, 3, 3, 3, 3, 3, 3, 3, 6, 3, 3, 3, 3, 3, 3, 3, 3, 3, 3, 3, 6, 3, 3, 3, 3, 3, 3, 3, 3, 3, 6, 6, 3, 3, 3, 3, 3, 3, 3, 3, 3, 6, 6, 3, 3, 3, 3, 3, 3, 3, 3, 6, 3, 3, 3, 3, 3, 3, 7, 3, 3, 6, 3, 3, 3, 3, 3, 3, 3, 3, 3, 3, 3, 3, 3, 3, 3, 3, 3, 3, 6, 3, 3, 3, 3, 3, 3, 3, 3, 3, 3, 3, 3, 6, 3, 3, 3, 7, 3, 3, 6, 3, 3, 3, 3, 3, 3, 3, 3, 6, 6, 3, 6, 6, 3, 3, 3, 3, 3, 3, 6, 6, 6, 6, 6, 3, 3, 3, 3, 3, 6, 6, 6, 6, 6, 6, 3, 3, 3, 3, 3, 6, 6, 6, 6, 6, 6, 6, 3, 3, 3, 6, 6, 7, 6, 6, 6, 6, 3, 3, 3, 3, 6, 6, 3, 6, 6, 6, 6, 6, 6, 3, 3, 6, 6, 6, 3, 3, 3, 3, 6, 6, 3, 3, 3, 3, 3, 6, 3, 3, 6, 6, 3, 3, 3, 3, 3, 6, 6, 3, 3, 3, 6, 3, 3, 3, 3, 3, 6, 3, 3, 3, 6, 3, 3, 3, 3, 3, 6, 6, 6, 3, 7, 3, 6, 6, 3, 3, 3, 3, 3, 6, 3, 3, 3, 6, 6, 6, 3, 3, 3, 3, 6, 6, 6, 3, 3, 6, 6, 6, 3, 3, 3, 3, 6, 6, 3, 3, 3, 6, 6, 3, 3, 3, 3, 3, 3, 6, 6, 3, 3, 6, 6, 3, 3, 3, 3, 3, 3, 6, 6, 7, 6, 6, 6, 3, 3, 3, 3, 3, 6, 6, 7, 3, 6, 6, 3, 3, 3, 3, 7, 3, 6, 6, 3, 6, 6, 6, 3, 7, 3, 3, 6, 6, 6, 3, 6, 3, 3, 3, 3, 3, 6, 6, 6, 6, 3, 3, 3, 3, 3, 3, 7, 3, 6, 6, 6, 6, 3, 3, 3, 3, 3, 3, 3, 6, 6, 6, 6, 3, 3, 3, 3, 3, 3, 7, 3, 6, 6, 6, 3, 3, 3, 3, 3, 7, 3, 7, 6, 6, 3, 3, 3, 3, 3, 3, 7, 6, 3, 3, 3, 7, 3, 3, 3, 3, 3, 3]
10, 1, [4494.46666666667, 33850.6082030016, 42341.675563215, 32.1157356092836], [3, 5, 3, 4, 5, 6, 7, 5, 1, 7, 5, 7, 3, 4, 7, 6, 2, 1, 1, 4, 3, 4, 1, 2, 1, 1, 6, 1, 7, 5, 1, 4, 5, 5, 7, 2, 1, 7, 7, 5, 3, 1, 6, 6, 1, 4, 7, 4, 2, 1, 3, 4, 7, 1, 7, 5, 4, 5, 3, 2, 6, 6, 2, 2, 6, 1, 5, 4, 2, 3, 3, 6, 4, 7, 4, 6, 3, 7, 6, 5, 1, 7, 4, 7, 2, 3, 5, 5, 7, 5, 7, 6, 6, 1, 2, 4, 2, 1, 5, 1, 5, 2, 7, 7, 4, 2, 1, 1, 7, 1, 7, 1, 7, 1, 3, 2, 6, 7, 7, 3, 2, 5, 5, 1, 6, 4, 6, 7, 6, 7, 2, 5, 7, 5, 3, 6, 3, 7, 7, 6, 3, 5, 6, 6, 6, 1, 5, 6, 5, 7, 7, 7, 4, 1, 5, 5, 1, 1, 7, 7, 1, 3, 1, 3, 2, 7, 7, 4, 4, 5, 4, 7, 3, 7, 6, 6, 6, 3, 5, 2, 5, 7, 3, 7, 7, 6, 7, 6, 3, 6, 6, 7, 6, 4, 3, 5, 5, 6, 7, 6, 7, 1, 3, 4, 4, 7, 1, 2, 6, 7, 7, 2, 5, 2, 1, 4, 7, 6, 7, 7, 3, 3, 3, 1, 6, 1, 7, 7, 6, 1, 2, 6, 3, 2, 6, 3, 2, 7, 6, 7, 2, 6, 6, 6, 5, 4, 3, 2, 7, 2, 6, 1, 2, 5, 6, 5, 7, 6, 6, 5, 1, 2, 1, 1, 4, 5, 2, 2, 7, 5, 1, 2, 6, 5, 5, 5, 7, 7, 6, 6, 2, 7, 6, 5, 3, 7, 6, 2, 6, 1, 7, 5, 2, 7, 1, 2, 5, 6, 2, 5, 5, 7, 6, 6, 4, 2, 5, 2, 5, 2, 3, 2, 7, 7, 5, 1, 2, 3, 4, 4, 5, 5, 7, 6, 1, 7, 3, 7, 7, 5, 1, 1, 1, 3, 5, 7, 2, 4, 2, 6, 4, 4, 1, 7, 4, 7, 7, 3, 7, 6, 6, 4, 6, 3, 7, 4, 2, 3, 2, 6, 3, 2, 4, 5, 4, 2, 7, 5, 7, 1, 4, 6, 2, 2, 6, 7, 6, 2, 5, 4, 1, 5, 7, 3, 5, 6, 4, 6, 1, 2, 2, 2, 5, 7, 7, 7, 2, 1, 1, 6, 7, 7, 7, 2, 6, 4, 6, 1, 4, 3, 7, 3, 6, 7, 3, 4, 1, 1, 6, 7, 7, 6, 7, 4, 6, 7, 1, 3, 1, 6, 2, 4, 3, 1, 6, 4, 7, 1, 6, 3, 5, 6, 5, 2, 5, 1, 1, 7, 5, 1, 3, 7, 2, 5, 1, 7, 1, 4, 5, 7, 5, 7, 5, 6, 7, 6, 4, 2, 4, 4, 5, 7, 3, 6, 7, 4, 1, 2, 3, 5, 6, 4, 4, 6, 2, 2, 4, 7, 3, 6, 3, 7, 1, 4, 3, 7, 3, 3, 2, 6, 6, 5, 7, 3, 1, 2, 7, 1, 7, 1, 6, 1, 4, 6, 5, 6, 1, 7, 7, 4, 6, 6, 1, 7, 1, 7, 2, 7, 2, 4, 5, 6, 5, 7, 3, 4, 5, 7, 1, 7, 6, 6, 3, 6, 6, 7, 4, 4, 2, 6, 7, 3, 5, 7, 4, 4, 1, 3, 5, 4, 1, 6, 6, 5, 4, 4, 7, 4, 5, 7, 2, 4, 7, 6, 6, 1, 7, 7, 2, 5, 7, 4, 7, 1, 6, 6, 7, 2, 3, 4, 1, 7, 4, 7, 7, 7, 6, 7, 5, 7, 7, 7, 7, 6, 4, 5, 6, 7, 2, 3, 7, 7, 7, 7, 7, 7, 7, 7, 5, 1, 5, 7, 6, 7, 7, 7, 7, 7, 7, 4, 6, 6, 3, 5, 7, 4, 3, 1, 7, 7, 4, 7, 7, 1, 5, 7, 6, 7, 6, 4, 6, 1, 7, 7, 6, 7, 2, 4, 7, 6, 6, 4, 3, 2, 7, 6, 7, 7, 6, 6, 3, 3, 2, 6, 6, 6, 7, 6, 7, 7, 7, 2, 6, 4, 6, 7, 6, 1, 7, 5, 3, 3, 6, 6, 1, 2, 1, 6, 7, 6, 7, 7, 7, 3, 5, 5, 1, 4, 6, 7, 7, 6, 7, 3, 1, 3, 7, 2, 2, 1, 6, 5, 7, 6, 2, 6, 4, 2, 7, 4, 4, 4, 6, 4, 3, 4, 5, 7, 2, 4, 4, 4, 3, 2, 4, 4, 2, 3, 3, 1, 1, 7, 6, 1, 7, 4, 6, 7, 3, 3, 7, 6, 2, 4, 5, 7, 7, 6, 1, 6, 7, 2, 3, 7, 4, 7, 7, 1, 7, 6, 5, 3, 1, 4, 7, 1, 1, 1, 4, 3, 7, 2, 7, 5, 6, 4, 7, 7, 2, 1, 3, 2, 7, 4, 5, 4, 2, 5, 7, 3, 7, 5, 1, 1, 5, 5, 5, 6, 2, 6, 7, 7, 2, 5, 4, 5, 1, 7, 3, 3, 2, 3, 2, 7, 6, 1, 6, 5, 6, 7, 3, 7, 6, 1, 1, 1, 7, 1, 2, 3, 1, 1, 6, 6, 5, 3, 5, 4, 7, 3, 2, 2, 6, 1, 7, 7, 1, 5, 2, 4, 2, 7, 7, 2, 6, 1, 6, 4, 6, 1, 4, 2, 5, 4, 6, 6, 6, 1, 6, 3, 5, 5, 1, 1, 3, 7, 6, 7, 7, 3, 6, 2, 4, 6, 4, 6, 3, 1, 3, 7, 6, 2, 7, 2, 3, 7, 3, 4, 2, 7, 7, 5, 5, 2, 3, 4, 5, 6, 5, 1, 7, 3, 7, 5, 7, 1, 2, 7, 6, 7, 2, 7, 2, 3, 1, 3, 7, 6, 6, 2, 1, 7, 4, 5, 7, 4, 7, 7, 7, 6, 5, 7, 5, 7, 7, 1, 6, 6, 6, 3, 5, 2, 6, 1, 6, 7, 6, 7, 7, 3, 1, 7, 3, 2, 7, 6, 6, 7, 7, 6, 4, 3, 5, 7, 7, 7, 6, 6, 7, 6, 7, 6, 7, 3, 3, 6, 7, 7, 7, 7, 7, 6, 5, 3, 4, 4, 6, 6, 1, 7, 7, 7, 7, 6, 7, 4, 3, 6, 6, 7, 6, 1, 1, 1, 7, 7, 5, 7, 5, 5, 1, 6, 5, 6, 6, 6, 4, 5, 2, 3, 2, 7, 7, 3, 6, 1, 7, 1, 6, 6, 6, 2, 6, 2, 1, 6, 7, 6, 1, 2, 2, 3, 6, 7, 6, 7, 7, 2, 6, 7, 4, 7, 6, 1, 6, 7, 6, 7, 2, 7, 7, 6, 1, 7, 2, 2, 6, 6, 7, 2, 3, 7, 6, 7, 2, 6, 6, 5, 6, 6, 1, 7, 3, 6, 6, 3, 1, 3, 3, 1, 1, 7, 6, 7, 1, 7, 6, 4, 4, 1, 6, 7, 6, 7, 7, 7, 6, 6, 7, 1, 1, 3, 3, 1, 7, 7, 7, 1, 6, 6, 2, 4, 4, 2, 7, 5, 6, 6, 4, 7, 6, 7, 7, 7, 5, 2, 7, 7, 7, 1, 6, 3, 1, 3, 7, 7, 6, 6, 7, 6, 3, 1, 4, 5, 7, 6, 7, 3, 7, 6, 6, 6, 7, 6, 4, 5, 4, 7, 2, 6, 6, 7, 7, 5, 1, 4, 1, 4, 6, 7, 7, 7, 7, 6, 4, 1, 6, 1, 7, 7, 1, 7, 7, 6, 4, 3, 6, 1, 7, 4, 7, 6, 6, 1, 2, 7, 1, 6, 5, 3, 6, 6]
10, 2, [883.833333333333, 54596.7414168965, 43738.1245653548, 24.1469353245566], [1, 2, 3, 4, 5, 6, 7, 3, 3, 3, 3, 3, 3, 3, 3, 3, 3, 3, 3, 3, 3, 3, 3, 3, 3, 3, 3, 3, 3, 3, 3, 3, 3, 3, 3, 3, 3, 3, 3, 3, 3, 3, 3, 3, 3, 4, 3, 3, 3, 3, 3, 3, 3, 3, 3, 3, 3, 3, 3, 3, 3, 3, 3, 3, 3, 3, 3, 3, 3, 3, 3, 3, 3, 3, 3, 3, 3, 3, 3, 3, 3, 3, 3, 3, 3, 3, 3, 3, 3, 3, 3, 3, 3, 3, 3, 3, 3, 3, 3, 3, 3, 3, 3, 3, 3, 3, 3, 3, 3, 3, 6, 3, 3, 3, 3, 3, 3, 6, 6, 3, 3, 3, 3, 3, 3, 3, 6, 7, 3, 3, 3, 3, 6, 3, 3, 3, 3, 6, 7, 6, 3, 3, 3, 6, 6, 3, 3, 3, 3, 7, 3, 7, 3, 3, 3, 3, 3, 3, 6, 3, 3, 3, 3, 3, 3, 7, 7, 3, 3, 3, 3, 3, 3, 7, 6, 3, 3, 3, 3, 3, 3, 3, 3, 7, 3, 3, 3, 3, 3, 3, 3, 3, 3, 3, 3, 3, 3, 3, 3, 6, 6, 3, 3, 3, 3, 3, 3, 3, 3, 7, 6, 3, 3, 3, 3, 3, 3, 3, 3, 7, 3, 3, 3, 3, 3, 3, 3, 3, 3, 3, 3, 3, 3, 3, 3, 3, 3, 3, 3, 7, 3, 3, 3, 3, 3, 3, 3, 3, 3, 3, 3, 3, 3, 3, 3, 3, 3, 3, 3, 3, 3, 3, 3, 3, 3, 3, 3, 3, 3, 3, 3, 3, 3, 3, 3, 3, 7, 3, 3, 3, 3, 3, 3, 3, 3, 6, 3, 3, 3, 3, 1, 3, 3, 3, 3, 3, 3, 3, 3, 3, 3, 3, 3, 6, 3, 3, 3, 3, 3, 3, 3, 3, 3, 6, 3, 3, 3, 3, 2, 3, 3, 3, 3, 6, 3, 3, 3, 3, 3, 3, 3, 3, 3, 3, 3, 7, 3, 6, 3, 3, 3, 3, 3, 3, 3, 3, 3, 3, 3, 3, 3, 3, 3, 3, 3, 3, 3, 3, 3, 3, 3, 3, 3, 3, 3, 3, 3, 3, 6, 3, 3, 3, 3, 3, 3, 3, 3, 3, 3, 3, 3, 3, 6, 3, 3, 3, 3, 3, 3, 3, 3, 3, 3, 3, 6, 3, 3, 3, 3, 3, 3, 3, 3, 3, 3, 3, 6, 3, 3, 3, 3, 3, 3, 3, 3, 3, 3, 3, 3, 7, 3, 3, 7, 3, 3, 3, 3, 3, 3, 3, 3, 3, 3, 3, 3, 3, 7, 3, 3, 3, 3, 3, 3, 3, 3, 3, 3, 3, 3, 3, 3, 3, 3, 3, 3, 1, 3, 3, 3, 3, 3, 3, 3, 3, 7, 3, 3, 3, 3, 3, 3, 3, 3, 3, 3, 3, 3, 3, 3, 3, 3, 3, 3, 3, 3, 3, 3, 3, 3, 3, 3, 3, 3, 3, 3, 7, 3, 3, 3, 3, 2, 3, 3, 3, 3, 3, 7, 3, 3, 3, 6, 3, 3, 3, 3, 3, 3, 7, 3, 3, 3, 6, 3, 3, 3, 3, 3, 3, 3, 3, 3, 6, 3, 3, 3, 3, 3, 3, 3, 6, 6, 3, 3, 3, 3, 3, 3, 3, 3, 3, 6, 3, 3, 6, 3, 3, 3, 3, 3, 3, 3, 6, 6, 3, 3, 3, 3, 3, 3, 3, 3, 3, 7, 6, 6, 3, 6, 3, 3, 3, 7, 3, 3, 3, 6, 6, 6, 3, 3, 3, 3, 7, 3, 7, 3, 6, 3, 3, 3, 6, 7, 7, 7, 6, 3, 3, 6, 6, 3, 3, 7, 7, 7, 7, 7, 7, 6, 6, 3, 3, 3, 3, 6, 7, 7, 3, 7, 7, 7, 3, 6, 6, 3, 3, 6, 3, 3, 3, 7, 3, 3, 7, 7, 3, 3, 6, 6, 6, 6, 3, 3, 3, 7, 7, 6, 7, 3, 3, 3, 6, 6, 3, 3, 3, 7, 3, 6, 3, 3, 3, 3, 3, 3, 6, 6, 6, 7, 3, 7, 7, 7, 3, 3, 3, 6, 6, 6, 3, 7, 3, 3, 3, 3, 3, 3, 3, 3, 6, 6, 6, 7, 3, 3, 3, 3, 3, 3, 3, 3, 6, 6, 6, 7, 3, 3, 3, 3, 3, 3, 3, 3, 3, 6, 6, 3, 3, 3, 3, 6, 3, 3, 3, 3, 3, 3, 3, 3, 3, 3, 3, 3, 3, 3, 3, 3, 3, 3, 3, 3, 3, 3, 3, 3, 3, 3, 3, 3, 7, 3, 3, 3, 3, 3, 3, 3, 7, 7, 3, 3, 3, 3, 3, 3, 3, 3, 7, 7, 3, 3, 6, 3, 3, 3, 3, 3, 3, 3, 3, 3, 3, 7, 3, 3, 3, 3, 3, 7, 7, 3, 3, 3, 3, 3, 3, 3, 3, 3, 3, 7, 3, 3, 3, 3, 3, 3, 3, 3, 3, 3, 3, 3, 3, 3, 3, 3, 3, 3, 3, 3, 3, 3, 3, 3, 3, 3, 3, 3, 3, 3, 3, 3, 6, 6, 3, 3, 3, 3, 3, 3, 3, 3, 3, 6, 6, 3, 3, 3, 3, 3, 3, 3, 3, 6, 3, 3, 3, 3, 3, 3, 3, 3, 3, 3, 3, 6, 3, 3, 3, 3, 3, 3, 3, 3, 3, 6, 6, 3, 3, 3, 3, 3, 3, 3, 3, 3, 6, 6, 3, 3, 3, 3, 3, 3, 3, 3, 6, 3, 3, 3, 3, 3, 3, 7, 3, 3, 6, 3, 3, 3, 3, 3, 3, 3, 3, 3, 3, 3, 3, 3, 3, 3, 3, 3, 3, 6, 3, 3, 3, 3, 3, 3, 3, 3, 3, 3, 3, 3, 6, 3, 3, 3, 7, 3, 3, 6, 3, 3, 3, 3, 3, 3, 3, 3, 6, 6, 3, 6, 6, 3, 3, 3, 3, 3, 3, 6, 6, 6, 6, 6, 3, 3, 3, 3, 3, 6, 6, 6, 6, 6, 6, 3, 3, 3, 3, 3, 6, 6, 6, 6, 6, 6, 6, 3, 3, 3, 6, 6, 7, 6, 6, 6, 6, 3, 3, 3, 3, 6, 6, 3, 6, 6, 6, 6, 6, 6, 3, 3, 6, 6, 6, 3, 3, 3, 3, 6, 6, 3, 3, 3, 3, 3, 6, 3, 3, 6, 6, 3, 3, 3, 3, 3, 6, 6, 3, 3, 3, 6, 3, 3, 3, 3, 3, 7, 3, 3, 3, 6, 3, 3, 3, 3, 3, 6, 6, 6, 3, 7, 3, 6, 6, 3, 3, 3, 3, 3, 6, 3, 3, 3, 6, 6, 6, 3, 3, 3, 3, 6, 6, 6, 3, 3, 6, 6, 6, 3, 3, 3, 3, 6, 6, 3, 3, 3, 6, 6, 3, 3, 3, 1, 3, 3, 6, 6, 3, 3, 6, 6, 3, 3, 3, 3, 3, 3, 6, 6, 7, 6, 6, 6, 3, 3, 3, 3, 3, 6, 6, 7, 3, 6, 6, 3, 3, 3, 3, 7, 3, 6, 6, 3, 6, 6, 6, 3, 7, 3, 3, 6, 6, 6, 3, 6, 3, 3, 3, 3, 3, 6, 6, 6, 6, 3, 3, 3, 3, 3, 3, 7, 3, 6, 6, 6, 6, 3, 3, 3, 3, 3, 3, 3, 6, 6, 6, 6, 3, 3, 3, 3, 3, 3, 7, 3, 6, 6, 6, 3, 3, 3, 3, 3, 7, 3, 7, 6, 6, 3, 3, 3, 3, 3, 3, 7, 6, 3, 3, 3, 7, 3, 3, 3, 3, 3, 3]
10, 3, [4427.31666666667, 34333.336964792, 42307.8148320385, 32.2254338149876], [1, 3, 5, 2, 6, 7, 7, 7, 4, 1, 4, 7, 2, 1, 6, 5, 4, 2, 5, 2, 7, 4, 5, 2, 3, 3, 2, 3, 7, 1, 2, 2, 3, 1, 3, 6, 1, 6, 4, 3, 6, 7, 7, 2, 7, 5, 2, 6, 6, 2, 1, 5, 2, 4, 1, 2, 7, 3, 3, 1, 3, 7, 1, 7, 2, 6, 6, 5, 5, 3, 4, 1, 1, 2, 2, 4, 6, 4, 3, 4, 1, 1, 7, 3, 5, 6, 4, 6, 7, 2, 6, 3, 7, 7, 1, 4, 5, 6, 1, 3, 5, 7, 3, 1, 3, 7, 4, 2, 6, 3, 7, 7, 5, 2, 2, 5, 2, 7, 6, 5, 7, 3, 2, 4, 7, 3, 6, 7, 7, 1, 5, 3, 7, 4, 3, 4, 1, 6, 7, 7, 7, 7, 6, 6, 7, 4, 5, 4, 1, 7, 3, 7, 5, 7, 4, 5, 1, 5, 7, 5, 4, 4, 3, 3, 1, 7, 7, 3, 2, 1, 5, 1, 5, 7, 7, 7, 5, 4, 7, 7, 4, 5, 3, 7, 5, 4, 2, 7, 4, 5, 7, 5, 4, 7, 1, 3, 7, 2, 5, 7, 7, 7, 6, 3, 4, 7, 2, 6, 6, 7, 7, 2, 5, 2, 1, 4, 7, 6, 7, 7, 3, 3, 3, 1, 6, 1, 7, 7, 6, 1, 2, 6, 3, 2, 6, 3, 2, 7, 6, 7, 2, 6, 6, 6, 5, 4, 3, 2, 7, 2, 6, 1, 2, 5, 6, 5, 7, 6, 6, 5, 1, 2, 1, 1, 4, 5, 2, 7, 7, 5, 1, 2, 6, 5, 5, 5, 7, 7, 6, 6, 2, 7, 6, 5, 3, 7, 6, 2, 6, 1, 7, 5, 2, 7, 1, 2, 5, 6, 2, 5, 5, 7, 6, 6, 4, 2, 5, 2, 5, 2, 3, 2, 7, 7, 5, 1, 2, 3, 4, 4, 5, 5, 7, 6, 1, 7, 3, 7, 7, 5, 2, 1, 1, 3, 5, 7, 2, 4, 2, 6, 4, 4, 1, 7, 4, 7, 7, 3, 7, 6, 6, 4, 6, 3, 7, 4, 2, 3, 2, 6, 3, 2, 4, 5, 4, 2, 7, 5, 7, 1, 4, 6, 2, 2, 6, 7, 6, 2, 5, 4, 1, 5, 6, 3, 5, 6, 4, 6, 1, 2, 2, 2, 5, 7, 7, 7, 2, 1, 1, 6, 7, 7, 7, 2, 6, 4, 6, 1, 4, 3, 7, 3, 6, 6, 3, 4, 1, 1, 6, 7, 7, 6, 7, 4, 6, 7, 1, 3, 1, 6, 2, 4, 3, 1, 6, 4, 7, 1, 6, 3, 5, 6, 5, 2, 5, 1, 1, 7, 5, 1, 3, 7, 2, 5, 1, 7, 1, 4, 5, 7, 5, 7, 5, 6, 7, 6, 4, 2, 4, 4, 5, 7, 3, 6, 7, 4, 1, 2, 3, 5, 6, 4, 4, 6, 2, 2, 4, 7, 3, 6, 3, 7, 1, 4, 3, 7, 3, 3, 2, 6, 6, 5, 7, 3, 1, 2, 7, 1, 7, 1, 6, 1, 4, 6, 5, 6, 1, 7, 7, 4, 6, 6, 1, 7, 1, 7, 2, 7, 2, 4, 5, 6, 5, 7, 3, 4, 5, 7, 1, 7, 6, 6, 3, 6, 6, 7, 4, 4, 2, 6, 7, 3, 5, 7, 4, 4, 1, 3, 5, 4, 1, 7, 6, 5, 4, 4, 7, 4, 5, 7, 2, 4, 7, 6, 6, 1, 7, 7, 2, 5, 7, 4, 7, 1, 6, 6, 7, 2, 3, 4, 1, 7, 4, 7, 7, 7, 6, 7, 5, 7, 7, 7, 7, 6, 4, 5, 6, 7, 2, 3, 7, 7, 7, 7, 7, 7, 7, 7, 5, 1, 5, 7, 6, 7, 7, 7, 7, 7, 7, 4, 6, 6, 3, 5, 7, 4, 3, 1, 7, 7, 4, 7, 7, 1, 5, 7, 6, 7, 6, 4, 6, 1, 7, 7, 6, 7, 2, 4, 7, 6, 6, 4, 3, 2, 7, 6, 7, 7, 6, 6, 3, 3, 2, 6, 6, 6, 7, 6, 7, 7, 7, 2, 6, 4, 6, 7, 6, 1, 7, 5, 3, 3, 6, 6, 1, 2, 1, 6, 7, 6, 7, 7, 7, 3, 5, 5, 1, 4, 6, 7, 7, 6, 7, 3, 1, 3, 7, 2, 2, 1, 6, 5, 7, 6, 2, 6, 4, 2, 7, 4, 4, 4, 6, 4, 3, 4, 5, 7, 2, 4, 4, 4, 3, 2, 4, 4, 2, 3, 3, 1, 1, 7, 6, 1, 7, 4, 6, 7, 3, 3, 7, 6, 2, 4, 5, 7, 7, 6, 1, 6, 7, 2, 3, 7, 4, 7, 7, 1, 7, 6, 5, 3, 1, 4, 7, 1, 1, 1, 4, 3, 7, 2, 7, 5, 6, 4, 7, 7, 2, 1, 3, 2, 7, 4, 5, 4, 2, 5, 7, 3, 7, 5, 1, 1, 5, 5, 5, 6, 2, 6, 7, 7, 2, 5, 4, 5, 1, 7, 3, 3, 2, 3, 2, 7, 6, 1, 6, 5, 6, 7, 3, 7, 6, 1, 1, 1, 7, 1, 7, 3, 1, 1, 6, 6, 5, 3, 5, 4, 7, 3, 2, 2, 6, 1, 7, 7, 1, 5, 2, 4, 2, 7, 7, 2, 6, 1, 6, 4, 6, 1, 4, 2, 5, 4, 6, 6, 6, 1, 6, 3, 5, 5, 1, 1, 3, 7, 6, 7, 7, 3, 6, 2, 4, 6, 4, 6, 3, 1, 3, 7, 6, 2, 7, 2, 3, 7, 3, 4, 2, 7, 7, 5, 5, 2, 3, 4, 5, 6, 5, 1, 7, 3, 7, 5, 7, 1, 2, 7, 6, 7, 2, 7, 2, 3, 1, 3, 7, 6, 2, 2, 1, 7, 4, 5, 7, 4, 7, 7, 7, 6, 5, 7, 5, 7, 7, 1, 6, 6, 6, 3, 5, 2, 6, 1, 6, 7, 6, 7, 7, 3, 1, 7, 3, 2, 7, 6, 6, 7, 7, 6, 4, 3, 5, 7, 7, 7, 6, 6, 7, 6, 7, 6, 7, 3, 3, 6, 7, 7, 7, 7, 7, 6, 5, 3, 4, 4, 6, 6, 1, 7, 7, 7, 7, 6, 7, 4, 3, 6, 6, 7, 6, 1, 1, 1, 7, 7, 5, 7, 5, 5, 1, 6, 5, 6, 6, 6, 4, 5, 2, 3, 2, 7, 7, 3, 6, 1, 7, 1, 6, 6, 6, 2, 6, 2, 1, 6, 7, 6, 1, 2, 2, 3, 6, 7, 6, 7, 7, 2, 6, 7, 4, 7, 6, 1, 6, 7, 6, 5, 2, 7, 7, 6, 1, 1, 2, 2, 6, 6, 7, 2, 3, 7, 6, 7, 2, 6, 6, 5, 6, 7, 1, 7, 3, 6, 6, 3, 1, 3, 3, 1, 1, 7, 6, 7, 1, 7, 6, 4, 4, 1, 6, 7, 6, 7, 7, 7, 6, 6, 7, 1, 1, 3, 3, 1, 7, 7, 7, 1, 6, 6, 2, 4, 4, 2, 7, 5, 6, 6, 4, 7, 6, 7, 7, 7, 5, 2, 7, 7, 7, 1, 6, 3, 1, 3, 7, 7, 6, 6, 7, 6, 3, 1, 4, 5, 7, 6, 7, 3, 7, 6, 6, 6, 7, 6, 7, 5, 4, 7, 2, 6, 6, 7, 7, 5, 1, 4, 1, 4, 6, 7, 7, 7, 7, 6, 4, 1, 6, 1, 7, 7, 1, 7, 7, 6, 4, 3, 6, 1, 7, 4, 7, 6, 6, 1, 2, 7, 1, 6, 4, 3, 6, 6]
10, 4, [2383.91666666667, 47796.7206257445, 43141.1071628308, 28.8214640861051], [1, 7, 3, 4, 5, 6, 7, 3, 3, 3, 3, 3, 3, 3, 3, 3, 3, 3, 3, 3, 3, 3, 3, 3, 3, 3, 3, 3, 3, 3, 3, 3, 3, 3, 3, 3, 3, 3, 3, 3, 3, 3, 3, 3, 3, 4, 3, 3, 3, 3, 3, 3, 3, 3, 3, 3, 3, 3, 3, 3, 3, 3, 3, 3, 3, 3, 3, 3, 3, 3, 3, 3, 3, 3, 3, 3, 3, 3, 3, 3, 3, 3, 3, 3, 3, 3, 3, 3, 3, 3, 3, 3, 3, 3, 3, 3, 3, 3, 3, 3, 3, 3, 3, 3, 3, 3, 3, 3, 3, 3, 6, 3, 3, 3, 3, 3, 3, 6, 6, 3, 3, 3, 3, 3, 3, 3, 6, 7, 3, 3, 3, 3, 6, 3, 3, 3, 3, 6, 7, 6, 3, 3, 3, 6, 6, 3, 3, 3, 3, 7, 3, 7, 3, 3, 3, 3, 3, 3, 6, 3, 3, 3, 3, 3, 3, 7, 7, 3, 3, 3, 3, 3, 3, 7, 6, 3, 3, 3, 3, 3, 3, 3, 3, 7, 3, 3, 3, 3, 3, 3, 3, 3, 3, 3, 3, 3, 3, 3, 3, 6, 6, 3, 3, 3, 3, 3, 3, 3, 3, 7, 6, 3, 3, 3, 3, 3, 3, 3, 3, 7, 3, 3, 3, 3, 3, 3, 3, 3, 3, 3, 3, 3, 3, 3, 3, 3, 3, 3, 3, 7, 3, 3, 3, 3, 3, 3, 3, 3, 3, 3, 3, 3, 3, 3, 3, 3, 3, 3, 3, 3, 3, 3, 3, 3, 3, 3, 3, 3, 3, 3, 3, 3, 3, 3, 3, 3, 7, 3, 3, 3, 3, 3, 3, 3, 3, 6, 3, 3, 3, 3, 1, 3, 3, 3, 3, 3, 3, 3, 3, 3, 3, 3, 3, 6, 3, 3, 3, 3, 3, 3, 3, 3, 3, 6, 3, 3, 3, 3, 2, 3, 3, 3, 3, 6, 3, 3, 3, 3, 3, 3, 3, 3, 3, 3, 3, 7, 3, 6, 3, 3, 3, 3, 3, 3, 3, 3, 3, 3, 3, 3, 3, 3, 3, 7, 3, 3, 3, 3, 3, 3, 3, 3, 3, 3, 3, 3, 3, 3, 6, 3, 3, 3, 3, 3, 3, 3, 3, 3, 3, 3, 3, 3, 6, 3, 3, 3, 3, 3, 3, 3, 3, 3, 3, 3, 6, 3, 3, 3, 3, 3, 3, 3, 3, 3, 3, 3, 6, 3, 3, 3, 3, 3, 3, 3, 3, 3, 3, 3, 3, 7, 3, 3, 7, 3, 3, 3, 3, 3, 3, 3, 3, 3, 3, 3, 3, 3, 7, 3, 3, 3, 3, 3, 3, 3, 3, 3, 3, 3, 3, 3, 3, 3, 3, 3, 3, 1, 3, 3, 3, 5, 3, 3, 3, 3, 7, 3, 3, 3, 3, 3, 3, 3, 3, 3, 3, 3, 3, 3, 3, 3, 3, 3, 3, 3, 3, 3, 3, 3, 3, 3, 3, 3, 3, 3, 3, 7, 3, 3, 3, 3, 2, 3, 3, 3, 3, 3, 7, 3, 3, 3, 6, 3, 3, 3, 3, 3, 3, 7, 3, 3, 3, 6, 3, 3, 3, 3, 3, 3, 3, 3, 3, 6, 3, 3, 3, 3, 3, 3, 3, 6, 6, 3, 3, 3, 3, 3, 3, 3, 3, 3, 6, 3, 3, 6, 3, 3, 3, 3, 3, 3, 3, 6, 6, 3, 3, 3, 3, 3, 3, 3, 3, 3, 7, 6, 6, 3, 6, 3, 3, 3, 7, 3, 3, 3, 6, 6, 6, 3, 3, 3, 3, 7, 3, 7, 3, 6, 3, 3, 3, 6, 7, 7, 7, 6, 3, 3, 6, 6, 3, 3, 7, 7, 7, 7, 7, 7, 6, 6, 3, 3, 2, 3, 6, 7, 7, 3, 7, 7, 7, 3, 6, 6, 3, 3, 6, 3, 3, 2, 7, 3, 3, 7, 7, 3, 3, 6, 6, 6, 6, 3, 3, 3, 7, 7, 6, 7, 3, 3, 3, 6, 6, 3, 3, 3, 7, 3, 6, 3, 3, 3, 3, 3, 3, 6, 6, 6, 7, 3, 7, 7, 7, 3, 3, 3, 6, 6, 6, 3, 7, 3, 3, 3, 3, 3, 3, 3, 3, 6, 6, 6, 7, 3, 3, 3, 3, 3, 3, 3, 3, 6, 6, 6, 7, 3, 3, 3, 3, 3, 3, 3, 3, 3, 6, 6, 3, 3, 3, 3, 6, 3, 3, 3, 3, 3, 3, 3, 3, 3, 3, 3, 3, 3, 3, 3, 3, 3, 3, 3, 3, 3, 3, 3, 3, 3, 3, 3, 3, 7, 3, 3, 3, 3, 3, 3, 3, 7, 7, 3, 3, 3, 3, 3, 3, 3, 3, 7, 7, 3, 3, 6, 3, 3, 3, 3, 3, 3, 3, 3, 3, 3, 7, 3, 3, 3, 3, 3, 7, 7, 3, 3, 3, 3, 3, 3, 5, 4, 2, 5, 7, 3, 7, 5, 1, 1, 5, 5, 5, 6, 2, 6, 7, 7, 2, 5, 4, 5, 1, 7, 3, 3, 2, 3, 2, 7, 6, 1, 6, 5, 6, 7, 3, 7, 6, 1, 1, 1, 7, 1, 7, 3, 1, 1, 6, 6, 5, 3, 5, 4, 7, 3, 2, 2, 6, 1, 7, 7, 1, 5, 2, 4, 2, 7, 7, 2, 6, 1, 6, 4, 6, 1, 4, 2, 5, 4, 6, 6, 6, 1, 6, 3, 5, 5, 1, 1, 3, 7, 6, 7, 7, 3, 6, 2, 4, 6, 4, 6, 3, 1, 3, 7, 6, 2, 7, 2, 3, 7, 3, 4, 2, 7, 7, 5, 5, 2, 3, 4, 5, 6, 5, 1, 7, 3, 7, 5, 7, 1, 2, 7, 6, 7, 2, 7, 2, 3, 1, 3, 7, 6, 2, 2, 1, 7, 4, 5, 7, 4, 7, 7, 7, 6, 5, 7, 5, 7, 7, 1, 6, 6, 6, 3, 5, 2, 6, 1, 6, 7, 6, 7, 7, 3, 1, 7, 3, 2, 7, 6, 6, 7, 7, 6, 4, 3, 5, 7, 7, 7, 6, 6, 7, 6, 7, 6, 7, 3, 3, 6, 7, 7, 7, 7, 7, 6, 5, 3, 4, 4, 6, 6, 1, 7, 7, 7, 7, 6, 7, 4, 3, 6, 6, 7, 6, 1, 1, 1, 7, 7, 5, 7, 5, 5, 1, 6, 5, 6, 6, 6, 4, 5, 2, 3, 2, 7, 7, 3, 6, 1, 7, 1, 6, 6, 6, 2, 6, 2, 1, 6, 7, 6, 1, 2, 2, 3, 6, 7, 6, 7, 7, 2, 6, 7, 4, 7, 6, 1, 6, 7, 6, 5, 2, 7, 7, 6, 1, 1, 2, 2, 6, 6, 7, 2, 3, 7, 6, 7, 2, 6, 6, 5, 6, 7, 1, 7, 3, 6, 6, 3, 1, 3, 3, 1, 1, 7, 6, 7, 1, 7, 6, 4, 4, 1, 6, 7, 6, 7, 7, 7, 6, 6, 7, 1, 1, 5, 3, 6, 7, 7, 7, 1, 6, 7, 2, 4, 4, 2, 7, 5, 6, 6, 4, 7, 6, 7, 7, 7, 5, 2, 7, 7, 7, 1, 6, 3, 1, 3, 7, 7, 6, 6, 7, 6, 3, 1, 4, 5, 7, 6, 7, 3, 7, 6, 6, 6, 7, 3, 7, 5, 4, 7, 2, 6, 6, 7, 7, 5, 1, 4, 1, 4, 6, 7, 7, 7, 7, 6, 4, 1, 6, 1, 7, 7, 1, 7, 7, 6, 4, 3, 6, 1, 7, 4, 7, 6, 6, 1, 2, 7, 1, 6, 4, 3, 6, 6]
